score,content
5,mantap
1,aplikasi tidak mutu masa baru buka sdh keluar sendri
5,ok
1,Aplikasi SANGAT Pro
1,selalu gagal cek efrin
1,aplikasi sampah gak bisa di gunain sama sekali👎👎👎👎👎
1,aplikasi gak berguna
1,awas ini aplikasi Phising
1,aplikasi ampas
1,trus gmn klo lupa password dan nomor HP nya ganti yg lm udah ilang
1,tidak bisa berkata-kata
1,"menyulitkan pengguna, tidak efisien! mohon ditingkatkan lagi!!"
2,"emg bagus sih, tpi knpa sudah verifikasi email, setelah 1 bulan email rubah sendiri dan harus ke kantor lgi untuk verifikasi email kembali, klo begitu kn cape bolak blik ke kantor untuk perbaikan email."
5,semoga kedepannya lebih baik lagi
1,gua login gagal trsss!!!!!
1,gak bisa log in
1,"aplikasi masih cacat, susah dapat kode verifikasi. form formulir tidak update, padahal NPWP sudah 16 digit tapi dalam aplikasi hanya bisa mengisi 15 digit nomor NPWP. ini berarti sistem nya tidak berjalan sesuai dengan ketentuan dan kebutuhan wajib pajak dan malah merugikan/menyusahkan para wajib pajak. bahkan karena hal tersebut, para wajib pajak tidak bisa melakukan registrasi EFIN"
1,parahhhhhhh bener bener parahhhhh 😂😂
1,"server gangguan terus,lemot,kebanyakan di korup"
1,cuma biar bisa dapat efin aja sangat dipersulit. 👎
1,cara daftarnya gimna
4,lapor SPT bisa di sini ga?
1,"apk sangat buruk , untuk ngebenerin EFIN aja susahnya minta ampun udah verifikasi via email,via telpon tetetp aja susah, potongan pajak gede bener"
1,"parah, verifynya sampe 4x gagal terus dan sampai skrg malas lanjut."
1,kayak gini bayar pajak rutin pelayanannya ga becuss gak becus bangdt kerja
2,"bingung, fiturnya kog gk lengkap yaa, jadi telat lapor pajak"
5,Mantap sekali dan sangat membantu
1,setelah diupdate malah susah/selalu gagal login
1,"sumpah rata rata aplikasi pemerintah itu banyak yg tidak jelas, instruksi tutorial sama systemnya kagak danta, kalau mau pakai system online semua tutorial instruksi dll, nya buat sedetail mungkin dan jangan setengah setengah"
1,YANG NGASIH BINTANG 5 FIX DIBAYAR. APLIKASI AMPAS
5,sebagai warga negara Indonesia yang baik kita harus lapor pajak tahunan ...😊
1,"aplikasinya belum siap digunakan, mau buat spt tahunan saja tidak ada menunya, mau cek laporan spt sebelumnya juga tidak ada, proses aktivasi sangat ribet, apa pembuatan aplikasi ini juga dikorupsi?"
1,bad
1,"Pengajuan EFIN cuma bisa masukin 15 digit NPWP, sedangkan saat ini NPWP sudah 16 digit. Mohon diperbaiki laa ya, sekelas aplikasi milik pemerintah masa gini amat"
5,bagi yg lupa efin..dan lupa pasword.bisa banget lewat ini.
1,"Aplikasi sampah, sudah pernah daftar online, pakai data yang sama selalu gagal log in, alasan nomer tidak sesuai, error atau apalah. Salah satu tutorial mempersulit hidup, yaitu aplikasi ini."
1,"Masyarakat disuruh lapor pajak, tapi sistemnya sangat nggak bermutu masa upload SPT selalu gagal dgn keterangan ""NPWP HARUS SAMA"" dan ""NAMA FILE HARUS SAMA"" padahal sudah sesuai instrukturnya giliran masyarakat gak lapor, kena denda 👎"
1,"serba ribet, lupa password minta efin, urus efin diverifikasinya GK kelar2, bikin kesel!!!"
1,Membuat susah untuk login.
5,gimana cara daftar baru di DJP online dengan nomor pajak yang sama dengan nomor KTP..??
1,"harapan kami agar proses permintaan efin dipermudah dan responsif, jangan hanya mau pajak kami saja tetapi harus ada balance dari negara."
1,"sangat tidak membantu, bukn memepermudah malah bikin pusing astaghfirullah banget..."
5,ok banget
1,apk ancur parah...uang nya di korup mulu jadi bikin apk nya juga gak tuntas
4,Semoga bermanfaat bagi orang kecil sepeeri saya dan mudah dipmengerti cara penginputan dan menggunakan bahasa yg mudah dipahami oleh masyarakat kecil baik umkm/usaha kecil minim
5,aplikasi yang sangat membantu
1,mau login tapi gk dapat nomor verifikasi.. padahal udah coba berkali kali... klw masi gk bisa jg gosah lah lapor SPPT jdi maless
1,"dari segi pelayanan buruk, untuk pembuatannya sangat tidak mudah."
1,"gimana orang mau taat pajak, mau daftar aja susahnya minta ampun. Itu juga daftarnya udah online, gimna kalo daftar ofline??. Hadeh rusak instansi pemerintahan dengan pelayanan bintang 1."
1,website rusak tidak membantu sama sekali
1,"login aja ribet, aktivasi segala macem udah, mau lapor pajak aja dibikin ribet heran"
1,buruk sekali sangat buruk aplikasi nya jgn mau instal
5,bagus sangat membantu
1,"aplikasi gak guna, mao login eror terus, di link juga eror terus.. payah mao lapor pajak aja ribet.. saya cek banyak kritik di ratting tapi admin nya diem aja gak respon dan buat perubahan payah.."
1,jelek
5,mantap
1,aplikasi kaya 🐵 mau dapet kode verifikasi buat login DJP malah error' sial banget dah sistem perpajakan di wakanda
1,aplikasi ngga berguna
5,ok
1,aplikasi gak jelas mw log in saja susah verifikasi lewat email...kode gak masuk masuk....
1,pelayanan buruk mau ganti email katanya hubungi 1500200 tapi gak bisa terus mau laporan pajak pun di persulit mau minta efin aja susah
5,ok
1,"kocak gimana mau ngisi NPWP dengan benar kalo di batasi 15 digit , sedangkan no NPWP 16 digit, 👎👎👎👎😤"
5,good
1,mau lapor spt tahunan ngga ada pilihnanya kocak
1,"aplikasi busuk banget, lemott kayak yang bikin"
1,sampah bukannya efektif malah tambah lama
1,nggak bisa login. udah beberapa kali di coba
1,"aplikasi jelek , masa iya fitur lupa kata sandi tidak ad !!!"
1,pegawai pajak kerjanya apa? karyawan diminta laporan pajak sendiri
1,bikin NPWP di persulit
1,"aplikasi ga jelas, udah kirim kode otp lewat SMS atau email gamasuk2!!! gajelas!"
1,kurang pro aplikasinya
1,kode verifikasi dari email sudah bener tetap gak bisa.
1,"kalau aplikasi lambat, verivikasi lambat, percepat donk waktu sesi, jangan udah ngirim verivikasi lama, sampai - sampai klik lagi dan lagi.. perpanjang sedikit untuk sesi aplikasinya sekelas aplikasi pajak lambat dan interfacenya kaku banget."
5,keren si.... minta EFIN ga harus ke KPP
5,apk super mantap
1,aplikasi tidak membantu sama sekali mau cek nomor NPWP aja ribet minta ampun aplikasi ga guna
1,"min tolong upgrade apknya dong ini cuma mau ngecek efin gue masa yang bisa harus NPWP yang 15 digit aja min sedangkan NPWP gue 16 digit, gmn min tolong dijawab ya🙏🏻"
1,ini gimana aplikasi nya. cara lapor pajaknya aja ribet.
1,"Buat login aja susah banget,kenapa dibikin susah semua"
5,mantap
5,sangat baik
5,ok
1,"bagusin lgi apk nya , masa dari kemaren saya mau minta efin sesusah itu , salah nya di kota/kelurahan terus padehal ngisinya udh bener tapi salah trus dari kemaren"
5,Mantaap
1,ribet
5,Sangat baik aplikasinya
1,aplikasi macam apa ini ??? saya pingin chat tapi dibilangnya tidak ada koneksi internet.. lah app kocak emamgnya saya bisa buka aplikasi ini lewat doa kali ya.. gak heran semua aplikasi milik pemerintah selalu bikin geli
5,mitra pelaporan yg cerdas
1,ada aplikasi M-pajak sama DJP online.apasih bedanya.lupa efin sangat ruwet
1,"Tolong Yaaa PIC Pajakkk, Buat Aplikasi yang lebih baik lagi, soalnya yang versi ini ribet dan ruwet"
1,"susah banget, lewat app atau lewat web ga ada yang bener. orang mau bayar pajak aja di persulit, sebenernya keluhan masyarakat di dengerin ga sih?????."
5,Aplikasi yang sangat membantu
1,"mau bikin akun secara online macam mana?orang wajib pake NPWP sedangkan NPWP gak ada, sedangkan NPWP aja dapetnya di KPP. mau bikin akun aja ribet minta ampun"
1,Mau log in gak bisa2. Sesi berakhir terus. Ada hubungan sama kasus crotax kah ini? Heran mau ngasih duit aja susahnya minta ampun.
1,APLIKASI TOLOL
1,aplikasi pemerintah gada yg sat set
5,bagus
1,"apk apaan si ini , niat ga ? login gaada fitur lupa password, ngajuin efin gaada tombol lanjut pas bagian SMS / email , konyol"
1,apaan ini apk... bikin bening aja... lupa kata sandi nak efin lah apa lah... ngakak
1,"lupa sandi tetap minta efin, efin wajib ke kantor.... seribet ini kah rakyat menyetor uang ke negara"
1,buruk
1,apl ga jelas verifikasi SMS/email ga bisa di klik tolong yg jelas lah bikin apl kocak
1,"sama sekali tidak membantu ,udh download masa harus ke kantor pajak juga untuk ganti swafhoto ja mau bayar pajak aja susah ,"
5,manthaafff
1,"diminta kode verifikasi via sms, nomor udah bener, eh sms nya gak masuk2, udah berkali2 coba, APLIKASI SAMPAH"
5,"sangat membantu sekali, jika lupa password bis langsung kunjungi website djp online jaa"
1,Aplikasi pemerintah selalu bodoh
5,sangat membantu
5,terbaik
1,"udah ngemis ke masyarakat, masih aja di ribetin, pajak pajak capek tinggal di Indonesia."
5,Mantap Pelayanan Nya
1,"Disuruh login terlebih dahulu, tapi menu untuk daftar akunnya ngk ada, kaya apa mau loginnya wkwkk"
1,percuma aplikasinya udh ada efin tetap aja disuruh laporan spt tahunannya ke kantor pajak...
1,aplikasi GAK GUNA... sudah 2 hari di coba selalu eror.. buang2 anggaran negara.. mending di hapus aja ni aplikasi bodoh
1,"bisa gak bikin ide inovasi singkat gak ribet lapor pajak gak usah ribet2 amat,,contoh org bank sana masa gak bisa niru kalian atau kalian senang org bayar pajak ini di denda karna gak lapor pajak padahal uangnya mereka sudah kalian makan"
1,"aplikasinya cacat, pilihan verifikasi email/SMS nya ga muncul, tiba² di tolak karna email pada sistem tidak ditemukan. memang setiap aplikasi pemerintah gak bisa diandelin, anggaran doang gede."
1,"mau jadi warga taat aja susahnya, coy. udah masukin NPWP, password, error. pesan username dan password yang anda masukkan salah. padahal itu gak pernah berubah, ajukan Lupa Password gak bisa, balik lagi, balik lagi. Iki pie to, coy. padahal udah tanggal 24 maret, bentar lagi abis waktu pelaporan. mbok ya bikin aplikasi yang bener pak, duit rakyat kok disia-siakan dengan aplikasi sampah kayak gini."
3,ini untuk pengajuan efin dengan kode nomer 16 agka gabisa sedangkan di aplikasi hanya 15 angka
5,good job 👍
2,"awalnya lupa efin,terus udah dapet email efin,pas login ga bisa bisa aneh kali loh ini aplikasi"
1,"Lemot ,,,error"
1,"prefer bintang 0 sih, susah dapet verifikasi. malah disuruh dateng langsung ke kantornya, kalo jauh mau ngongkosin?"
1,APK SAMPAH
5,"apk sangat membantu,saya lupa efin langsung install apk terus gunakan apk alhamdulilah berhasil mendapatkan NO EFIN kembali."
1,"Binatang, udah susah makin susah,guna aplikasinya apa kalo gak bayak membatu."
1,kita yg mau bayar pajak kita juga yg repot negara macam apa ini semua serbah sulit..
1,orang nganggur sudah tidak kerja jgn suruh lapor pajak. apanya yg mau lapor kan sudah dilaporkan oleh perusahaan. ngapain minta perorangan lgi.
1,"Aplikasi rusak, sekelas aplikasi Negara seperti ini... wkwkwkkwk"
1,email tidak masuk
1,"aplikasi gabisa login padahal nik sm password udh benar, tolong di perbaiki sekelas pajak masak ga bisa perbaikan aplikasi buat pelayanan masyarakat"
1,"lupa no efin katanya bisa lewat aplikasi mpajak, tapi pas dicoba malah gak bisa slalu proses loading. pas coba uninstall aplikasi nya dan install ulang kira in udah bisa eh malah tulisan efin di bawahnya hilang 😌 ini aplikasi nge bug atau gimana yah?"
1,"sistem pajak sampai saya menulis ini sangat sangat menyusahkan dan tidak jelas, lambat, sering error, berulang kali mencoba namun tidak ada hasil dan hanya buang buang waktu, ujung ujungnya harus datang ke kantor pajak dan dipersulit"
1,"LAMBAT KALI PROSESNYA, RIBET"
1,memang untuk memperaulit Rakyat.. mau web ny aplikasi ny.. tiba2 nanti ada denda.. buat aja yang simpel dan mudah di mengerti rakyat..
1,"aplikasi tolol, login web login apk ujung""nya error"
3,oke
5,cukup
1,gajelas
1,ini aplikasi apa anj masa mau aktivasi pun di persulit
1,ribet dan ga mutu aplikasi plat merah
1,"Aplikasi buruk sekali sini mau bayar pajak susahnya minta ampun. Seharusnya pemerintah mempermudah orang yang mau bayar pajak bukan mempersulit. Sungguh pelayanan yang buruk sekali, mau pajak sulit giliran sudah pajak dikorupsi"
1,pembuangan budget negara aplikasi sampah
1,"SANGAT SANGAT PAYAH,KITA YG KERJA,KITA YG PUNYA DUIT.CUMAN MINTA LUPA EFIN AJA SUSAHNYA MINTA AMPUN."
1,Aplikasi tidak berjalan. Pake wifi pake data pake hostpot sudah dicoba. Capecape ngisi data malah ga kebaca. Buruk Sekali
5,"tolong di perbaiki coretax untuk berubah email dan pasword, karena tidak ada cetang di daftar kontak kami tidak bisa mendapatkan email. kami mohon segera di tindaklanjuti"
1,Sangat2 tidak memudahkan rakyat hanya mempersulit saja keterngan sistem kami eror. Apa indonesia sistemnya selalu eror???
1,"susah bngt daftarnya, tolong dong dipermudah cara daftarnya"
1,jelak sekali baru di buka keluar sendri
1,"mau coba lapor online, efin uda dapet tapi pas mau log in user dan pw salah,, padahal dr email.. apa ini hari minggu?"
1,"korupsi trus anggaran tuh, buat apk aja gak becuss"
1,aplikasi sampah error mulu emng gini aplikasi pemerintah
1,ribet
1,alangkah sia2nya uang negara untuk yg mengurus perpajakan ini
1,"semua komentar tidak beda jauh dengan yang lain, kalau memang belum bisa membuat aplikasi pelayanan masyarakat yang baik lebih baik ditutup saja aplikasinya."
1,Susah login Email verifikasi tdk masuk2
1,percuma bayar pajak klo dikorupsi
1,G guna
1,BIROKRASI BERBELIT. UJUNG UJUNGNYA DUIT PAJAKBUAT BELI RUBICON KENAPA HARUS RIBET!
1,membingungkan
2,"ribet ,susah mau login juga"
1,"kalo gak siap jangan bikin apk, buang2 anggaran"
5,bagus sekali bisa membantu pekerjaan meskipun tidak bawa laptop
1,Aplikasi tiada guna selain habisin duit pajak.
1,email tidak masuk masuk
5,Cek NPWP
1,gak beres
5,ketena ada nya aplikasi ini jadi semuanya lebih mudah
1,Tidak masuk aplikasi M-Pajak
1,"kita yang bayar pajak , kita jg yang pusing isi2 data dengan istilah singkatan2 tidak jelas"
1,aplikasi sampah
1,aplikasi tidak berguna
1,Dipersulit
1,"ga jelas aplikasinya, ga bisa penginian data"
1,aplikasi plat merah selalu bermasalah .
1,gak bisa dibuka di android
2,aplikasi yang susah diakses .... entah HP saya yang ga sesuai spek untuk aplikasi jni atau emang .... aplikasinya yg bukan ntuk orang kebanyakan... CHAT aja susah ...
1,"mau daftar NPWP kok gbs sih,malah lgsg di suruh masukin NPWP sedangkan masih mau daftar"
1,kalau ada bintang 0 kasih bintang 0 deh.. ga sopan banget tiba tiba ngehapusin data orang ambil HP ga tau malu ga punya adab karyawannya
1,"apk gak guna..., yg bikin apk siapa sih ini ..???? tolong belajar lagi...!!!! memalukan..."
5,bagus
1,"Sampahh buanget , ini cara cek nomer pajak skarang aja susahnya kaya cari dukun santet. gilaaaaa gilaaaaaa gimana ini website negri aja parah banget"
1,"bagaimana sih aplikasi udah lama berjalan masuk keagen aja lama banget, kita yang bayar kita di persulitkan"
1,payah
1,"katanya aplikasi pajak, tapi performanya tidak membantu sama sekali"
1,"database nya update saya sudah perubahan email sama ni hp di coretax,TPI disini belum update gak bisa login"
1,ga bisa masuk nya percuma dong ada aplikasi tapi ga bisa di gunakan huh jelek
1,"sumpah login aja membuat pasword baru malah salah terus, eror. update bukan mempermudah tapi kok mempersulit"
1,"banyak nge bug dan lemot, aplikasi GK guna"
5,mantap
1,"suruh masukin nomor npwp, padahal nik saya sudah jadi nomer npwp,, kalo yg daftar di waktu dulu sih ada nomer npwp nya,, kalo saya bikin di jaman sekarang ga pake nomer npwp melainkan memakai nik,, perbaiki dong sistemnya,,, mau lapor pajak aja di persulit"
1,jelek banget ga bisa loging
1,tidak berguna
1,"apk aneh,minta kode efin udh kelar jawabnya nomer handphone td valid ngisi form ajh gk ad no phone ko aneh sih"
1,"apk tidak membantu, situsnya eror terus"
1,Aplikasi sampah kebanyakan teori dan bela diri jika dikritik gak pernah merendah siap salah. Aplikasi milik pemerintah malah kalah sama Gojek atau Grab ini lemot minta ampun sampai muncul tanduk warna merah dikepala
1,"rugi ada apk ini,, untuk apa sebenarny??"
1,anggaran besar tapi aplikasi sama webnya sampah
1,Delay banget
1,ribet login nya
1,"hadeh mau laporan spt aja susah bngt, minta EFIN lewat aplikasi ada gangguan, lewat email ga ada balesan, lewat telfon ga terhubung, lewat live chat di oper sana oper sini umpan lanbung. mau ke kantor sabtu - minggu tutup."
5,Biarkan bintang yg berbicara
1,lagian heran pakek NPWP yg 15 digit sedangkan daftar NPWP pakek no nik yg 16 digit maksudnya bagaimana gak jelas
5,oke
1,"kita yg byar pajak pakai uang kita sndri mau lapor pajak aj susah e minta ampun,lucu konoha"
1,"gak guna, hanya dashboard biasa aja gak ada menu pelaporan"
1,"ga guna, ribet, aplikasi ga jelas"
1,Aplikasi tempek
1,aplikasi gak guna
1,tidak Bagus apk ini datanya Tidak Valid padahal datanya smua sudah sesuai ktp 😏
1,Sudah daftar akun mulai tahun kemarin bisa login lapor online ini malah di bilang pasword salah orang pasword di catat di baiki lah jangn jadi apk sampah jangan bisa minta bayar pajak aja depolever car ygi waras lah
2,Baik
1,tidak nyambung
5,selalu ok
5,sangat membantu banget untuk membuAt efin dengan mudah
1,"pajak ngambilin uang rakyat.... rakyat yg bayar pajak malah rakyat juga yg hrus lapor pajak... konsepnya gimana ini.. pajak THR potongnya gila""n gede bangt"
1,"Aplikasi m pajak tidak layak dipakai! Fitur pemulihan EFIN terus error meski jaringan stabil, chatbot tidak membantu, dan pengguna akhirnya tetap harus ke kantor pajak. Buat apa ada aplikasi kalau ujung-ujungnya tidak mempermudah? Hanya buang anggaran negara! Performa sangat memalukan untuk urusan sepentas pajak. Rating 1 bintang pun masih terlalu baik!"
1,"Aplikasi sampah, interface tidak berjalan, cuma habis habisin uang rakyat"
1,"Chat ke admin lama PAKE BANGET Masalah bayar pajak tepat waktu diburu buru kalau ngga denda 100.000, tapi masalah pelayanan masyarakat DI KORUPSI"
1,live chat sibuk muluu ampasss
1,"Aplikasi Busuk, Sampah, Ribet."
1,Knpa selalu gagal untuk mengunakan aplikasi ini
5,ok
1,gimana ini mau lapor spt kok ga ada kolom lapornya
1,buruk situs tidak dpat dijangkau..maksudnya apa coba
1,Ini aplikasi apa Cuma bisa ke menu utama live chat cuma launding parahh Ini aplikasi resmi atau bukan Hadehh padahal menunya sangat sederhana tapi saat di klik gak bisa di buka
1,"Bisa - bisanya pemerintah membuat aplikasi ga guna seperti ini, gimana mau maju negara ini kalo semua di persulit mau dptin efin aja susahnya minta ampun"
5,sangat membantu dan tidak ribet
1,Sulit buat daftar entah di aplikasi atau di situs nya
1,aplikasi ribet mau daftar akun aja pakai ribet
3,Verify nomer hp NPWP gak di kirim
1,Aplikasi ga berguna.tidak jelas menunya.
1,Jangan di Korupsi
1,Aplikasi tolol
1,mengecewakan
3,"servenya terus bermasalah, tolong di perbaiki."
1,Ga guna
5,oke
1,Aplikasi sia sia
1,Aplikasi tolol..
1,"Aplikasi ini tidak membantu sama sekali, anda akan diarahkan ke kantor pajak"
1,Tidak berguna
1,apk gak guna
1,Aplikasi gaguna.
1,"Proses pengiriman kode otp dan sejenisnya pada email atau nomor sms, tidak ontime."
1,"Verifikasi lewat email kode aja susah banget, lama proses ya."
1,"Masa aplikasi sekelas pemerintah, mau forgot password ngga ada optionnya. Mana chat live error mulu"
1,"ini aplikasi gunanya buat apa jika mau login harus punya efin,sedangkan mau punya efin di persulit tidak bisa lewat online,kalau harus datang ke kantor ngapain di bikin aplikasinya,jdi gk guna,tolong untuk pembuatan efin di permudah supaya bisa lewat efin"
1,Ribetttttt
5,"Lumayan bagus, tapi bagaimana cara kirim kartu npwp ke email ya ?"
1,Aplikasi gak berguna
1,hapus saja fitur live chat tdk bisa digunakan
5,Jadi mudah
1,Menyusahkan Mau cari pengaturan saja susah mau ganti alamat email saja susah
4,Mudahan lancar
1,menu tidak muncul
5,"Cukup membantu, Saya lupa EFIN dan bisa di urus lewat aplikasi ini, caranya mudah & prosesnya cepat, makasih🙏🏼"
1,"NPWP 16 angka kok cuma bisa input 15, GA JELAS"
1,mau kasih dana buat lu korupsi aja susah banget
1,Aplikasi gak guna!! Gini negara mau maju darimana?? Pajak aja di gedein tapi pelayanan ruwet! Pengen lapor lewat online biar hemat waktu tapi malah muter-muter aja kayak kentut!
1,APLIKASI TUKANG TIPU
1,"Bagaimana cara lapor pajak dari apk ini? Saya login di web tidak bisa, tulisannya : alamat email sudah dipakai pengguna lain (ia kan saya yg pakai!!!) Mau lapor dari Mpajak gak ada pilihannya, jangan dipersulitlah!!!!"
1,"banyak fitur yang tidak dapat di akses, mohon segera di perbaiki"
1,Waduh nunggu verifikasi kagak masuk masuk kocak 🤣
1,"Nyushain udah di pajak, suruh lapor terus orang pajak kerjanya apa korupsi? Udah menunya nyulitin lagi cari lapor ga ada aplikasi payah..."
1,kurang membantu di persulit
1,"1,2 Triliun kaya gini hasilnya?"
5,Susah masuk nya
1,"udh isi pulsa, sebelum tiap mau ngomong sma CS disuruh tekan angka 0 tiba"" bot ngucapin makasih dan dimatiin, gila segitunya kah ngambil duit RAKYAT, giliran TELAT di denda, konyol,."
1,malah lebih lengkap di website? niat bikin gak sih
1,"Download karena lupa efin, tapi akhirnya harus email juga"
4,ok
1,Negara aneh... Pajak kita sudah dibayar perusahaan harus kita lagi yang lapor. Udah itu kita mau lapor berbelit-belit. Ntah kapan lah Indonesia maju?
1,kocak. kirim kode otp nya lama banget
5,Jos mantab
1,"Aplikasi nya sungguh buruk, mau aktivasi efin pun dipersulit. Update : yang susah dapat verifikasi dari email, lebih baik verifikasi lewat sms saja, tapi sebelumnya harus punya pulsa yaaa karena dipotong pulsa"
1,Kita yang bayar kok kita yang ribet 😞
2,"Nomor NPWP saya 16 angka, tapi dikolom pembuatan EFIN terdiri dari 15 angka. Kurang 1 angka. Solusinya dong"
1,Aplikasinya tidak ada untuk pelaporan pajak..dan tdk bisa mengunduh A1
2,nunggu no untuk verifikasi ke inbox email lama sehingga ketika kembali ke tab di hp aplikasi m pajaknya suka keluar sendiri.. dan ketika no sudah masuk ke email buka tab baru lagi dan otomatis minta no verifikasi dan no yg ada di email gak bisa di gunakan..gitu dan gitu terus ini😇😇
1,mau LOGIN AJA susah banget GAJELAS. mau WEB mau APK GAJELAS
1,"Aplikasi lemot, Fitur chat pajak yang merespon hanya bot, Ketika ingin terhubung hanya menerima notif bahwa kendala jaringan sedangkan normal, Kendala dari kalian dan aplikasi kalian itu"
5,Gak sampe 5 menit dapet Efin
1,busuk
1,Jelek pak sumpah
5,Bgus
1,Aplikasi yang ruwet dan bulet
1,Sudah id pw nya bnerr gak bisa masukk
1,"Aplikasi ampass!!! Live chat lemot, kode verif lemot, Disamperin ke kantor sok pake web tapi isinya nol!!"
1,"APLIKASI SAMPAH, LOGIN AJA SUSAH APALAGI MAU BAYAR"
1,"Mau minta kode EFIN aja di persulit, emang kenya aplikasi nya di korup nih, apa udah nunggu lama2, pas udah keluar dari aplikasi nya, dia baru kirim kode otp Yo telat to pak bossss, jin*"
1,Lebih rumit
1,Ga bisa dihubungi 1500200
2,"Mau bikin surat setoran pajak gak bisa di klik, terus gimana caranya dapat E Billing"
2,Otp lama
1,"Aplikasi andalan Direktorat jendral pajak. Kalo belum siap di era digital mending jangan buat aplikasi, Manualkan aja. bikin aplikasi malah bikin susah masyarakat"
5,Baik lanjar
1,Verifikasi OTP tidak dikirim baik via email dan SMS. Sangat tidak membantu
1,"Ini bukan aplikasi, cuma semacam bookmark yang terkonek ke browser. Buset mengelola dana kami segitu besar, cuma dibikinin aplikasi useless"
1,Pada aplikasi ini tidak ada opsi untuk mengakses live chat & lupa EFIN yang saya pun tidak mengerti kenapa
1,Gajelas
1,Gimana sih web nya buat npwp online semua data sudah di isi dengan benar masih di bilang data pekerjaan belum terisi
1,"Beberapa bulan saat mau bayar pajak tidak bisa, selalu tertulis undefined. Mulai dari awal tahun kemarin. Tahun sblumnya masih aman2 aja. Tp smpai skrng tdk ada perbaikan."
1,Kirain aplikasinya bisa buat daftar npwp ternyata tidak
1,Apakah tidak ada cara yang lebih mudah untuk melaporkan pajak secara online? Alur lapor pajak sangat sulit dipahami oleh orang awam seperti saya
1,Aplikasi proyek korupsi
5,Jelek darimananya? Perasaan bagus² aja dan pengiriman kodenya juga cepat.
1,Verivikasi email gak di kirim2
1,"Fiturnya terlihat canggih tapi tidak bisa akses, eror"
1,"mau wajib pajak tapi di persulit aplikasi yang tidak bisa di gunakan, sisihkan lah uang pajak untuk pengembangan aplikasi ini"
1,Begini EMG KLO layanan plat merah...
1,verifikasi lama masuk ya .bbyk yg perlu di perbaiki
1,Merepotkan
2,"Aplikasinya kok tidak sama dengan aplikasi DJP online, lebih bagus pakai aplikasi DJP online dari pada pakai aplikasi m-pajak ini.."
1,Awas ri ati2
2,Jelek egk bisa masuk terus. Menghabiskan anggaran negara saya buat apk ini
1,Mau cek npwp yg hilang aja susah muter muter sangat tidak membantu
5,"aku baru saja mengintal aplikasi ini m-pajak dan berjalan dengan sanggat lancar tanpa ada kendala apapun atau terjadi yg tidak diingin kan seperti halnya ngebug , macet , eror ,dan lain sebagainya khususnya di wilayah sampit, Kalimantan Tengah dan untuk survei kali ini aku sangat puas dengan hasilnya☺️ untuk teman2 pastikan hp teman2 dalam kondisi normal jika terdapat sampah atau file apk yg tidak berguna segera di hapus jika tidak ini akan menghambat kondisi hp dan jaringan yg tidak stabil."
5,"Minta maaf sebelumnya Kak Admin atas bintangnya. Bagaimana ya? Saya ingin tahu kode Efin saya. Semua prosedur dilakukan dengan benar dan ada pemberitahuan bahwa kode Efin sudah dikirim ke e-mail, tapi saat email dilihat sama sekali tidak ada. Tolong apk diperbaiki lagi. Bintangnya akan saya tambah jika apk nya benar-benar membantu. Terima kasih 🙏 #Edit MasyaAllah. Keluhan saya sepertinya diterima karena email yg ditunggu sudah datang. Jadi sesuai janji, saya beri bintang 5 Terima kasih Admin."
1,Aplikasi gag mutu Tolong ya klo lupa email Seharusnya bisa ganti dengan verifikasi ktp dan wajah. Beres kan Ribet amat. Bayar pajak dipersulit Aplikasi pajak kalah sama aplikasi pinjol
5,Good
1,"Sistem yang buruk, sulit saat verifikasi , padahal kita baik loh mau bayar pajak malah dipersulit, saya juga merasa kurang manfaat dari pajak yang saya berikan"
1,Mengecewakan sekali aplikasi dari pemerintah!!!! Apa begini hasil kerja dari orang-orang dibalik aplikasi M-pajak?
1,Kenapa gak ada pilihan lain buat ganti sandi sedangkan kita gak bisa masuk klo gak ada bantuan lupa sandi klo gini terus mending tutup aja dah malas..
1,"Banyak bug nya, disuruh milih kode autentikasi ngga ada tombol nya"
1,"Aplikasi payah... Ga guna, masa ga bisa login, selalu salah nik. Aneh bener."
1,"Susah untuk login aplikasi, tolong di benahi.. terimakasih"
1,"Mau login susah nya minta ampun. Kode verifikasi via email gak nongol2. Pas emailnya masuk, apps nya ngereset mulai dri awal, jdi ngirim kode lagi. Gtu aja terus sampe 2045"
1,Mau daftar aja susah
1,"abis install ini tiba-tiba data email dan nomor hp berubah, hati-hati gak beres aplikasi ini."
1,"mau masuk akun tidak bisa,tidak ada pilihan LUPA PASWORD. mau lapor aja dipersulit,makanya males lapor tiap tahun. setiap tahun dibuat emosi sama aplikasi."
1,Applikasi buruk server nya error ae saat pengajuan efin karena lupa password Apa yang mau dibanggakan pajak gede service kurang ke masyarakat
1,"Ini mreka ngapain sih? Katanya mau d buat era digital, tp live chat aja g ada yg on. D keterangan ada setiap hari kerja jam 8 udah start. Tp nyatanya nihil. Malas yg ter organisir. Ngrusak fasilitas publik. Uda d pajakin, d persulit."
1,"gak guna mau laporan aja susah,klau org nyuruh laporan pajak tingkatkan dlu sistemnya"
1,Uang2 kita kenapa yang mengurus laporan kita juga
1,Ngapa ini ya 🙂‍↕️
5,"Terima kasih, terbukti sangat membantu, tidak capek-capek ke kantor pajak🙏"
1,Aplikasi ini dimanfaatkan untuk penipuan saya sempat terjebak
1,"pajak buat negara kita mau lapor aja dipersulit saat mau verifikasi, ya Allah gini amat ya Indonesia"
1,"Aplikasinya bagus banget, chat live susah banget buat nyambung ke agen. Lewat web browser djp online pun sama, sekarang kok gabisa ubah email lama? Tidak tersedia juga penghapusan akun djp online"
1,"Layanan live chat ga berpungsi sama sekali,"
1,"Lag parah, masa minta efin, codenya lama kali masuk, waktu Yang dikasih cuma 10menit tapi kodenya baru datang di menit 15"
1,"Aplikasi pemerintah memang gak punya kualitas, waktu limit kode verivikasi untuk EFIN 10 menit, tapi kodenya dikirim saat waktunya sudah habis. Memang agak lain aplikasi yang dimiliki pemerintah Indonesia ini"
1,Sistem sangat sangat buruk
1,gak berguna serius
1,"Tidak pilihan eform SPT 1771, Padahal tahun lalu ada. Jadi gak fungsi"
1,"Minta kode verifikasi, dikirim setelah kodenya ga berlaku lagi. Kocak sekali"
1,"ngirim otp lama, saran aja tambahi waktunya. di aplikasi 10 menit, nyata 2 hari baru masuk kode otp ke email 👎"
1,"woi admin ngirim kode verifikasi aja lama banget udah lewa email sms gabisa,kerjaan lu ngapain aja si dirjen pajak,apa mau nerima uangnya aja"
1,Aplikasi tertolol yang pernah ada😁
1,Aplikasi aneh... Udah berhasil ubah password... Masih gak bisa loginnn... Sampahh
1,"Kirim kode verifikasi lama bgt gk masuk2, giliran masuk udah kadaluarsa krn kelamaan. Gimana mau laporan pajak klo aplikasinya aja bermasalah"
1,Tidak bisa mengakses kalo lupa passwordnya
5,Cara pelaporan pajak pratama
1,"Ini pemerintah serius nggak sih bikin aplikasi, kita mau taat bayar pajak aja dipersulit."
5,Ok
1,"Sdah ada komentar yg negatif,nggak berbenah juga aplikasi, banyak yg bayar pajak aplikasi juga unfaedah!!! Ada yg sulit kenapa dipermudah,aplikasi dibuat dengan anggaran negara juga nggak bisa mempermudah"
1,"Ini aplikasi kaya gak ada yg operasikan,, Kalau kita live chat di luar jam kerja boot sistem suruh di jam kerja antara pukul 08:00 sampai 16:00 WIB. tapi saat kita chat di jam kerja malah eror terus. Kita sudah di potong gaji untuk bayar pajak tapi mau buat laporan SPT, rumit sekali. Tidak ada laporan kena denda, Hapus saja aplikasi ini Tidak bisa di gunakan."
1,"Minta kode Verifikasi buat loginnya minta ampun, loginya pagi kode verifikasinya masuk email malah magrib 😵."
1,"Di suruh laporan pajak on line tapi aplikas nya kayak telek , parah klu belum bagus mending ngak usah buat aplikasi ( di luncurkan ) 😡😡😡😡😡"
1,Tambah ribet aplikasinya
5,Cocok banget.......
1,Mudah untuk. Mengecek PBB stts
5,"Terima kasih, akhirnya pengajuan lupa EFIN saya terselesaikan tidak sampai 5 menit"
1,buat yg nomer npwp nya 16 digit ga guna apk nya ga bisa masuk
1,Ga guna bikin susah
1,Tiap Tahun harus lapor SPT. tapi giliran login mau masuk aja susahnya minta ampun.. dari pagi sampai sekarang ga bisa masuk...
1,"Ribet, memaksa dan pengancaman denda. Masyarakat yang dipungut pajak, masyarakat juga yang lapor, kan kocak. Harusnya masyarakat dipermudah untuk akses pembayaran dan petugas yang ngasih laporan ke masyarakat pajaknya dipotong berapa dan buat apa."
1,"Aplikasi nya gak berguna sumpah, orang mau lapor pajak ini chat online nya gak bisa !!!"
1,Lambat penanganan
1,Kenapa nggak bisa ngisi nomor NPWP secara lengkap jadinya susah masuk mau nyari effin
5,Hanya user yg gaptek yg maki² aplikasi ini.
1,"kenapa kalau aplikasi milik negara ada aja masalahnya, apa karna buat aplikasi ini anggarannya di korup juga ?"
1,"Sudah tahun 2025.kirain sudah bagus,masih aja error.bisa gak sih bikin aplikasi?banyak duit cari yg ahli.suruh bikin laporan SPT,ribetnya minta apun"
4,Okrh
1,Susah banget dapetin Efin mau lapor pajak ini
5,"Proses permohonan EFIN, semenit langsung jadi. Cepet sekali, tidak ada kendala apapun. 👍🏻"
1,ga peraturannya ga aplikasinya sama saja bikin
5,Terimakasih aplikasi sangat membantu kami
1,Ribet
1,Aplikasi paling bobrok seumur hidup yg pernah saya temui
1,"Susah amat bayar pajak ajgggg, mau bayar padahal kan kentoddd"
4,"Alhamdulillah sistem udah diperbaiki. Kemarin terkendala buat login masalah pengiriman otp sekarang sudah lancar, untung aja sebelum ke kantor kpp aku coba cek aplikasinya dan ternyata udah lancar"
1,"Kok minta kode efin aja lama,sudah lama nunggu malah eror,,jadi ulangi lagi Hadehhhhhh"
1,Gak bisa loginn
1,"sering error, pengujuan lupa efin error terus dan pelayanannya lama sekali. sesuatu yang harusnya mudah untuk diakses dan diselesaikan secara online malah harus dibuat secara offline. blm lagi offline antreannya selalu panjang padahal sudah datang dijam kantor baru buka. tolong permudah padahal mau lapor pajak, malah dipersulit"
5,Ya gitu
1,"mau heran tapi aplikasi bikinan negara udah pasti kek gini, aneh masa gaada perbaikan dari tahun lalu, pw udah bener nomer npwp/nik sudah benar kok masih gabisa login. apa apa kok harus ke kantor gunanya aplikasi ya biar lebih efisien"
1,"Disuruh lapor,tapi mau laporan susah harus ini itu.aplikasi lemot g jelas.terus kenapa harus kita yang laporan padahal gaji otomatis kepotong kenapa gak kalian aja laporan kemana larinya duit pajak"
1,Aplikasi tidak berguna. seakan seperti dibuat oleh anak nakal yang masuk jalur bayar/orang dalam.
1,Laporan spt tahunan gak bisa payah bgt apk ini jgn unduh j ya gak guna
1,"Sulit,"""
5,"Awalnya sempet takut lihat komentar-komentar, tapi ini tadi saya coba pelan2 langsung dapat kode verifikasi dan nomer efin langsung dikirim, intinya memang harus sabar, dan coba deh pas jam malam, soalnya ini saya nyoba sekitar jam setengah 12 malem, ya sapa tau memang bukan jam kerja, bisa cepet, selamat mencoba teman-teman semoga berhasil"
1,"Mau lapor aja, ribet"
1,Sulit bgt dpt efin. Padahal udah niat mau laporan malah di persulit
1,"Udah setahun lebih, ini aplikasi masih aja problem di bagian verifikasi pengecekan EFIN,( buka pake hp ga bisa di scroll gak bisa di apa apain jadinya stuck ga bisa minta verifikasi mau di kirim kemana) Gada niat buat benerin kah??"
1,"Pelayanan yg terlalu ribet dan ribet ,sistem nya gak baik dan gak bagus. Live chat jg gak membantu gak ada solusi. Mau taat pajak aj harus ribet Terlalu ber belit belit"
2,"Di aplikasi disebut efin sudah terkirim di email, tapi setelah di cek di email ng ada, mungkin lemot aja tapi udah ditunggu 1/2 hari blum juga masuk bagimana ini..."
5,Yang aku maah blm. Log in.
1,"Parah ini aplikasi, sudah bnyak yg mengeluhkan. Coba login lewat web jg salah trs eror, pdhal nik sm pswrd udah bener. Thn kmren lancar2 aja, knp skarng jd susah ribet gini. Halahhh"
1,"email otp tidak terkirim, bagaimana bisa login kalau kaya gitu"
1,Gak lapor di denda tapi lapor via aplikasi gabisa login via web eror gimana seh
1,"Aplikasi jelek, bikin akun ribet verivikasi 3 jam ga dapat otp apa apaan"
1,Aplikasi gak guna.. Mau laporan pajak nya susah dan ribet nya minta ampun
5,Mantap
1,Live chat lambat
1,"Susah banget bikin npwp. Bikin siang kode verif dari email munculnya malem, udah kadaluarsa ya percuma🙂‍↔️🙂‍↔️"
1,"Web coretaxdjp.pajak.go.id full hari ini lambat semua, dari penerimaan kode verifikasi yg waktu tunggu 10 menit bisa 30 menitan baru menerima notifikasi, kan keburu hilang kotak isian verifiksinya, disaat mau ajukan permohonan point 7 muncul pop up eror (http failure blablabla) beberapa kali, buat online bukanya mempermudah proses pembuatan npwp malah butuh waktu seharian di depan komputer. Ayo dong diperbaiki lagi websitenya supaya lebih cepat dalam pelayan ke semua kalangan yg membutuhkannya."
1,Ga jelas susah login
1,Aplikasi pelayanan publik ko lemotnya ampun...... Kalah cepet sama Aplikasi pinjol
1,"aplikasi lemotnya minta ampun,tolong ini cuma mau verifikasi email doang lama banget padahal udah bisa login...kok susah banget sih"
1,Apk loading mulu mulu kirim kode Verifikasi lama banget '_'
1,"Verifikasi code masuk nya lama,"
1,Mau mintak verifikasi efin aja sulit nya oiiii
1,Login kelamaan
1,"Aplikasi, tidak bisa login tidak efektif dan sangat menyusahkan"
1,"Kirim kode verifikasi mau berapa lama ini, buang2 waktu"
1,"Kualitas nya kurang banget. Saya minta kode verif untuk pengajuan efin, keterangan kode berhasil via email di kirim tapi di email blm ada."
1,"Gak pernah bener emang negara klo ngasih pelayanan, lemot lama susah"
1,Pajak yg sudah membebani harusnya tidak diperparah dg aplikasi yg seperti ini. Niat gak sih
1,aplikasi yg mempersulit orang dimana uang kita di potong tapi kita yg harus melaporkan uang yg dipotong pegawai pajak nya pada ngapain
1,"Pajak semakin tinggi tapi pelayanan akses untuk tertib pajak semakin buruk, dari MPajak, coretax busuk semua."
1,Aplikasi Lemot
1,"email kode verifikasi lambat masuk, saya buka aplikasi sore mau daftar akun sampai malam belum ada muncul kode verifikasi nya, pagi baru muncul kode verifikasi di email, bayar pajak telat di denda, tapi pelayanan lambat."
1,Aplikasi sampah. Apalagi coretax aduh. Banyak masalah. Ga dapet dapet kode verifikasi ke email atau SMS parah
1,"Parah... Aplikasi instansi pemerintahan tapi lelet bener mau mbuka.. ga bakal maju negara.. selalu sulit, mau laporan bayar pajak aja susah ,"
1,"Pengiriman kode verifikasi sangat lama, aplikasi udang ke restar ke menu awal baru masuk kodenya jdinya sia"""
1,"Bagi yang belum daftar NPWP sebaiknya jangan sekali-kali mendaftar, apalagi kalau cuma sekedar cari pekerjaan atau berharap gajian dari Facebook, nanti bakal terikat dengan wajib lapor SPT meskipun penghasilan zonk harus datang langsung ke kantor, APP dan websitenya sampah."
1,Udah ngirim ke email kode verifikasi masuknya lama melebihi batas waktu yg diberikan (pembuatan kode efin)
1,"Live chat sama mesin apa mesinnya tau yg dibutuhkan?? Seperti bicara sama dinding. Mau disambungkan ke petugasnya tapi tetap mesin yang jawab, sebenarnya paham gak sih live chat itu apa?? Jangan salahkan masyarakat menilai oknum kantor pajak itu jelek kalau pelayanannya seperti ini. Buruk sekali"
5,"semoga kedepan makin solid, dan mempermudah pengurusan."
4,Halo ka kenapa halaman wep tidak ada tampil tombol kirim di adroid versi xiomi hyper os ka
1,"Bikin aplikasi ini pasti anggarannya gede tapi fitur live chat gk guna, gak ada fitur lupa password, trus knp ada permintaan no npwp dan nik, kan no npwp sdh dirubah pke nik. Tolol emang, aplikasi buatan pemerintah memang gak bisa diandalkan"
1,"Kasih bintang satu saja,,, mo login nungguin kode verifikasi masuk di email dari semalam, nanti besok sore baru masuk itu email, giliran mo masuk ulang ke aplikasinya, kembali ke awal lagi, nunggu lagi kode nya,,,ah kenapa ribet ini aplikasi"
5,Mantap👍
1,Sudah dapat notif efin sudah dikirim ke email tdk ada email masuk. Aplikasi agak lemot
1,"Coretax yg website ribet banget, padahal mau setor uang ke negara, tapi dibikin ribet 😔"
1,Jelek
1,Buat apa aplikasi kalau ujung² nya harus ke kantor! Dasar...
1,Aplikasi busuk
3,"Kalo bisa di menu awal beranda setelah log in ,langsung terlihat total penerimaan pajak seluruh rakyat .dan itu selalu update secara sistem otomatis tiap ada pembayaran pajak masuk dr rakyat . Biar transparan !rakyat tau brapa sihh penerimaan pajak negara ini."
1,Penipuan dengan aplikasi ini saya hilang uang
1,Lemot server parah
1,Beberapa kali mencoba verifikasi tapi tidak masuk kodenya baik melalui email ataupun nomor hp
1,Rakyat udah dirampok masih juga ribet mau apa si
1,BAGUSAN CORETAX
1,aplikasi kolap .. sangat tidak membantu ...
1,"Serius banget M-pajak ini guna nya apa? Ini itu gak bisa. Mau ini eror itu eror terus bisanya apaa? di beberapa KPP tidak menyediakan nomor atau telegram yang bisa kita chat hanya mengandalkan live chat tapi mau ngetik aja katanya eror, kita nya juga lagi merantau ribet banget pokok nya!!"
1,Ngirim otp efin 24jam baru masuk ke email. Ga niat bkin aplikasi
3,Ini kenapa kirim code otp lama banget masuk ke Email
1,Telalu lama nungguin kode Verifikasi giliran masuk malah kode Verifikasinya tidak vail kalau bisah di percepat biar tidak lama nungguinnya
1,Aplikasi ngga ada gunanya
1,Kode efin ga di kirim2 parah bgt
1,Lupa Efin kode verifikasi ga masuk masuk ke Gmail/SMS hadeh
1,"Mau lapor SPT Ketunda melulu gara2 kode verifikasi terlambat masuk ke email, minta kode verifikasinya kemarin baru muncul hari ini, hadeuuh..😞😞😞"
1,"Mohon untuk membalas email lebih cepat, karena batas verifikasi 9menit sedangkan membalas email lebih dari 1 jam, pas kode verifikasi sudah masuk langsung kadaluarsa"
1,"Aplikasi gak guna, ribet, ngga ngebantu sama sekali, sosialisasi ngga ada, banyak angka yg perlu di masukkan, bener bener kalian kerja"
1,"Kode untuk aktivasi efin batasnya 10 menit, tapi baru dikirim ke email 3 jam setelah meminta kode. Tolong di perbaiki"
1,"Sangat memalukan aplikasi untuk negara seperti ini, bagaimana mau maju untuk verifikasi saja sulit harus ke kantor"
1,"Aplikasi kurang membantu , udah ku cek username sama sandinya bener kok , masih aja ada pemberitahuan salah terus ,,"
5,"Terima Kasih intinya harus sabar, saya nunggu seharian penuh trial eror terus sampai berhasil dari pagi sampai malam alhamdulillah jam 22.21 baru nerhasil mendapatkan efin."
1,"Apk kaga jelas Masa nunggu kode verifikasi Ampe Berjam"" baru dikirim Apk bikin susah kaga guna Disuruh lapor ,katanya kalo kaga lapor kena denda Mau lapor malah dibikin susah Najis banget"
1,Otp ga masuk-masuk ke email
1,"Kocak kirim otp aja ampe sejam ,,apk gak jelas perbaiki lah,apk Negara kan"
1,Pakai browser pakai aplikasi tetap sama tidak bisa kirim kode verifikasi server ke email dan ke sms tetap tidak ada... menunggu sampai kapai terkirim.. sudah dibuat laporannya ga bisa dikirim gara2 tidak ada verifikasi... pabaliut Verifikasi kode server.. Pajak buat siapa ayo...
1,Mau lapor pajak ajah susah nya
1,"Benerin servernya, apa mau korupsi lg?"
1,"Aplikasi engga jelas, kirim OTP aja harus lebih dari 4Jam"
2,"Gimna mau reting bagus, minta verifikasi kode aja lama bgt dikasih waktu 10mnt ga dikirim "", gini amat pelayanan publik"
1,Susah bener verifikasi lewat email. G masuk2. Alhasil ke kantor offline. Untuk apa ada aplikasi kalau bgini
5,Oke udah bisa minta efin Kalo mau minta kode verifikasi lewat sms aja cepet kalo email nunggu lama gak masuk masuk
1,"menurut saya aplikasi ini sama sekali tidak membantu, gw ngerasa kalo pemerintah emng ga niat buat upgrade deh, masih bertahan dengan sistem dan orang-orang lama. jaddiii menurutku sih ga usah berharap pemerintah bisa mengikuti jaman dengan baik hehe"
1,aplikasi kocak
1,Kirim kode verifikasi lama . Ajuin kapan di kirim nya kapan . Keburu udah ga valid tuh code. Di minta lagi lama lagi ngirimnya . Ga recomended sama sekali.
1,menyusahkan
1,"Kode token nya kelamaan di kirem ke email nya, 😏"
1,"Kode di kirim lewat email,, 12 jam bru di kirim,, sama sekali gak guna"
1,Apk sampah. Kita yang bayar pajak. Kita juga yang harus lapor. Dipersulit lagi mau lapor juga. Aneh negara ini.
1,Untuk kode perivikasinya lama banget... 2 jam kadang 6 jam... Yg lebih parah nya hampir 24 jam... Jadi otomatis kan kalo lama suka keluar sendiri dari aplikasinya.. Tolong lah. Di benerin lagi.
1,Aplikasi tolol hapus aja gak guna
1,Mohon Maaf saya kasi bintang 1 karna aplikasi nya sangat sangant slowrespon tolong di tingkat kan lagi aplikasi nya
1,"Mau lapor pajak aja susah di akses, mohon di benahi lagi dong kakak"", bapak"", ibuk"" Sekalian😴😴"
1,Tidak jelas
5,Mudah di akses
1,verifikasi spt tahunan di djp gak bisa ..giliran mau login app ya sama kode verifikasi gak ada ..app gak guna sekelas angaran 1.2 T kalah sama bikinan anak smk
1,"Aplikasi gak guna sumpah.. Para pejabat pajak buang uang cuma buat hal gak bisa dimanfaatkan.. Mereka cuma asal buat untuk menunjukkan indikator kinerja telah dilakukan, sudah berinovasi.. Tapi ndak ada manfaatnya sama sekali"
1,Jelek banget ya aplikasinya gak bisa kirim otp. Coretax jg sama aja
1,"Semakin parah aplikasi djp, buat dari websitepun tetap sama aja. Kode verifikasi tidak pernah masuk ke email. Semakin sloww respon tidak seperti sebelumnya, sebelumnya cepat sekali kode verifikasinya masuk."
1,"Gak aplikasi gak website ,semua produk negara kayaknya gak pernah ada yang niat buat mempermudah masyarakat nya ,.."
1,"Macam babi emang. Mau buat NPWP online verifikasi nomor sama email sampai refresh 10mnt 3x tp gak masuk"" kode verifnya.. trus buat apa semua disarankan online tp apa"" gak memadai begini?"
1,Minta nomer efin verifikasi kode email pagi jam 10 email kode max berlaku 10 menit. Email masuknya 2-3 jam. Ntar gak lapor pajak kita yang salah. Sistem benerin dulu
1,Apaan gak ada dikirim kode verifikasi
1,"Anggaran Besar, pengelolaan Aplikasi saja ecek2"
1,Aplikasi busuk
1,"Lapor pajak aja susah,. Kode verifikasi bisa berjam jam baru di kirim, setelah di masukkan malah sudah gak berlaku,. Aplikasi apaaa ini,."
1,Lama banget kirim OTP nya
1,Minta kode verifikasi 12 jam baru di kirim masuk akal kah itu pelayanan mu
1,"Kalau bikin aplikasi secara online masih ragu, gausah terbit pajak online .. ngabisin pulsa doang , #NOTED"
1,Buang2 anggaran bikin aplikasi gak guna.
5,Sangat membantu sekali
1,"Aplikasi buruk, mendapatkan kode verifikasi aja lama banget. Menyusahkan tidak mempermudah"
1,"Ini verifikasi ga kena"" udah 1 bupan full, niat di benerin ga? jelek banget layanan nya"
1,Ga bisa dipake
1,"Udah verifikasi tpi ko efin nya belum dikirim kirim ya,gimna ini? Notif nya efin sudah dikirim lewat email tapi belum ada pdhal email nya benar"
1,Lama banget kirim kode verifikasinya ke email
1,"Otp nya ga pernah terkirim, sekalinya terkirim sejam kemudian, sedangkan batas kode otp cuma 10 menit hehe"
1,Apk ngk mutu
1,Parah lah... Ngga bener...
1,Jelek susah login.lemot..balas ke email lama
1,"Konfirmasi sangat lambat verifikasi email masuknya 1 jam Mau lapor bayar pajak yg lapor malah dipersulit Kalok gak bayar pajak didenda Serba salah, sangat tidak membantu"
1,"Ga seperti tahun kemarin,skrng kalo lupa sandi lupa email akun djp online susah mau lapor spt,gmna ceritanya ini,makin kesini makin jelek mau d web mai d aplikasi"
1,"Untuk login susah, untuk dapatkan efin ribet, mau pergi ke KPP terdekat juga sangat tidak memungkinkan, krna antri terlalu banyak. Setiap KPP terdekat juga tempatnya kecil dan harus berdesakan desakan"
1,"aplikasi ini sangat ndak jelas, saya rasa kalah sama situs slot yang menyediakan menu daftar, malah di aplikasi pemerintahan seperti ini tidak ada menu daftarnya lawakkkk #indonesia gelap"
1,Seharian ga bisa login ke aplikaai ataupun web nya larena verifikator nya ga muncul muncul
1,"wihh gamenya bagus sangat mengedukasi bayi usia 2 bulan lebih 28 tahun, kalo bisa tambahin fitur auto reload sama gacha karakter, perbanyak skin senjata dan perluas mapnya 🤝 thnk u"
1,"Untuk Dapat Nomor Efin aja Lambat, Tolong Diperbaiki Aplikasinya, padahal Sinyal 5g lancar bitrate gede. Terima Kasih."
1,Ga guna banget
1,Orang di suruh bayar pajak rutin tapi pelayanan gajelas
1,"Pajak elit server sulit, mau dapet verifikasi login aja nunggu 1 jam. Gimana ya cara lapornya"
1,"Parahh ga bisa login, pengaduan kmna mna ga ada respon"
1,"mohon di perbaiki aplikasinya, mau login aja verifikasinya gak masuk masuk"
1,aplikasi sampah gini kok masih bisa ada di playstore.
1,"Sudah coba login aplikasi pakai password yang benar tetap harus verifikasi email. Sebenarnya tidak masalah untuk verifikasi dua langkahnya tapi yang jadi masalah email berisi kode verifikasinya lama banget baru masuk, maksudnya apa coba, semoga aplikasinya bisa lebih baik kedepannya!"
1,"Mau lapor pajak susah otp gak masuk2 pake email atau sms, pake akun m pajak otpnya masuk 30 menit kemudian kadaluarsa duluan, trus loginnya pake apa ?????"
1,"Ngirim kode verif harus tunggu 4-5 jam baru masuk ke email.. sekacau ini kah aplikasi pemerintah, katanya mempermudah malah nguji kesabaran.. Keren lah kalian.. #kaburajadulu"
1,Apk Nggak Berguna Ngabisin Uang Negara Nggak Ada Fungsi
1,"Jelek sekali, mau login saja sangat sulit. Kode verifikasi tidak masuk2. Sudah mencoba kirim lewat email atau sms tetap tidak masuk juga. Gimana mau bayar pajak kalo hal gini aja sulit. Tolonglah ditingkatkan lagi kualitas aplikasinya."
1,Kode Verifikasi lambat masuknya sampe expired
1,"Ini gimana mau laporan pajak kl kode verifikasi loginnya aja harus nunggu berjam² , giliran dapat kode verifikasi trus di coba untuk input yg ad malah kadaluwarsa karna kelAmaan nunggu via email/sms.IT yg bikin versi djp online tahun ini nyusahin"
1,Ulasan bintang 5 itu smuanya mungkin yang pegawai nya / Orang suruhan :v
3,Verivikasi lemot parah
1,Kode verifikasi ga ada
1,Aplikasi sampah !!!
1,Hapus aja ini aplikasi ga guna Otp ga dikirim kirim Mau apa apa ga bisa Aplikasi sampah
1,"Email sudah benar tapi tidak ada otp yg dikirim terus, pake nomer hp malah gangguan terus, aplikasinya mempersulit sekali"
1,"Aplikasi sampah, minta masukkan code verifikasi tp code verifikasi tdk pernah diterima."
5,Sangat Baik
1,"Aplikasi parah. Jelekkk!!! Orang mau taat bayar pajak kok dibikin susah sama ini aplikasi. Mau masuk mesti verifikasi,ditunggu lama banget ga masuk2 kode verifikasinya"
1,"PATUTLAH HANCUR PENILAIAN APLIKASI INI. MULAI DARI EFIN, DIPERSULIT. LOGIN GAK BISA2, KACAU, BINTANG NOL KLO BISA."
1,"SO SIBUK LU, PELAYANAN AMPAS"
1,"Susah dapat kode verifikasinya, lama sekali"
1,Aplikasi bosok... ancene ga becus
1,"APLIKASI SAMPAH GK BERGUNA SAMA SKLI,GK MEMBANTU,👎"
1,Gimana lah ngirim kode vefikasi kok ya lambat terus .. saya pikir sudah ada perubahan tau nya masih saja.. Pokok nya klo laporan pajak saya bermasalah gara2 ini.. aplikasi ini akan kami viral kan.. Bulan puasa bikin emosi saja
1,tolong bpak ibu yang terhormat. kemabalikan seperti dulu untuk masuk aku DJP ini dipermudah hanya dengan no efin dan email. kayanya lapor e filling wajib tapi kenapa dipersulit. no hp tidak valid terus sementara lewat online tidak bisa lewat tlpon tidak bisa bahkan kekantor pajak juga tidak bisa. gimana ini coba. bpak ibu kita bayar pajak bukan ga bayar. klo seperti itu udah cukup bayar pajak saja tidak usah melaporkan
1,"Aplikasi gk guna, ujung-ujungnya ke kantor pajak juga. Buat yang mau download mending gk usah."
1,"Tolong perbaiki lagi, sudah bagus masyarakat banyak yang mau taat pajak tapi app nya malah ga jelas"
1,"Buang buang dana negara, chat cs aja ga bisa"
1,"aplikasi departemen korup , jadi gini sistemnya kacau semua padahal no. efin no. NPWP sudah saya simpan dan sandinya jg tapi tetap tidak bisa masuk"
1,"Gk bisa login gra2 kode verifikasi lama dkirim, msak hrus nunggu ½jm, itu pun udah g bisa d input aplikasi aneh"
1,Cek nmor pajak aja di buat ribet sedemikian rupa
2,"Ini gimana ya, Perasaan npwp saat ini sudah 16 digit. tpi kok di apkny untuk lupa efin bisany 15 digit maksny ya, tolong dong gimana ini mau dapetin efin"
1,"Tidak mutu sama sekali pelayanan pajak, kita sudah lapor SPT nunggu email verifukasi lama sudah diinput gagal trus Tidak laporan didenda Gajelas"
1,"Kacawww , aplikasi sampah nunggu Kode OTP sampe 3 jam ,habis itu gabisa login"
1,"Aplikasi ancur,, g bisa diakses.. Parah"
1,Aplikasi gk jelas
1,Ribet di Indonesia
5,"Awalnya gue ovt karena rating-nya jelek, tapi pas dicoba langsung bisa, btw gue lupa efin kn, awalnya liat tutor yt, takut gue salah, eh oas dicoba langsung bisa anjay, udh dikirim ini kode efinya"
1,Apa benar aplikasi Pemerintah memang dibuat untuk sering error dan banyak bug?
1,"aplikasi gak guna, mau duit tapi aplikasi Rongsok 👊"
1,"Aplikasi gak jelas... Udh tinggal lapor aja kok sulit banget, minta kode ferifikasi gak di kirim2 dari pagi sampai sore"
1,Aplikasinya lelet tidak bisa digunakan
1,"Di suruh verifikasi, tapi email nya nyampe lemot, pas d klik udh ga bisa,ga di apk ga di web sama aj lelet"
1,"Aplikasi+website error mulu, verivikasi susahnya bukan maen,"
1,"Ini aplikasi instansi pemerintah ga ada canggih sama sekali ,kalqh dengan aplikasi swasta,apa yg kalian banggakan ,kita mau masuk akun aja kok bikin rakyat stres"
1,Enail verifikasi ndk masuk
1,Otp lama giliran udah ada ttp salah ko ada ya org bikin aplikasi ga guna ke gni
1,"Kita yang bayar pajak, kita yang harus ribet laporan!!! Begitu ngumpul di korupsi!! Konyol"
2,"jangan instal, belum bener"
1,"Sekarang mangkin gak jelas ga kaya awall. Gak membantu sama sekali ,kirim verifikasi ajah lama aplikasi bobrok"
1,aplikask kirim kode verivikasi aja lama hadeh
2,"Pas masuk harus verifikasi lewat email, pas di cek email nya gak ada inbok, ditungguin sampe pegel bolak balik lihat email, pas no verifikasinya muncul, pas mau ke aplikasinya mulai dari awal lagi, harus masukin verifikasi nomor yang baru lagi, bikin kesel 😤"
1,"Kenapa ya aplikasi ini setiap mau minta kode verifikasi selalu lama masuknya ke email sampai sampai waktu nya habis,jdi susah kalau mau minta efin secara online"
1,Minta kode verifikasi lama sangat tolol
1,"Ngirim kode verifikasinya lama bgt 😭😭😭, lebih dari 2 jam, sekalinya kode udah dikirim aplikasinya logout harus diulang dari awal, udah dimasukin kode verifikasinya salah hedeh"
1,aplikasi gk guna
5,Keren
2,"Untuk masuk harus nunggu verifikasi email masuk,nah email-nya untuk dapetin nomer verifikasinya hampir 6jam baru email masuk pas di gunakan ya gak berlaku kode kadaluarsa"
1,Aplikasi repot baik pake yg lama
1,Ko smakin di persulit y stiap mau login slalu gagal klo orng g lapor kena denda orng mau lapor malah di persulit
1,"Verifikasi nya susah, ga keluar² kodenya"
2,"Udah di buatin akun dari kantor pajaknya giliran di masukin ke aplikasinya muncul tulisan akun tidak ada,kenapa?"
1,"Apk banyak bug,nungguin kode verfikasi sampe 3 jam lebih blm jg ada,perbaiki lagi kedepanya"
1,"login aja susah, verifikasi gak muncul2 di email, sudah kirim kode berulang2 tetep aja gak muncul. di websitenya juga sama aq pakai email, katanya malah tidak terdaftar... hla... bertahun2 login selama ini gimana, koplak? kok tiba2 gak kedaftar. gak apk, gak websitenya, punya pemerintah emang sampah semua, anggaran doang gede"
1,Kode verifikasi kagak masuk.....coba web di google pun lemot... dimasukin pun slalu salah....mau laporan pajak aja susah sekali.....kalo gak laporan salah lagi....duh bikin pusing aja...
1,"Aplikasi lemot, mau minta kode susahnya minta ampun"
1,Sampah
1,"Dah daftar, lama nungguin kode verifikAsi, begitu dah masuk kode verifikasinya & eh dibilang kodenya salah. Dah coba berkali2. Sangat mengecewakan"
1,"UDAH MAJEKIN UANG RAKYAT, MANA APLIKASI HASIL DUIT RAKYAT SUSAH DIGUNAKAN! LOGIN PAKAI KODE OTP LAMA BANGET KAGAK MASUK, GILIRAN MASUK UDAH KADALUWARSA! HERAN GUE!"
1,"Mau login aja sudah,Kode verifikasi nya pengiriman email tapi di cek di email Ndak ada"
1,"Udah cape ngeluh sama aplikasi instansi pemerintahan, gaada 1 pun yg bener, mau bayar ke negara pun dipersulit"
3,"Kode otp untuk aktivasi efin yg di kirim ke email lama sekali masuknya, buang2 waktu aja."
1,"Nungguin kode Verifikasnya lama nya mint ampun, sekalinya udh dikirim aplikasnya logout dan minta ulang kode Verifikasi hedeh, 😭"
4,Bagus membantu
1,"Aplikasi tdk jelas, ngirim otp ke email tapi tidak pernah masuk otpnya, hedeh."
1,"Aplikasi apaan ini. Nunggu email masuk berjam"" sekali masuk kode sudah kadalwarsa. Niat hati pelaporan cepat jadi lambat gara"" aplikasi."
1,kode verifikasi yang dikirim tidak diterima
1,"KITA YANG MAU BAYAR PAJAK MALAH DI PERSULIT DGN SISTEM YG ADA, HERAN 🧐🧐🧐😂😂😂😂"
1,"Saya maksud download aplikasi ini agar mudah lapor pajak tahunan, malah stak di verifikasinya, nomor kode verifikasinya nggak masuk² ke email saya,"
1,"Kode otp sulit masuk via email,system nya payah"
1,gajelasssss kode verifikasi nya lama banget dahh ni gunanya apa sihhh hfffttt orang mau nepatin tugasnya buat bayar pajak malah gini ni apk
1,"Knpa orang bnyak yg tidak bayar pajak ? Jawaban : karena pelayanan buruk.bnyk orang berkendala dari email ditunggu tidak muncul, layananya ditelfon gak mau angkat, bilang sibuk Mulu. Sebaiknya dipecat saja para pegawai nya,habis habisin Anggaran negara, gak fungsi."
1,Aplikasi lelet
1,Mau di aplikasi atau web sama aja sampah nya
1,Ini aplikasi disunat berapa banyak dana nya?payah banget aplikasi nya.
5,Tidak ada kode Verifikasi ke email saya 6x percobaan selama 1 jam
1,sudah cape smpe kekantor ny pun sama aja. kalo giliran uang cepat
1,"Semakin syulit, masuknya ribet pol.."
1,"Mau minta verifikasi akun aja ribetnya minta ampun, email gk masuk2, sms pun juga, anggaran doang gede tapi pelayanan kurang memuaskan"
5,"Pa bisa ga, kalau maun minta nomor efin nya lewat email aja ? Kalau mesti datang ke kantor pajaknya, kayaknya ngabisin waktu, tenaga, dan biaya"
1,"Kirim opt cepetan dikit pak, gak ngotak sampai 3 jam"
1,Kode verifikasi gak di kirim email
1,apk gak jelas menunggu notif verifikasi bisa sampe berjam jam
2,Pengiriman kode verifikasi nye ke email lama bngt udh kaya nunggu hidayah
2,"Login saja susah,kode otp dikirim 2 jam kemudian,gimana mau pakai aplikasi ini"
1,aplikasi gakjelas
2,"Kenapa untuk mendapatkan kode verifikasi email lambat sekali, sudah berapa kali ulang tetap lambat, padahal sudah pakai WiFi, super lemot,"
1,Minta kode verifikasi aja bisa seharian males banget ihhh amit.
1,"apknya jelek bangett, nunggu kode verifikasi bagaikan menunggu hari kiamat."
1,"APLIKASI GAK BERGUNA, LEMOTTTTT PARAHHHHHHH IWHHHH"
1,App pemerintah tapi zonk pelayanan ga satset.
1,Roaming lama parah !
1,Proses lupa EFIN susah. Kode OTP baru masuk email 1 jam kemudian padahal expired 10 menit. Kn ga bisa ke pake
1,"Login sulit, minta verifikasi otp via email tapi ga dapet otpnya"
1,"GABISA LOGIN NIHH BLOKKK, KIRIM KODE VERIFIKASI KE EMAIL TPI GK DIKIRIM' KOCAKKKK"
5,Good
1,Aplikasi terjelek masa otp email nggak masuk
1,"MAU RESET LUPA SANDI AJA, ""PASSWORD DI KIRIM KE EMAIL"". TAPI DITUNGGU SAMPAI KUCING BERANAK 100 PUN GAK MASUK². SERIUS GAK SIH MELAYANI RAKYAT?"
1,"Tinggal satu langkah verifikasi lagi, segala gak ada tombol OK nya."
1,"Susah minta kode verifikasi, kurang canggih. Tidak memudahkan. Menunggu lama untuk dapat kode verifikasi ke email. Dapet nya baru ke esokan hari. Kenapa hal-hal kecil seperti ini aja aplikasi pemerintah ga bisa maintain ?"
1,"Sumpah ini aplikasi ga guna sama sekali, program pemerintah ko ga ada yg bener ya, masa mau verifikasi aja lama banget sampe berjam2, giliran udah ditunggu kodenya udah ga berlaku karena lama dikirimnya, padahal gaji udah dipotong pajak, masa pelayanannya begini, kalah sama yg swasta yg notabenenya ga dibiayain dari pemerintah. Udah gaji dipotong, trus harus lapor pajak, tapi pelayanan pajak malah begini."
1,"Benar benar menyusahkan Rakyat aplikasi ga berguna ini,nyusahin rakyat tiap sekali verifikasi lama + kita harus cepat cepat masukin effin kalo tidak tidak bisa masuk lebih dari 20 menit padahal kita rakyat nunggu bisa sampe 3 jam an untuk dapet code"
1,Respon email dan no hp lambat
1,"Salah satu aplikasi terburuk, login minta verifikasi email, lah kirimnya email ada setengah jam. Keburu hangus! Jarang gw kasi nilai jelek."
2,"Kode verifikasinya lambat masuk, lemot"
1,Saya mau laporan saja di lambatin apa lah ini APK Verifikasi lambat
1,"Jika kalian ingin menguji kesabaran kalian, silahkan coba aplikasi ini. Saya pastikan kalian akan naik darah dibuat aplikasi tak berguna ini. Terimakasih"
1,lebih dari 10 menit namun pascode tak kunjung masuk ke email. susahnya lapor pajak :(((((((((( SEMUA APLIKASI YG DIKELOLA PEMERINTAH KENAPA SI PADA PAYAH???
1,VERIVIKASI KODE NYA LAMA & SETELAH MUNCUL KETERANGAN SALAH
1,biar bintang yang berbicara
1,Gak tau mau komen apa lagi. Komentar lainnya udah mewakili
1,birokrasi berbelit2
1,"Aplikasi negara paling ribet , Tidak membantu sama sekali Semuanya di bikin ribet"
1,Gmna rakyat mau taat pajak sedang kan soal pengurus an plaporan sgla macem d persulit. Tolong buat sistem yg lebih mudah.
1,Eror terus gabisa login
1,Susah masuk... Napa sih buat aplikasi GK berguna???
1,"aplikasi gak mutu, banyak dikorupsi."
5,Josss
1,Apk super busuk sma skali tdk berguna
1,Disuruh rajin bayar pajak tapi aplikasi membingungkan..rumit...tolong buat aplikasi tidak rumit rumit agar masyarakat rajin buat pajak
1,Aplikasi gk jelas..mau live chat gak bisa. Bobrokkkkk..
3,Saya mau login tidak bisa Eror
5,Bagus
1,"ngirim kode otp aja lama nya minta ampun, giliran mau lapor aja dipersulit"
1,Aplikasi jelek dan lemot
1,"Kode verifikasi yang dikirim melalui email, no SMS sangat sulit. Nunggu kodenya setengah hari :("
2,Lupa kata sandi
1,"Tidak ada respon sama sekali dari live chat pajak, tolong benahi saya sudah 2 hari menunggu respon bolak balik buka chat live"
5,Ok... Sip
1,Aplikasi sangat lemot .. Klo berhubungan dengan aplikasi instansi pemerintah pasti mslahnya lemot dan jga kebanyakan eror ..
1,"nunggu otp 2 abad , niat gk bikin aplikasi"
1,"Ribet banget mau balik nama ajb penjual harus ada npwp (mana penjualnya gaptek lagi dah), kode otp gamasuk2, sekalinya masuk otp nya web coretax djp nya lemot banget apalagi pas detail alamat"
1,"Orang dipaksa laporan sama bayar pajak, giliran bikin aplikasi yang tujuannya untuk mempermudah malah jadinya kayak sampah. Minta kode otp untuk EFIN aja loh gak bisa. Ini lah contoh gambaran aplikasi dari pemerintah yang gak guna!!!"
1,Nunggu kode verifikasinya lama banget saya sampe 2 hari blm ada kode nya
1,Buruk
4,Lemot sekarang login nya
1,"kenapa buat aplikasi bukan untuk mempermudah, tiap bulan bayar pajak, mau lapor spt tahunan kenapa tidak bisa, mohon untuk orang terkait dibadan perpajakan buat aplikasi yang mudah, jangan bikin pusing, tolong perhatikan"
1,Apk DJP online sudah bagus tapi kok gak bisa melakukan laporan SPT tahunan di aplikasi sangat di sayangkan Lalu apa gunanya ini aplikasih di buat Semogah kedepan nya bisa mengakses laporan SPT tahunan 👍
1,"saya download apk ini krna mau memadankan nik, tapi pas buka harus login dlu, sdgkn sya blum punya akun, dan cara punya akunnya hrs ada no efin, cara punya no efinnya dr apk ini, tpi apk ini gda fitur buat akun, cuma ada log in, ini yg bikin siapa hah punya hati tdk? orang mau memadankan nik doang di lempar sana lempar sini ktanya bisa online😡 hapus ajalh gk bsa dpake."
1,Tdk bekerja maksimal.
1,Ni ya buat pengembang coretax klo gbsa ngatasi masalah bug dll gausah sok2an jadi pengembang aplksi deh sini gua aja yg gantiin kl mmng gbsa ini untk negara loh!! Bukan aplikasi game ya!!
1,"Aplikasi ini gunanya untuk mempermudah, kenapa waktu login saja kode otp tidak di kirim kirim,gimana saya mau lapor bung,pengurus nya tidur apa!!"
1,"Aplikasi sering bug, tombol buat permintaan verivikasi kode gak muncul, lantas bagaimana mau pengurusan laporan pajak ini klo aplikasinya gak berfungsi normal"
1,"Aplikasi tidak jelas,"
1,bagaimna ini pak ?
1,Masak aktivasi lewat email gak masuk masuk.. pdhl masih bisa terima email dari non djp
1,Mau login tapi kode OTP masuk email nya lama
1,Mau login akun nunggu kode ferivikasi kaga masuk masuk kocak
1,aplikasi gak guna...buang2 uang...
1,"aplikasi gak jelas waktu otp hanya 10 menit, tapi kode otp nya dikirim 2 jam kemudian🥴🥴"
1,Aplikasih terjelek di dunia hanya bikin susah orang
1,"Gak jelas ini aplikasi, untuk kode OTP tidak dapat, baik melalui Email, SMS sama aja, bagaimana bisa di pake ini aplikasi..."
1,"APLIKASI TERJELEK YG PERNAH SAYA INSTAL !! KALAU ADA BINTANG 0, SAYA MEMILIH MEMBERI BINTANG 0 !! GA HERAN BINTANGNYA SEGINI !! UDAH NYURUH BAYAR PAJAK, TAPI NYUSAHIN!!"
1,Kode verifikasi yang dikirim lewat email gangguan dan sangat lelet. Shingga selalu gagal lapor SPT Tahunan
2,"Balasan email lambat,mohon diperbaiki lg"
1,Aplikasi sampah
1,Ampun dahh🙌🏼
4,kok otp verifikasi nya lama sekali
1,Mau loginnya aja susah OTP lama udah 5 jam nunggu juga sama aja
1,Gak jadi bayar pajak
1,"otp email lama ,, ampe kiamat gak di kirim2"
2,ga gunaaa gangguan trus . klo ga bisa online ga usah ada sistem online.
1,Aplikasi pemerintah ga niat
1,"Aplikasi paling mengecewakan selama pajak yang pernah saya pakai, gak website gak aplikasi semuanya gak ad yg bener"
1,"situs lemot, lama terbuka walau pakai jaringan wifi kuat, 2. cs/pengaduan/chat/gmail semuanya lemot balasnya kayak gak ada orang sama sekali, dikatain kotor ya gak respon wkwk"
2,"OTP sangat lambat, mohon diperbaiki server kunonya"
1,Gimana sih mau live cht eror. Terus. Mau buat nvwp di chrom kode dari gmail ngk dikirm dikirm nya lama skli orang butuh kapan dikirim kapan. Ngk update bnget sih nyusahin
2,Aolikasi sulit di akses.?abal2
1,Aplikasi ga guna..
1,Gak guna smua menu yg biasa hilang
1,"Minta verifikasi lewat email masuknya 7 jam berikutnya, minta verifikasi lewat sms nda masuk²... Pakai sisanya nda bisa, apa coba.. gimana mau lapor pajak"
5,Bagus sekali aplikasi ini
2,bug nya perbaiki
1,"Membingungkan, mau lapor pajak tidak ada menunya"
1,Kode OTP ga muncul muncul
1,"dimana mana aplikasi pemerintah kagak pernah bener, programmernya suruh belajar lagi wkwkwkwkw"
1,Minta kode aja lama banget harus nunggu berjam
1,Aplikasi bodok
1,"Mau login di kirim kode verifikasi 2 langkah ke email kita yang terdaftar. Tapi,kodenya akan masuk ke email setelah berjam-jam nunggunya."
1,Berbenah diri.uda banyak keluhan.masih juga nggak dibenerin. Permasalahannya kode verifikasi. Masyarakat uda mau melapor tapi kok tidak dimudahkan .
1,"Kenapa pelaporan harus mandiri? Udh aja otomatis pak kendala aplikasinya error mulu tiap pelaporan, mohon sistemnya pelaporan secara otomatis saja karena mempersulit jatuhnya kan tiap bulan pajak ada data toh pastinya yang disimpan sekelas pemerintah ini masa harus ada pelaporan lagi, apalagi ini web dan aplikasi sering error tiap tahun karena penggunaan overload"
1,"Gua lupa efin suruh download aplikasi m pajak pas bagian verivikasi email gak dikasih, dikasih udah stngah jam kan tololl"
1,Mau maklum. Tapi ini punya pemerinyahan. Gimana gak konyol mau masuk aplikasi nya aja harus ferifikasi. lewat email susahnya minta ampum sudah 5.jam belum.dapat email verifikasi..
1,"Aplikasi berat, entah android / web"
1,"Mau lapor pajak kok repot amat ya, 2 jam nunggu kode Verifikasi, dari email, sms, gak muncul2. App payah"
1,Malah ga bisa login.. bertahun-tahun lapor SPT baru kali ini ga bisa login
1,"Aplikasi Lemot, mint Kode Verifikasi aja muter"" dan lama udh nyoba dr 3 Hari lalu masih aja bgtu. Klo dtng ke Kantor nya bilang ""bisa lewat aplikasi"" aplikasinya aja bgni. Zaman udh canggih tp hal ug berhubungan dengan aplikasi pemerintah slalu lemot dan lama."
1,Aplikasi nyusahin doang
1,Kode verifikasi tidak ada di email saat mau kirim SPT. Mau lapor pajak aja sesulit ini.
1,Bintang 1 yg mungkin banyak di play store
1,"Aplikasinya jelek , otp nya gak masuk ke email"
1,Verifikasi email gak masuk masuk wkwkww mau bayar pajak aja susah
1,"Lambat banget pelayannya, nunggu verifikasi saja harus berjam-jam"
1,"Kode verif dikirimnya via kantor pos apa gmana? udh sebulan nih ngak masuk-masuk email, kurirnya nyasar? kirim kode verif lewat nomor hp atau email ngk ada yang nyampe"
5,"Jangan ragu download aplikasi M pajak,yg lagi cari EFIN ,,asal hp android anda ada kapasitas mantap..langsung keluar EFIN lewat email yg terdaftar"
1,Menyesal saya install. Nggak bisa buat lapor SPT. Uninstall endingnya.
1,Tak jelas...permohonan Efin Verifikasi Email atau SMS gk ada tombol kirim ..parah...
1,kesabaran saya dah habis:)
4,"Tadinya dah berburuk sangka rating nya jelek mau download ragu tapi pas dicoba bisa cepet malah. Gak seribet atau seproblematik yang orang2 ulas sebelumnya, mungkin udah ada perbaikan yaa, semoga terus upgrade biar masyarakat gak ngeluh"
2,"Setelah liat rating y jelek ternyata benar , daptar pajak susah y minta ampun , gimana orang mau taat bayar pajak"
1,"Kesini pengen daftar NPWP online, web ereg.pajak.go.id error. Web pemerintah duitnya banyak org IT kosong semua, kadang lebih percaya nyerahin data Ama google di banding pemerintah sendiri. Karena hampir semua web pemerintah rasanya becanda semua isinya, ngak ada yg bener"
1,"Aplikasi gk berguna, Development gimana sih, sudah ada aplikasi, Tapi untuk registrasi pake NPWP pake efin,untuk mendapatkan efin harus ke kantor pajak/kirim email,, Pertahankan prinsip : ""Kalo ada yg ribet kenapa harus dibikin gampang..??"""
5,Pajak masuk negara kuat
1,"apk apa ini cok, login aja gabisa"
1,"Aplikasi tidak berguna Fitur live chat bohongan, asik eror terus Mau daftar aja susah"
5,sangat membantu
1,"Jujur, layanan pajak saat ini semakin susah, web utama coretax menghilangkan beberapa menu ereg dulu, padahal menu cek npwp juga penting tapi coretax belum memfasilitasi, ngurus efin lewat sini juga bingung soalnya nomer npwp aja nggak tau gimana ngurusnya kalau nggak ada menu buat cek nomer npwp nya"
1,"Udh bayar. Mala di suru bikin buat laporan yg sangat ribet sekali,apk berat gak mendukung,harusnya pemerintah ngasih laporan ke kita bukhti pembayaran,karn langsung motong dari gajian,bukan kitanya bikin laporan..... semua di bikin ribet"
1,gak berguna
1,"Kok gak bisa minta kode billing ny ,selalu eror"
1,Developer gak jelas apk macam apa ini
1,Kapan negeri ini maju aplikasi negara ja GK jelas
1,Sangat buruk
1,Aplikasi tidak brmanpaat susah d akses
1,"Heran sy sdh ada aplikasi tp mengapa kl mau laporan masih harus lewat google/crome, Kl effin lupa tdk ada solusi mudahnya untuk memdapatkan effin. Aplikasi terlalu ribet Mau laporan saja ribet bgt. Tolong perbaiki agar rakyat lebih mudah untuk laporan. Trima kasih🙏"
1,Parah d persulit
1,"sistem gak jelas!!!! tahun kemarin laporan SPT gak ribet, alamat email dan nomer HP aman. sekarang alamat email yg sudah terdaftar malah gak ada, yg nongol malah alamat email yg lain, sama juga nomor HP bener, nomor npwp bener, NIK bener, TETAP AJA SALAH!!!! aplikasi gak guna!!!"
1,"Apk gak jelas , kalau lewat webnya bisa masuk tapi kalau lewat apk sulit malah sering gagal"
1,"Jelek aplikasinya, tiap mau masukin otp atau verifikasi data by email selalu balik lagi ke menu awal"
1,Ora iso mlebu..
2,App.y jelek masa lupa epin selalu salah identitas
4,"Sudah bagus ada aplikasi DJP online, tapi sayang tdk bisa untuk laporan SPT Tahunan."
5,Terima kasih
1,tidak bisa daftar pajak online aplikasi tidak berguna'''':'::::
1,19 Februari 2025 server down !!!
5,Cepat dan mudah
1,gak guna. mau bayar pajak aja susah bnget. giliran telat cepet banget respon nya. mending gak usah bnyar lah...
5,Sangat membantu
5,Cepat mudah.. Hitungan detik efin langsung terkirim... Mantap aplikasinya.
1,"Aplikasi gk guna buat apa buat aplikasi, kalo lapornya lewat web,"
1,Gangguan terus app gk guna
1,Susahhhhhh
5,Pas liat ulasan dan rating sempet bikin overthinking krn aku lupa EFIN tapi akhirnya tetep coba download ternyata aplikasinya gak seburuk yg ditulis di ulasan. Mudah & lancar pas digunakan cepet juga dapetin EFIN-nya & langsung dikirim ke email. Tingkatkan terus & semoga semakin baik aplikasinya supaya orang² makin mudah menggunakannya. Terima kasih
1,"aplikasi keluar terus, gak jelas..!!!"
1,Pelayanan lambat
1,Jelek
5,Ok
1,Aplikasi sampah
1,"server murah ya bang pejabat ? akun udah bner pasword udah bener kagak bisa login, anggaran doang gede, kocak."
1,Kecewa
1,"Untuk lupa sandi perlu EFIN, tapi kalau ternyata email pemulihan sandi gak sesuai dengan email saat mendaftar ya gak kelar juga urusan, makin repot jadinya. Link reset password nya dikirim ke email yg saya gak pernah lihat sebelumnya, ntah dimana salahnya 😭😭"
1,email saya kok g sesuai email yg tertera di pajak.aneh
5,Alhamdulillah aplikasi ini sangat membantu bgt tidak sampai 5menit sudah dapet efin
1,Gak bisa login
5,Sangat membantu untuk lebih mudah pengisiann nya
5,"Good job, sangat membantu"
1,Bug nggak bisa di next sama sekali
1,Aplikasi penipuan
1,Aplikasi yg banyak korupsinya daripada hasilnya emang ga berguna
1,"Apk sampah, tidak berguna, lebih baik hapus saja dari pada mempersilit lapor pajak."
1,"Aplikasi dibiayai mahal kok gini amat, ga lengkap, ga bisa apa2, lupa pasword pun ga ada,. Seburuk inikah aplikasi pemerintah"
1,"Permohonan lupa Efin selalu gagal, walaupun email dan yang lainnya benar. Mohon tingkatkan lagi pelayanan dalam aplikasi atau perbaiki aplikasi"
3,"Ini gimana cara daftarnya weyyyy, sedangkan ga ada pilihan mendaftar nyaaaaaaa"
1,ribet
2,"mau lapor pajak lupa efin, mohon petunjuk"
1,Lemot
1,aplikasi sangat tidak berguna pengajuan lupa efin selalu sistem gangguan dan live chat ya selalu sibuk dan tidak ada respon sama sekali aplikasi sangat tidak berguna mending di hapus aja
1,Aplikasi yang sangat tidak membantu. Tolong ditingkatkan lagi demi kemudahan dalam mengakses.
5,Good apk
5,Hemat sangat
2,"Semua cdata sudah terisi dengan benar tetapi tetap dikatakan NIK tidak sesuai, bingung jadinya mau masukkan NIK siapa lagi, NIK saya cuma 1."
1,Pelayanan minusss....
1,Ampas banget
1,Aplikasi sampah !!! ga guna
2,"Apk dari pemerintah kembali ya ke pemerintah dibikin biar mudah warganya lapor malah nyusahin amat masuk apk, gokil luh"
1,Aplikasi korup banyak bug
3,"Maaf Min, ini kenapa tahunnya jadi mundur. Saya bikin kode billing dengan tahun 2025 tidak bisa. Lalu saya coba 2024, kode billing bisa muncul. Mau saya bayar pajaknya, tapi saya ragu. Padahal ini sudah tahun 2025. Untuk aplikasi, ini mudah dan simpel untuk digunakan, lalu kode billing bisa disalin. Tidak seperti di website. Yah intinya sudah bagus."
1,"Masih banyak bug Saya lupa efin selesai semua ,tingal pilihan otp atau email ,malah gak ada tombol buat kirim dll"
5,Liked
5,Akhirnya bisa dapat EFiN..
4,Makasih Gak perlu lagi minta efin ke kantor pajak karena disinipun bisa dah saya buktikan mgkin yg gk bisa kurang literasi
5,Mantap.
1,Duit dikorupsi mulu pelayanan publik ga peningkatan
1,Nyusahin banget
1,"Gak bisa diakses dikarenakan gak bisa masukin no NPWP sesuai nik,no NPWP kurang satu gak bisa harusnya 16 digit,ini yg bisa cma 15 digit"
1,Aplkasi pemerintahan tapi kaya taikkkkk Percuma ada pilihan livechat tpi yg bls bott..mutar muter kaga jelas.. Reset pswd aja kaga ada kejelasan
1,"Can't log in after going to the tax office to make a NPWP, making things difficult for someone like this can make them lazy to deal with it, please develop it further in the future to make it better"
1,"Daftar NPWP online susah banget ya sampek abis pulsa 25k erorr"" Bae"
1,Aplikasi gak guna
5,"wah awalnya baca komen jadi ragu sama aplikasinya, tp ttp optimis utk coba, ga sampai 10 menit lgsg dikirim ke email efin nyaa, huhu sgt mmbntuuu😭😭😭🙏🙏"
1,"Ngapain bikin aplikasi kalo ujung ujungnya ga fungsi, ga jelas emang."
5,ok
1,"Ternyata gak cuma aku yg gak bisa verifikasi sms dan email. Malah disuruh kekantor untuk minta kode efin, enak bener nyuruh kekantor, dulu aku daftarnya online, jadi aku maunya online aja,, katanya telat lapor kena denda, tapi bukan gak mau lapor tapi di persulit. Klok pas daftar aja lancar,, giliran minta kode efin buat laporan malah gak bisa. Kerja yg bagus benahi apk nya."
1,"KALO BERFUNGSI DENGAN BAIK DAN BENAR, BUKAN APLIKASI PEMERINTAH NAMANYA, APLIKASI PEMERINTAH WAJIB SAMPAH KEK GINI YA?"
1,Gagal terus dalam pembuatan E billing
1,Aplikasi gak mutu gak bisa buat. Daftar Anggaran aplikasi besar buat di korupsi
1,Aplikasi negara kok gini amat susahnya
1,"Tidak ada pilihan lupa sandi. Sudah pernah masuk suruh log in lagi, sudah lupa password g bisa masuk lagi."
1,"Aplikasi gak guna gak bsa buat lapor SPT tahunan, lola lg"
1,Kode Verifikasinya lama banget masuk kita udh close aplikasi nya baru satu jam kemudian terimak kode verifikasi. Kekurangan SDM apa DJP
1,Lelet
1,"dari tadi udah masukin verifikasi salah mulu, ini sih akibat kalo mau buka aplikasi pajak harus login dulu. tapi tidak dibarengi dengan konfirmasi jelas dan manajemen buruk"
1,"Ini apaan minta efin kok gangguan mulu mau bayar pajak gini amat, live chat gak ada fungsi dari pagi sampe sore gk bsa terbuka... Sy yg mau bayar di persulit pula gokil. Kurang dana kah??? Sampe perbaikan aplikasi dan layanan gk bisa"
5,"Alhamdulilah aplikasi ini sangat membantu, jadi tidak perlu antri di kantor pajak 😁 terimakasih"
3,kasih 3 dlu ya
5,Mantap. Sangat berguna.
5,Sangat bagus
1,Cacat
1,"Aplikasi morotin duit, mau taat pajak aja susah apalagi mau minjem duit....paraaaaaaaaahhhhhhh"
1,Aplikasi payah
1,"Buruk tak bisa mendaftar disini g ada kolom pendaftaran , Pekook"
1,Aplikasi yang bikin orang paling tolol sedunia di suruh login tapi gak ada menu register parahmen
1,"dah lah gak bisa berkata kata, intinya apk ampasss"
5,Ok
1,"Nomer NPWP sudah sesuai,efin sudah berhasil diperbaharui,tapi buat login keterangan selalu erorr sistem...hihhh... aplikasi kurang bermanfaat"
1,"Kacau ini mah, verifikasi nya ga bisa,udah lama nungguin kirain alamat nya yg salah,eh ternyata sistem nya begini, waduh kacau"
5,Baik
1,"Aplikasi dengan anggaran 1,3 m tapi error"
1,Aplikasi gak jelas
4,Bagus
1,"Adohh mau lapor pajak saja ribetnya minta ampun.. sdh susah masuk, mau login masukin kata sandi salah terus gimana sebenarnya aplikasi ini berfungsi gk sih..?"
1,Aplikasi gk guna
1,Semisal di percepat respon nya... Penerimaan negara pasti naek... Sistm nya tolong dunk... Cuman muser doang... Live chat nya juga nggk fungsi.. Tiba2 end sendiri... Belum juga tnya..
1,"Yang bayar pajak nya rakyat,,mau itu terpaksa atau sukarela, anehnya yg harus lapor pajak rakyatnya juga Harusnya kan dirjen pajak yg harus lapor ke rakyat,dipake buat apa aja itu uang rakyat dari pajak ?"
1,lah ini aplikasi ga bisa di dowload knp ya..masa perpajakan aplikasi gini si
5,Dimana di dapatkan kode Efin pajak?
1,Masa mau masukin tanggal lahir malah gak ada angka 12 nya sih
1,Belum pantas di publish
1,Aplikasi yang dibuat pemerintah kenapa sih selalu jelek dan bukan memberi solusi tapi semakin memperumit hidup. Kesel banget enggak aplikasi ini enggak aplikasi sebelah juga yang ujung-ujungnya dibuat muter-muter.
1,"kalau kasih kode Verifikasi jangan lama-lama, jadinya kedaluwarsa. Jangan makan gaji buta APBN aja"
1,Ini aplikasi sudah brp kali saya coba verifikasi/emai tidak tidak bisa aplikasi payah
1,"Aplikasi gak guna. Mau log in ja sush. Nunggu e-mail, giliran buka e-mail. Mlah ngulang lagi dari awal. Terus aja gak kelar2."
3,Ranting 3 sangat bagus dan oke 🤭
1,Burukkkkkk............mau login padahal password yg lama aja masih bisa pakai...lah ini udah di suruh update lagi malah gak bisa masuk2.....ribetttt
1,Aplikasi gk berguna
1,"Website/aplikasi pemerintah memang selalu ampas. Anggaran besar, hasil kerja konyol"
5,mantap aplikasi
1,semua yg berhubungan dengan instansi pemerintah lemot baik website atau aplikasi nya mau lapor pajak saja dipersulit harusnya buat aplikasi yg simple dan mudah di mengerti serta responsif
1,SEMUA MENU SUDAH KADALUWARSA..PERCUMA ADA MENU GA BERGUNA ..APLIKASI SPAM
4,Di tingkatkan lagi
1,Sungguh memuakkan. Sekedar untuk mengecek NO Npwp ataupun membuat Npwp sangat susah. Aku benci
1,Ribettt
1,Sial... Menunya sedikit. Tidak sama punya teman
1,Sudah berapa banyak Rupiah masyarakat terbuang sia² di aplikasi ini. Useless. Untuk biaya sms verifikasi saja masih dibebankan kepada user. Sementara user bayar pajak.
1,Perbaiki server nya dulu lah
1,apk payah sulit banget buat ACC aja
5,Ok
3,"Minta tolong berbagi informasi, ada yang cht mengatas namakan dpj bahwa saya mendapatkan bantuan UMKM, contoh cht WA ""Dengan hormat, Kami ingin menginformasikan bahwa Anda terdaftar sebagai penerima Bantuan Langsung Tunai (BLT) UMKM dari Kementerian Koperasi Dan Direktorat Jenderal Pajak. Setelah informasi data diri lanjut dengan cht WA Kementerian Koperasi dan UKM memberikan BLT UMKM dengan dana berjumlah Rp. 7.200.000 yang sasarannya para pengusaha mikro yang akan direalisasikan di bulan 2"
1,mau daftar tp di menu nya di mana?
1,"Aplikasi dan webset pemerintah kaya gini? Parah, ga guna banget Mau daftar aja susah"
1,"mau laporan pajak, lupa password, ribet, lupa efin, by aplikasi, gk bisa, live agent sibuk terus, by phone, sibuk agent nya, gk bayar pajak d kejar, di denda, mau laporan, d persulit, ribet amat."
1,APLIKASI SAMPAH.. LUPA PASSWORD UDAH NGIKUTIN LANGKAH2 VERIFIKASI GMAIL GA MUNCUL
1,Kenapa kode verifikasi OTP susah masuk nya padahal saya mau daftar aneh banget.
1,Aplikasi Penipuan
1,Gblok
1,Apkasi bodong kebanyakan dikorupsi nih aplkasi nya
1,Tidak membantu
1,"Kembalikan kotak centang lupa email,"
1,"Saya baru coba saja aplikasi ini, bagaimana cara untuk minta nomor efin yang dilupa"
1,"verifikasi gamasuk masuk aneh pake pulsa katanya harus ada pulsa ,tp pulsa banyak tetep lama ,pake email apa lahi berkali kali coba ga masuk masuk anehh"
3,Alangkah baiknya lapor SPT bisa diaplikasi ini juga
1,Sistem Error
5,"Alhamdulillah.. Terimakasih, aplikasi ini sangat membantu saya untuk yang lupa EFIN.. Saya tidak perlu susah2 datang langsung k kantor pajak yg lumayan jauh dr rumah saya.. Sekali klik d aplikasi M-Pajak sudah dapat kembali no EFIN saya 🙏🙏🙏"
1,Tidak bisa diakses
4,"Formula ,bagai mana menganti nomor telpon yang terdaptar, tidak dapat nomor porpikasi"
3,"Untuk M-Pajak belum support npwp 16 digit ya? Saya mau buat efin harus isi npwp 15 digit😔,kalo sudah beres saya kasih bintang 5 dah. Tolong dibenerin ya mas mbak"
1,Ngk mobile ng webnya ngk offline kantornya sama sama susah
1,pemerintah sllu bikin aplikasi yg bikin rakyat mumet.. aplikasi bnyk error
1,Saya sudah berapa kali coba tetaapp salah teruss
5,Semoga berhasil melapor SPT tahuna
1,Aplikasi gk jelas pasword sudah benar masih aja ngomong pasword salah gk jelas banget
1,"Masuk aja susah, suruh masukin kode tapi gk dikirim ke email, sekelas aplikasi untuk negara kok kaya gtu"
4,saya berikan 4 🔯 dulu karena baru awal saya pakai aplikasi ini
1,aplikasi gak gunaa.. percuma di download kalo lapor pajak aja tetep lewat google 👎👎👎
5,aplikasi tidak bisa terbuka
1,Bikin bangkrut warga indonesia
2,Gimana daftarnya
1,"Apk gk guna,lupa efin aja ribiet nih apak"
1,Bukan aplikasi resmi dari pemerintah ya kawan-kawan
1,mau minta nomer efin harus masukin npwp dan npwp sama dengan nik di ktp tetapi pengisian npwp di alpikasi harus 15 angka sedangkan nik terdiri dari 16 angka ini gimana pabowo
5,sulit login
1,"Lelet, aplikasi apa ini. Kek mana rakyat mau taat lapor pajak, disuruh verifikasi² tapi kode ke email gak masuk² 🇲🇨🇲🇨🇲🇨🇲🇨"
1,Aplikasi sampah
1,Tambah jelek
1,"Aplikasi luemoottt ,,"
1,Aplikasi M pajak sama website djp online nya ko sama sama sampah yah ? Susah banget buat log in
1,"Banyak bug error, ribet, dikira bakal memudahkan ternyata engga."
1,Gak ada tombol efinnya weh
1,"Minta efin muter muter doang, yang bener apa bikin aplikasi, masa kalah sama aplikasi bikinan swasta"
1,lemot
5,Sangat membantu
1,"pendaftaran susah, link gk bisa di akses"
1,Aplikasi ga guna lol bgt
2,"Sayangnya, tiap kali jam kerja g bisa akses. Cuma muter"" aja."
1,Ngebug aplikasinya
1,Tidak membantu
1,Eror terus jadi horor
1,Mau masuk akun ajh susah. Benahi dulu apk ya dong.
1,Mohon diperhatikan khusus untuk aplikasi djp ini shg wajib pajak juga bisa tertib...
1,"Kg jelas situ nya masa mau buat npwp link terlalu lambat respon bikin lama aja orang pengen buat NPWP, bikin ribet Bae"
1,Ga web nya ga apk nya ga guna
1,Email yahoo g bs menerima email samaskali. Dan g bisa perubahan email. Terus verifikasi hrs pake pulsa terus brarti ini
1,"Kebanyakan verifikasi, masuk nya mah ngga ngntod"
1,"Hati hati guys, saya coba tanya di kantor pajak langsung, katanya tidak ada aplikasi resmi dari direktorat pajak, jadi jangan mudah percaya guys"
1,"UDAH WEB GAJELAS, DI APK INI MALAH ANEH.. UANG MAU DI SETOR KE NEGARA AJA DIBUAT SUSAH, LEMBAGA KOCAK"
1,"Mengajukan lupa EFIN, sudah ngisi syarat2nya, katanya dikirim lewat email, tapi sampai sekarang nggak ada email masuk. Chat lewat Live Chat juga respon bertele2. Mau tertib kok susah amat."
1,Tidak berguna
5,Top
1,Gabisa daftar
1,Servernya offline gak ngirim code verifikasi
1,Keren aplikasi nya
5,pelayanan pajak prima dan praktis
1,Aplikasi tersusah di muka bumi ini.
1,aplikasi gak berguna anggaran besar tapi hasil nol mau login email malah ganti sendiri ke email lama padahal udah update verifikasi lewat no hp tri gak masuk2 smsnya parahh
1,Aplikasi tolol
5,Ok
1,Lupa password juga bingung harus gimana? Gak ada menu lupa password. Di website juga bingung. Harus ada kode EFIN. Kenapa org yg mau bayar pajak aja sulit ya 😂😂 wakanda emang bgini
1,Lupa efin Ndak bisa lewat sini Susah amat
1,Benar benar Parah
1,"Aplikasi ga guna, lemotnya minta ampun"
1,"Coretaxnya gajelas cok, mau bayar pajak aja sulit."
5,"Proses cepat, thanks"
1,Aplikasi gak guna... gak bisa membatu apa-apa.... menu daftarnya aja gak ada....
1,Aplikasi tidak bekerja. Ujung ujungnya tetap ke kantor.
3,"Nomer NPWP nya masig 15 digit, padahal di npwp skarang udah 16 digit. Jadi ga bisa bikin efin"
1,G guna
1,"Apaan, gagalterus pas verifikasi EFIN. Tolong segera diperbaiki."
1,Aplikasi bermasalah tidak bisa digunakan
1,Ga bisa login padahal sudah aktivasi
1,Bayar pajak aj bikin susah rakyat. Ribet
5,Bagus
1,"Gunanya livechat diweb dan diaplikasi pajangan doangkah? Untuk diakses susah amat live chatnya. Koneksi terputus mulu. Coretax susah diakses lagi, mau daftar malah nik sudah diduplikasi mulu"
1,"Update 2 januari tetap bermasalah di pengisian EFIN,mohon segera di tindak lanjuti dn jngan hnya diam saja. Segera layani masyarakat mu jika ada keluhan,jangan cuma dilihat saja keluhannya. KELUHAN SAMA,TANPA ADA PERBAIKAN."
1,"Mau buat efin online trus dimintain masukan NPWP 15 angka sedangkan NPWP saya ada 16 angka, kurang satu angka gak bisa dimasukin. Kocak"
5,Top
3,Buat daftar NPWP aja susah minta ampun
1,Apk gajelas baru download gabisa di buka malah force close Klo game berat wajar lah ini apk apaan. Butuh spek gaming kah biar bisa kebuka kocak!!!
1,"mau bayar pajak bulanan aja susah.. mesti bikin coretax, sekali bikin susah minta ampun..gak bayar kena denda.. bikin pusing aja +62, system triliunan kyk gini"
1,Saya baru aja menggunakan aplikasi ini dan sudah daftar kenapa pas mau login selalu salah unsernamenya padahal jelas saya sudah benar sangat tidak membantu
1,"Fitur tidak lengkap, percuma"
1,"Kebanyakan aturan apk gk efisien ribet ruwet,mau bayar pajak dipersulit.."
5,Ok
1,"semakin membingungkan, setiap tahun susah login malah harus ke kantor pajak dilu"
1,"Aplikasi tidak jelas, sekalinya anda menginstal aplikasi, siap siap hp anda nge Heng..."
1,Jelek
1,Intinya ribet dan kurangnya efisien
1,"Mau input nomor npwp, sedangkan nomor nya sudah sama dgn nik total 16 angka. Tapi di kolom input nomor npwp hanya bisa input 15 angka saja"
1,Sekelas kementrian keuangan bkin aturan malah ngeribetin... lapor spt nunggu kode verifikasi hampir 3hr gk masuk2..
5,Ok
1,Server lemot parah untuk sekelas pemerintah tolong diperbaiki heran asli
1,"JELEK BANGEEEEEEET YA ALLAAAAAAH 😭😭 GA BANTU SAMA SEKALI, MANA LIVE CHAT NYA ERROR MULU, ASTAGFIRULLAAAAAAAAH"
1,Apl abala abalan
5,Sangat membantu dan gak ribet
1,Kayaknya kita yang bayar ya..tapi kenapa kita juga yang lebih rueepot 😄
3,"Di aplikasi saya, kenapa tombol efin nya tidak ada, yg muncul hanya tombol beranda dan bayar, mohon petunjuknya 🙏"
1,"Aplikasi pemerintah payah Masak mau lapor pajak tiba2 alamat email saya berubah sendiri Terus datang ke kantor pajak, pegawai bilang error dr pusat dan banyak alamat email yg berubah sendiri dan tidak bisa untuk pelayanan lapor pajak Terus kita mau lapor pajak bagaimana??? Kalo kita gak lapor kena denda tapi sistemnya kayak begini Sudah ketahuan gimana bobroknya pemerintah dan instansi yang seperti ini"
1,Saya mau buat spt masuk akunnya saja susah harus konfirmasi email sm telpn tapi g ada pemberitahuan code diemail sm telpn gimana mau laporan
1,"Buang2 anggaran biki aplikasi di jaman teknologi gini ajh ga becus, banyak bug gapernah di benerin."
1,"GIMANA RAKYAT MAU BAYAR PAJAK URUSAN APLIKASI AJA BANYAK ERORNYA BUGNYA DIMANA MANA, HEIII PERBAIKI DULU APLIKASIMU JANGAN KORUPSI MELULU"
1,Apk ga ada guna. Ga sesuai fungsi. Ga bisa di jalankan. Hanya untuk modus mengeluarkan anggaran pembuatan apk.
1,"Mau login, sudah memasukan NPWP/NIK serta password yang benar, tapi tetap gak bisa login dan dinyatakan salah terus. Sementara login di web DJP Online gak masalah. Jadi kesimpulan sementara sebenarnya aplikasinya yang salah."
1,Kagak ada guna nih apk. Buat minta efin aja sulit bgt.
1,Mau laporan SPT saja susahnya minta ampun
5,Memberikan kemudahan dalam administrasi dan pelaporan pajak tanpa harus datang dan antri secara fisik di kantor pajak
1,Ini aplikasi untuk apa? Tidak berguna sama sekali Atau cuma buat aplikasi untuk menghabiskan anggaran saja.
1,Aplikasi gak guna!
1,"BAYAR PAJAK DOANG, APKNYA GA BERJALAN DENGAN BAIK. PERTANYAAN SAMA CS KAGA BISA"
1,"Orang mau lapor aja susahnya minta ampun, masuk web juga gk masuk2, lantaran verifikasi gak masuk2, via email maupun no telp. Pake aplikasi sama saja, mau lapor aja seneng banget nyusahin rakyat.."
1,lambat
1,"Saya maunya lapor pajak, cumaN NPWP nya di.persulit Sudah tinggalnya d kepulauan Giliram urus online Tetap aja suruh ke kantor Ahh Bodo amat lah Bukannya mudah Malah nambah pengeluaran Kl cumam.seratus ribu.ma gpp Ongkosnya Juta ne kl harus ke kantor Mending ogah"
1,Nggak berkembang
1,OTP lama banget. Uang pajak banyak bikin aplikasi sulit
1,Aplikasi belum siap udah dipublish aja... Nyampe kantor pajak disuruh pake website! Petugasnya ngga welcome pula.. 🤣
1,susah sekali login
1,Eror teruuuus dari zaman dulu gk ngasih solusi
5,"Terimakasih sangat amat membantu, lupa efin diaplikasi ini hanya membutuhkan waktu beberapa menit, efin langsung masuk email.."
5,Ok
5,Membantu lapor pajak
5,Baik
1,"Salah satu hal paling t*lol dari pajak di Indonesia adalah kami yang kerja, kami yang bayar pajak, kami juga yang perlu repot lapor2an."
1,"Apa apaan ini aplikasinya udah lengkap semua data yg diminta, malah dipersulit, padahal bener2 lupa efin Niat buat aplikasi ga sih, kalo emng ganiat buat aplikasi sekalian aja nyuruh masyarakat datengin langsung kantor pajak yg terdekat buat npwp,dihapus aja apk nya ga guna juga Jaman canggih TPI apk bobrok!"
1,Ga bisa login anjinggg
1,"Lewat apk Dipersulit, padahal mau membantu negara dengan bayar pajak"
1,Untuk buat npwp aja susah. Aplikasi nya ngga jelas banget. Live chat nya ngaco ngapain dibuat kalau ngga bisa ngebantu.
3,Pelayanan CS via WA udah gak ada respon.
1,Langsung uninstall lagi aplikasi gak berguna
1,Aplikasi gk guna dan gk mutu
1,Kalo belum siap dgn sistem nya jangan langsung dijalankan
1,Aplikasi ngebug daftar npwp susah banget lain kali satelit nya sambungin aja sama gmaps jgn di suruh nyari sendiri ribet banget masa nyari in rumah dari sebnyak itu. Di pikir gampang nyari in rumah dari satelit mana gabisa di zoom
1,"Ko sekarang beda aplikasinya ya???.... Woy gw udah bayar pajak aja masih repot di suruh laporan juga.... Mending kalo laporan nya gampang, malah tambah ribet!!!"
1,"Kenapa cuma verifikasi aja udah 2 hari lebih gk kelar dah gitu bikin hp eror kena virus ,,habis itu katanya bayar 10.000 ribu saja buat materai tapi kenyataannya saldo direkening saya malah kesedot semua mohon penjelasannya dan urusunnya gimana sampai terjadi kaya gini.kita masyarakat kecil bukannya dibantuin malah dirugikan"
1,"sistrm baru malah bikin kesulitan,giliran dateng ke kantor di suruh daftar online,mau berkontribusi ke negara malah di susah in,mending gausah bayar pajak ges"
1,Buat daftar aja susah
5,Sangat membantu
5,"Mantap, berfungsi dengan baik"
3,Saya ingin mendaptar mpwp kok sulit. Caranya
4,Ok
5,"Alhamdulillah,,,, proses permintaan efin sangat cepat, gk perlu waktu lama lgsg dikirim ke email. Mantap"
3,"Sekelas Pemerintah, Sistemnya seburik ini 🗿🗿🗿"
1,Aplikasi nggak jelas anj memang. mo daftar tapi ga ada tombol daftarnya hanya login. gimana caranya mau login kalau ga ada akunnya .
1,"Aplikasi apa si ini nomor telpon engga jelas buat verifikasi OTP dan email-nya pun juga engga jelas, aneh banget buat aplikasi ke tukang kebun kayanya engga jelas gini Punya anggaran bukannya buat aplikasi untuk memudahkan malah mempersulit masyarakat bikin pusing"
1,"Tiap tahun mau lapor pajak pasti ada-ada sistemnya tidak efisien, dibuat ribet tiap tahun gonta-ganti sistem, tapi tetap saja mempersulit untuk lapor pajak!!! Gak usah gonta-ganti tampilan perbaiki dulu sistemnya biar mempermudah orang,, karena gak semua orang paham lapor pajak ginian!!!"
1,aplikasi jelek bikin susah pajak sudah di bayar susah login bikin susah rakyat saja
1,"Heran. Ngga paham. Instansi pemerintah sebesar & sekelas ini, apalagi reminder : pajak2 pajak2, tp aplikasinya yah cuma begini. Giliran anak sy mau daftar NPWP sj susah. Disuruh daftar online. Coretax2. Tp situsnya lemot abis. Ribet pula. Mdh2an pegawai2nya ngga ikut lemot ya."
1,"Lupa efin di suruh lewat m pajak , udh di coba tpi pas mau ajuin pas bagian verifikasi email/sms nya ga bisa di klik coba ?? Kenapa itu ngebug atau gimana dah ? Udh di apus instal ulang sama aja ga bisa juga ngebug aplikasi nya . Ini kan aplikasi dari pemerintah nih kalo bisa di tingkatin lagi dong masa mau tau efin aja susah pake segala ngebug gitu aplikasi nya ."
3,Buat temen temen yang lupa efin mending langsung ke kantor pajaknya soalnya kalau lewat wa atau live cht lama dan susah malah kita di buat susah apa lagi nunggu kode ini itu
2,Saya mau registrasi kenapa tidak bisa😔
1,"1 kata aj buat nih apk ""busuk"", anggaran banyak buat bikin apk pemerintah tp gini hasilnya. kalo bisa nih yg bikin apk dari pihak swasta aj biar gercep pelayanannya."
1,"apk sampah, gimana Indonesia mau maju kalo aplikasi pemerintahannya aja kaya gini, lamban parah, ga bisa bayar pajak."
1,Aplikasi Ra jelas
1,Aplikasi ga guna!!
1,Aplikasi gak guna banget
1,Kode verifikasi ngirimnya lama bet kek keong
1,Aplikasi ribet
2,"Sampahhhhhh, masa kesalahan nya terus terusan di bagian kolom penulisan Kelurahan, Kecamatan dan Kota/Kabupaten nya mulu, udah di coba 20x cara penulisan dirubah masih aja muncul error code dengan keterangan kesalahan yang sama."
1,Aplikasi apa ini login udah sesuai nik sma pasword masa keterangan salah terus...gblk
1,Aplikasi mbobrok Berserta instansinya Ribet
1,"Mau bayar pajak aja susah, coretax ribettttt."
1,Habis di update makah eror apk apa ini.
1,Ini gimana kok ga ada option lupa pasword?
5,Memberi kemudahan dalam masalah layanan perpajakan. Nunggu balasan email utk nanya efin harus saat jam kerja... harus sabar emang
1,"Buang2 anggaran aja, g guna"
1,"Di era digital seperti sekarang ini, pelayanan online malah tidak bisa diakses dgn alasan klasik under maintenance. Ya begitulah situs pemerintahan."
1,"Bayaran gedi doang bikin aplikasi ama situs ecek2..kerjanya gak guna, udah mending kasih ke BCA aja yang lebih sat set dan kerjanya bener"
1,Aplikasi tidak beres orang masuk kirim kirim kode verifikasi ke email orang masuk di bilang kode salah ? Di ulangi begitu lagi kalau salah napai mengirim kode salah ke email ?
5,좋아요
1,"Aplikasi Sampah, Cuman mempersulit"
1,Lambat sekali sistem nya
5,Bagus' 👍
1,"Ini saya mau daftar kok gak bisa bisa ya ,gak ada fiturnya gak jelas, saya mau daftar malah minta nomor efin saya kan mau daftar bukan login gimana sih minta nomor efin malah kekantor terus ngapain buat online"
4,Aneh... tampilan kartu npwp di web dan aplikasi beda. Diweb nmr krtu 15 dan 16 digit. Diaplikasi hanya 15 digit
5,Mntap
2,Chat live tapi ga bisa ngetik
1,"Aplikasi sampah... Gak guna, aplikasi pemerintah rata rata seperti sampah hanya habisin dana tapi tidak berguna."
3,selalu kesulitan utk melakukan pembayaran pajak bulanan.
1,Gaada fitur lupa password? Fix dulu app nya baru pakai uang pajaknya
1,dinas pajak bodokkkkk.....mau ngisi negara asal malah ga ada Indonesia
1,PAJAK VIA ONLINE SEMAKIN RIBET
1,"Aplikasi parah ni,.coba verifikasi EFIN aja gak bisa Nyesel saya download nya anying"
1,Apk parah ga bermutu
3,"Mau pasang listrik di Indonesia harus ada nidi , slo, siup dan nib, buat siup dan nib harus ada no npwp, giliran buat no npwp registrasi situs tidak ditemuakn, coretax. susah kalau urusan sama pemerintah, buat aturan tapi dipersulit sendiri. Kocakkk"
1,Apk apaan si ini serba serbi eror!!
1,Apakah ini real
1,"Up date terus, sampai hp tdk kompatible"
5,Sangat membantu
1,"aplikasi ga guna kalau kurang menarik ga becus dan uji coba aja kayanya dan ga mampu bayar IT utk sistem onlinenya , saya pernah buat online sampe sekarang ga bisa npwp saya dan ga becus juga CS nya makan gaji buta"
1,Ribettt
1,Aplikasi Awikwok Lolot Cuih
1,Dagang es teh ae udh nyusahin rakyat doang
1,Aplikasi ini sangat tidak berguna. Meskipun sudah update tetap tidak berguna. Aplikasi ini Dibikin Cuma ngabisin anggaran.
3,SygSyg r b asal Barbados rt rrrrd
1,MAU URUS EFIN SURUH MASUKIN NPWP SEKARANG NPWP SAMA DENGAN NIK ( 16 DIGIT ) SEDANGKAN MAKSIMAL MASUKAN NPWP PADA KOLOM EFIN CUMA 15 DIGIT SAAATTT SAAATTTT
1,"Aplikasi ribet , memaksa rakyat taat pajak tapi pelayanan menyulitkan . Apalagi para pekerja di lokasi pedalaman . Ngejar2 pajak mulu imbal baliknya minim"
1,Mana tombol EFINnya? Gak profesional
1,"Error, error, error, error, error, error Capek bet"
1,Ni guna nya apk buat apa . Gx bsa login ke web . Tp d apk ni bsa . Tp gx bsa laporan spt pajak . Trus guna nya apa
1,Gak guna
5,Okk
5,Oke
1,"Username dan password salah wkwkk, eror."
5,Cepat selesai
1,"Aplikasi ga guna, cs selalu sibuk ga bisa di chat👎👎👎"
1,Tiap mau login errornpwp1516 kenapa ya? Bug kah?
1,App sangat buruk selalu error ketika login. Tolong la perbaiki agar kita bisa akses app dengan lebih mudah
5,"Alhamdulillah sistemnya udah di update, tanya kode ifin langsung patass. Ok tingkatkan lagi untuk mempermudah masyarakat, untuk taat perpajakan"
1,Apk apaan dahh lemot bgtttt
5,Sangat bagus dan membantu
1,"Sangat lemot,dan tidak ada tanggapan keluhan akan aplikasi,gini mau maju gimana,aplikasi sekelas pemerintahan dibikin gk niat sama sekali"
1,"Sulit diakses, disaat butuh pembuatan npwp online buat kelengkapan administrasi malah tambah sulit. Setelah opsi pernyataan semua terisi. Akses di bagian no 7 loading lambat. Terakhir ulang lagi dari awal, dan tetap seperti itu. Mana pulsa terpotong terus tiap ngirim kode. Sekali pencet lama masuk. Gitu kedua kali pencet masuk bersamaan. Tolong sebelum menerapkan aplikasi ini di akses/coba dahulu oleh pihak pihak yang memahami. Dan memberi demo yanglebih bisa dimengerti oleh setiap kalangan."
1,Ga bsa bikin ebil...trus kapan bsa bayar..krna denda mi
5,Sangat membantu
1,Tdk bisa kepake anjir 😌
5,Top
1,Live chat susah di akses. Registrasi susah sekali. Mau taat pajak aja susah.
4,Good
1,"Aplikasi nya sulit diakses, web nya pun gajelas gabisa akses terus, dan datang ke kantor pajak cimanggis depok pelayanan dari satpam nya gajelas juga, masa orang tanya malah ditanya balik gak kasih arahan sama sekali, udah mana cuek orangnya jawabnya juga sesuka hati dia aja"
1,Pelayanan lama yang didulu orang terdekatnya sudah nunggu daritadi
1,Eror
5,MemudHkan segala urusan👍👍👍💪
1,Aplikasi pemerintah kok lemot kek gini dan keseringan eror mohon di perbaiki trimakasi
1,gak jelas
1,"apakah nama djp disalah gunakan bt penipuan,krn sy di tlp pakai logo ini,ngaku vertivikasi data umkm, fan di arahkan dwld ini,dan sruh ok² di macam2 ,semoga pd hati2,dimintai data internal hp"
1,"Apk ngga responsif,lemot,dan tidak membantu sama sekali lebih baik hapus Aplikasinya,karena tidak membantu sama sekali justru merugikan pengguna yang memakai,karena buang banyak waktu ,dan nihil hasilnya"
5,bagus
1,"Terimakasih, Kalau ada lagi menu EFIN nya, aku tambah lagi bintangnya"
1,logot sendiri mending versi lama
1,Sampah gbisa di gunakan buang waktu saja
1,kenapa ya tidak bisa masuk sperti aplikasi tdk berfungsi saat ini
1,login aja gabisa padahal udah dikasih surat penerbitan akun wajib pajak dari KPP
1,kalau ada yang sulit kenapa cari yang mudah...
1,"Biar bintang yg menilai,🤬"
5,Susah belumbisa
1,mau buat npwp saja di persulit coba daftar online eror mulu
1,"Aplikasinya sangat lambat. Kita ajukan berulang kali untuk mendapatkan kode EFIN pun selalu saja gagal. Masukkan kode OTP yang dikirim oleh sistem pun dibilang ""SALAH"". Tolong diperbaiki aplikasinya. Jika tidak bisa digunakan, silahkan kunci saja aplikasinya."
1,Tolong kalau kerja yang serius
2,"Aplikasi tergaberguna asli udah di coba verifikasi email Ampe berhari hari tuh email kaga masuk masuk, sue bnget dah, ujung ujungnya malah harus Dateng ke KPP langsung akhh tolong dong yaa di tingkatkan lagi untuk masyarakat, katanya lebih mudah klo digital ini malah mempersulit, mau login ajh GK bisa bisa , gimana klo lagi keadaan terdesak"
1,Aplikasi tolol d bikin g bisa login😁😁😁
1,"u know laah, useless"
1,"Kok tolol kali pengembang aplikasi ini, verifikasi nomor udah sesuai malah salah terus, apa sih, sesuai rating nya low, app ga di benerin, kerjanya apa sih"
1,"Tidak ada menu ""Lapor"" SPT tahunaan ASN 1770s, kalau buka melaui broser baru ada."
1,"Katanya suruh akses fitur live chat, pas udah di akses ga terhubung"". Uang pajak yg kita bayar dapetnya apk beginian?"
5,Ok
1,Aplikasi gak jelas.. Telp nomer cs sibuk terus..chat eror terus. Masuk aplikasi gak bisa reset passw..dr chrome bisa masih pake no effin.. Aplikasi buat mempermudah bukan malahan bikin emosi
5,Mantap
1,"gk guna, coretax eror trus ke kntor pajak katanya hrus onlen buat npwp."
1,pakai aplikasi susah..ga bsa bikin ebil...ribet
1,"Aplikasi yg tidak pantas untuk di kasih ranting.mau login susah,chat ke Cs sama susah,gimana mau laporan pajak kalo aplikasinya seperti ini, Menu LUPA PASSWORD juga gk ada👎👎👎👎👎👎"
1,Saya berulang kali daftar ada aja kendalanya di aplikasi online ini. Tolong lebih ditingkatkan lagi
2,"Makin sulit ,apliksiNya sering troble GK seperti yg dulu sangat di sayangKan"
1,Tidak ada menu EFIN
1,"Minta EFIN, eror mulu. Padahal udah benar informasinya, live chat ga pernah bisa. Padahal ga ad gangguan internet."
1,Sekarang makin aneh aja gk jelas banget bgbug nyah semenjak pembaruan sistem bikin orang orang pusing jelek banget apak nayh
1,PAYAH
5,Ok
1,"kalo belum siap aplikasiinya jangan apa"" online sekarangg yahhh mau laporan pajak aja susah banget secara onlinee klo belum ready ngapain wajib lapor lewat aplikasi"
1,tidak bekerja dengan baik
1,"Aplikasi yg seharus nya bagus kualitas nya untuk masyarakat malah eror semua,"
2,Maaf nih kenapa yah waktu pengajuan efin di saat verifikasi kode yg di kirim via sms atau email selalu salah terus padahal bener kok kode verifikasinya. Tolong di perbaiki lagi apk nya
1,Gak guna
1,Aplikasi busuk gini ngabisin anggaran negara aja !!! Pelayanan kek kadal
1,"Aplikasi tolol ,it nya suruh belajar lagi"
1,Aksesnya lemot bgt
1,"Aplikasi sampah, kantor pajak kerjanya lambat, kita harus tunggu sampai sore, taiii"
5,Ok
1,ampas
1,Pada ga becus bikin apk!!! SELAMAT sudah menjadi aplikasi pemerintah yang tidak berguna!
1,HAMA HAMA HAMAAAAAAAAAA
1,Aplikasi ampas daftar npwp aja dipersulit. Bisa nya cepet klo pake CALO
1,Aplikasi gak guna
5,xml dan jdon fi perbaiki
1,Penipuan
5,Good apk
1,"Lapor pajak sangat sulit, panduan jelek, tidak ada kurikulum literasi pajak di sekolah. Makasih sudah buat frustasi."
1,Live chat kagak pernah bisa. Di aplikasi maupun website. Buat apa bikin aplikasi kalo gak guna!
5,Ok
1,sampah
1,"Menu Efin nya ga muncul min, perbaikin dong"
1,Tidak membantu sama sekali. Gitu aja udah.
1,"full bug , APK gajelas ."
1,"Kecewa kok 2025 makin sulit untuk mengurus kartu NPWP dan efin,, Padahal mau bayar pajak kok di persulit"
1,"Barusan kena phising dari aplikasi ini Gaes. 43 jt ilang.. Awalnya ditelpon ,wa , di pandu kmudian vidcall utk penonaktifan NPWP scr online. Dipandu tata cara download, dari playstore Ges, bukan apk ,g nyuruh transfer, g minta pin dsb ... alus banget mainnya...benar benar kyk film film...ya Allah.. Masuknya melalui pajak.urdin .ac Hati hati"
1,Guoblooog app
1,Menu E-FIN yang sebelumnya ada sekarang hilang entah kemana😓
1,Menu lupa efin tidak ada.....kadang sistem pajak ini masih sangat kurang dalam fasilitasi masyarakat
1,Gini amat aplikasi pemerintah hdeuh emil sudah bener tapi ngebug nungguin verivikasi ampe berhari hari belum juga ada
1,Ini menu laporannya mana ya? Ga jelas banget aplikasinya
1,apk ga guna
1,"Live chat parah, Pendapatan banyak sistem gak canggih."
1,enggh bisa login dari aplikasi M- Pajak Tetepi bisa login dari browser .... Adeh gawat aplikasi ini
1,"Aplikasi Gak Tidak Berguna, Bodoh."
1,ga guna aplikasi sampah
1,Saya tidak masuk ke aplikasi .. password salah terus.ada solusi
1,aplikasi gajelas!!!
1,Sudah ku duga dari aplikasi pemerintah.. gk guna banyan masalah dan bug nya ... Yg lebih jengkelnya lagi situs nya lelet sekali ..
1,"Apk sampah,gak bantu banget,,,apk sekelas pemerintah kalah sama apk Hugo, Indo indo"
1,2025 apakah efin sudah tidak berlaku
1,"Tolong di tingkatkan lagi, aplikasi GK bisa di akses"
1,App jelek banget fitur minim banyak bug
1,"Menu effin malah di hapus bikin ribet, niat daftar online biar gak ribet tapi malah di bikin ribet"
1,Percuma pake aplikasi kalo GK bisa daftar lewat aplikasi
1,"Pendaftaran lewat coretax ribet ,, tidak ada panduan ,, pengisian terlalu sulit untuk menarik map ,, detail alamat juga susah di masukan ,, padahal semua sudah di isi sesuai data ,,tolong admin di tinjau"
1,Aplikasi ngaco..gak ada gunanya...gimana Indonesia mau maju klau aplikasi begini...di suruh login dulu.tapi menu untuk buat akun ajaa gak ada...Berharap dii permudah..tapi tambah sulit..
1,Aplikasi apassssas
2,Cara Ubah Data Gimana
1,aplikasi sering ke log out sendiri akunnya. diharapkan bisa diperbaiki
1,Aplikasi aneh masa iya lain ada icon EFIN di aplikasi nya gua kg ada aneh bet rugi download2 buang2 kuota
1,"Kantor pajak jakarta timur darah pasar rebo mau bikin NPWP aja dipersulit berbelit belit maksudnya apa coba udh 4 hari bikin NPWP aja sampe hari ini blm selesai, harus pake sogokan kah? Biar ga dipersulit heran?"
1,Buruk sekali
1,Aplikasi sampah. Server cacat
1,aplikasinya error mau lapor lupa efin aja susah
1,Kembalikan kayak dulu
1,"Aplikasi busuk, cuma bikin habis anggaran saja. Orang mo daftar harus pake efin, orang lupa kata sandi harus pake efin. Giliran mo buat efin juga di persusah, niat buat aplikasi supaya mempermudah malah bikin susah saja"
1,Masa pengajuan lupa EVIN ngga bisa padahal sudah ngisi data sesuai yang di minta .. Tinggal tahap terahir ngga bisa di pencet si
1,Aplikasi gak jelas
1,Aplikasi ga jelas! Apa apa aplikasi dari pemerintah ga ada yg jelas. Negara cuman buaat mainan!
1,"Udah bener kemaren mau ngurus npwp gampang, cek NPWP juga mudah, sekarang malah dipersulit, gimana kerja kalian ini"
1,Sekelas pajak lohh... Masa apk nya gak jelas ginii busett...gk normal
5,Sangat membantu
1,"BUAT APLIKASINYA AJA TOLONG DANA NYA KAN BANYAK YAH, BIKIN YG PROPER GITU JGN MENYULITKAN. Mau bayar pajak ni, nnti kalo gak bayar pajak kena marah, mau bayar sulit pendaftaran dll nya 🤣"
1,Gak bisa dipake
2,"Mau aplikasi, situs web, atau instansi lainnya yang berhubungan dengan pemerintahan 1. situs lemot, lama terbuka walau pakai jaringan wifi kuat, 2. cs/pengaduan/chat/gmail semuanya lemot balasnya kayak gak ada orang sama sekali, dari kedua point itu ajah sudah bisa menyimpulkan ya? Seberapa buruknya aplikasi/sistem web pemerintahan"
1,Aplikasi tak berguna...hapus saja dari google sampah
1,Susah di gunakan ga bermanfaat masuk ke live chat ja susah muter terus
1,Sangat tidak membantu
1,gaguna
1,"Aplikasi useles, niat melayani tidak anda2 ini!!!!"
2,Setiap mau masuk chat live aja terkendala error tolong diperbaiki adanya aplikasih m pajak buat mempermudah malah aplikasinya sering erro
1,G bisa dipakai
1,Jelek sangat. Tambah aplikasi ga ada cek NPWP. Web nya pun begitu
1,Aplikasi tolol.gimana mau bayar pajak
1,Bintang aja yg nilai
1,lag mulu
1,"Orang pajak bikin aplikasi gak becus , suruh bayar pajak tapi aplikasi dan website resmi bobrok"
1,"Aplikasi ga jelas, situs web juga lemot. Pake wifi pake data juga sama aja. Halahhhh bilang aja kalo gabisa online harus ke kantor pajak"
1,Mempersulit
1,"Kalo ada rating bintang 0 akan saya pilih rating itu krn anda layak dapat 0..ga malah makin baik makin parah..verifikasi terus menerus,"
3,Kok ga ada fitur efin nya yaa
1,Coretax bikin pusing
1,Ini badan milik negara. Tapi jelek sekali aplikasinya. Login susah daftar susah. . Uang negara kemana ?? Masa kalah dengan aplikasi buatan anak anak SMK.
1,"Niat gk lu bikin situs,suka eror aja bgst"
1,"Aplikasi anjayyy bgttt. Ngebug parah😭. Ini gimana mau laporan SPT kalau nomor efin aja susahnya mintak ampun. Tolonglah,ini aplikasi kan dibuat permudah untuk masyarakat kenapa lama banget sih.sudah klik meminta permohonan malah balik ke tampilan awal.padahal pake data.sudah pake wifi gabisa bisa. Aplikasi yg jelas dikit dong kalau buat😭🫵"
1,"Tidak bisa digunakan, log in selalu error"
1,uang buat web dan aplikasi terlalu banyak dikorupsi ya gini jadinya
1,"Gk jelas, login kg bisa², udah tau mau buat NPWP"
3,Saya mu bikin NPWP susah g d respon
1,"Seharusnya aplikasi ini mendapatkan bintang setengah, minimal kasih fasilitas pembuatan NPWP-nya dj aplikasi ini. Secara logika bagaimana caranya orang masuk kalau belum daftar. Rakyat dipaksa bayar pajak tetapi aplikasi pajaknya bermasalah"
1,"Aplikasi sampah buang"" anggaran ajaa ga guna!"
1,"Mau minta kode efin gak bisa Mulu , mau aplikasi atau web sama² eror"
1,Sangattttt mengecewakan Dan gak guna juga sih aplikasi ny
5,membantu
1,"aplikasi gak guna.. Error terus,,, pake duit rakyat doang bisa nya.. 👎"
1,Saya sudah membuat akun lewat web tp kenapa tidak bisa login lewat apk????!!!! Sungguh mengecewakan!!
1,"Aplikasi bangke, susah buat akses live chat juga, najis"
1,"Ini gimna cara bikin NPWP online, web bermasalah terus"
1,"Anggaran gede aplikasi busuk, Kata2 mutiara ""sinyal harus Kuat ya"","
1,"Aplikasi GAGUNA!!! Mau registrasi aja ngga bisa, muter"" mulu.. yang ada bikin bingung"
2,"Gak guna,"
1,"BUAT NPWP SEMAKIN SULIT VALIDASI FOTO NGA GAGAL TERUS,. NGAPAIN DI UBAH UBAH SEBELUMNYA SUDAH BAGUS,. JANGAN TOLOL"
1,ribet bgt mending g usah didownload
5,👍👍👍
1,Paling males punya urusan sama negara
1,ga jelass
5,Mantap
5,Aplikasi yg bagus sangat membantu.. Semoga sukses selalu bintang 5
5,Oke
1,Ga bisa diakses sama sekali
3,Maaf tolong direspon kak untuk aduan saya
1,Tidak jadi bikin NPWP
5,Ok 👍
1,"Belum juga setahun NPWP udah ga aktif, gmna si"
1,Payah
1,"Ini kenapa gak ada fitur efinn? Padahal saya liat di yutub ada fitur efin, giliran saya download malah gak ada."
1,Jelek bgt! Mau daftar di tempat selalu di arahkan ke online. Giliran pakai online webnya sering eror. Ga malah mempermudah malah menyusahkan. Saya sampai habis pulsa 15k lebih buat kirim kode verifikasi yg sering eror. !!!
5,Mantap
1,Web nya ngaco.. banyak bug tp dh buat pemakaian publik.. di coba dulu lah di berbagai browser minimal.. masukin kode verifikasi sama otp aj gk bs.. kadang malah gk bs buat ngirim kode verifikasi..
3,gmn cara buat spt tahunan?
1,Lemot
1,Apk nyusahin
5,tambah mudah aman
1,Baik website dan aplikasi semua masih jauh dari harapan
1,Wah parah aplikasinya
1,Tolong segera perbaiki.. serasa gak aplikasi gak ada gunanya.. apa lg live chatnya
2,Ada aplikasi harusnya bisa daftar via aplikasi malah ngga bisa aplikasi cuman buat login aja. Bukan tambah gampang malah tambah ribet
1,"(SEMUA) Yg berhubungan dg pemerintah koq ga pernah beres dlm jangka wkt lama. Ga yakin Indo bs jd negara maju, mgkn smpe kiamat jg ga prnh bs."
5,DJP memang yang terbaik
1,"Gak guna, kalo. Mau buat aplikasi yg niat, bisa mempermudah aksesnya untuk login dan lain sebaginya, apk dan link sama saja susah untuk diakses"
1,Apk Lol
1,Sekiranya tim IT blm sanggup launching apps. Kaga usah di publish. Nyusahin
2,"Tolong apknya di benahi dong, masa eror terus"
1,Npwp untuk daftar online tidak bisa di gunakan
1,Aplikasi babi
1,Gak gunaa buat apk tololl bgt
1,Apk busuk jangan didonlot
1,Parah... mending di hapus saja
1,Ga guna
1,Parah banget ini aplikasi.. Memalukan
1,Kayak aplikasi buatan Hacker yang di desain buat ngambil data diri kalian. Ndak berguna.
1,Ini appl apa sih ko percuma
1,Apk tidak berguna Tidak bisa di akses
1,"Apk eror terus gimana pemerintah ini sih, kok tidak konsisten"
1,"Gak guna,lelet, sama sesekali aplikasi tidak embantu"
1,Segala macem aplikasi pemerintah pasti kek gini..
2,"lemott banget, servernya ampas. semoga dev IT nya dari orang yg berpengalaman, dan digaji layak. tapi dev IT juga harus kerja yang bener."
1,Susah......loding terus....
1,Pasti yang membuat aplikasi ini orang nya pakai kacamata punya sifat pelit tidak suka membantu dan kalau sudah tua sering sakit-sakitan menderita aplikasi gak guna sulit login mutar2 terus.
5,Konsultasi Laporan Pajak Tahunan Pribadi dan Lembaga
3,"Belum daftar tapi di suruh masuk, percuma juga kartu NPWP di buat"
1,"Aplikasi ini bukan nya membantu tapi malah bikin sakit kepala, NPWP saya hilang cmn ingat nomor nya saja pas masuk di apk malah bayk permintaan nya🤦🤦"
1,"gak ada solusi, bukanya mempermudah malah mempersulit"
1,Live chat nya GK bisa d akses
1,"Hati2 penipuan a/n djp disuruh download aplikasi kemudian masuk ke aplikasi yg proses cuma verifikasi2 doang. Nanti ada kode otp, mereka minta untuk aktivasi & semua saldo di ATM akan habis"
1,Bad
1,Aplikasi error gk bisa buat akun apasih
1,Selalu eror atau salah
1,Live chat Tidak ada respon sama sekali
1,Konttooolll riibet
1,"Percuma bayar pajak, eror malulu"
1,Verifikasi terus
1,"SUMPAH LU GA GUNA BANGET NJIRRR, ga bisa verivikasi otp ngabisin pulsa aja🙄"
5,Good
1,Baru aja downloan masa 5menit disuruh update aplikasi apaan ini
5,"Sebelumnya punya masalah di aplikasi ini. Per tgl 27 Desember appsnya sudah diperbaharui.. yang sebelumnya punya masalah di verifikasi, skrg sudah bisa. Boleh di coba lagi."
4,Masih bagus
1,"Aplikasi nggak berguna,saya sudah 3 jam mengakses live chat selalu saja tidak bisa terakses dengan alasan jaringan tidak stabil, kurang stabil appa jaringan saya sudah pake wifi langsung di pusatnya Indihome masih saja alasan nya karena jaringan tidak masuk akal skli. Klo mmng aplikasinya tidak bisa digunakan yah.... tidak usah di adakan"
1,mau daftar NPWP online. otp ngga di kasih tapi pulsa kepotong kebijakan ngga jelas korup tolol giliran otp udah di kasih gak bisa di verif maksud nya apa tolol
5,"Terimakasih min updetan kali ini lebih baik drpda sebelumnya, sekarang tombol OTP verifikasinya sdh bisa d klik, jadi mudah deh untuk mendapatkan EFIN"
1,aplikasi idiot
1,Aplikasi tolol kalau gak bisa di pakek ngapain buat
1,Kenapa ya kalau aplikasi layanan public tu banyak banget eror nya enga dari aplikasi maupun dari web nya selalu banyak banget kendalanya bukanya mempermudah masyarakat malah memeprsulit
1,Apk babi
5,ok
1,Aplikasi sering error
1,Validasi otp gagal terusss
5,sangat membantu
1,"INI DANA BUAT SERVER YANG BAIKNYA SUDAH DIKORUPSI DULUAN INI, SERVER LELET BUANG2 WAKTU AJA DISINI, LAPOR PAK PRABOWO"
1,Ga bisa dipakek buat kirim kode verifikasi ga bisa apa apa
4,"We,z"
5,Ok
1,Ini aplikasi penipuan. Bukan aplikasi resmi. Jangan di install. Sudah banyak korbannya
5,Sangat membantu kemudahannya
5,Aplikasi yang sangat bagus
1,Validasi sangat super susah ribet menyusahkan apk taekkk
1,"Payahh, verifikasi otp aj ga bisa di pencet"
2,Indonesia negara banyak drama plus ribet
1,"Biasalah aplikasi buat pemerintah mah emang ga ada yg beres, minta EFIN kode Verifikasi di pencet ga bisa2 kocak2."
1,aplikasi mbelgedes
1,"Update nya malah bikin pusing, malah bagusan sebelum update"
1,"Error terus, sampai sekarang belum bisa masuk"
3,Kita coba aja la dulu ni apk.
5,Berulang kali daftar gagal melulu kenapa
5,Sangat bagus
1,hadeh
1,MAU NIPU APA GIMANA
1,Aplikasi bego
1,"Di perbarui kok malah tambah begini, akun sering keluar sendiri selalu login terus. Perbaiki lah jangan di biarkan saja aplikasi semakin di upgrade semakin bagus bukan semakin cacat"
1,fitur lupa password login apk ga da
3,"Kanapa ya pasa saya mau daftar efein malah ga bisa pas, pengiriman kode otp nya"
1,"hati2 saya baru saja ditipu menggunakan aplikasi ini , uang saya di m.banking ditarik semua .. penipuan"
1,Aplikasi konyol
1,"Otp sudah dapat tapi tombol verifikasi tidak hidup, oon bgt yg bikin, android 14"
1,"aplikasi pemerintahan gk ada yg beres, verifikasi gk bisa"
1,Ini tombol verifikasi kode ga akan d buka kah?
1,Tidak membantu sama sekali.. Tetep aja harus datang ke kantor pajak Padahal bukan mau nyolong mau bayar pajak masih aja di persulit Mau minta no effin pajak aja susah nya udh kaya apaaan... Di gajih sama yg bayar pajak aja masih di persulit
1,"Aplikasi ga guna, akses lupa efin ga bisa Masa aplikasi sekelas pemerintah kayak sampah"
1,"Niat nya mau recovery efin malah tombol verifikasi kode nya gabisa di pencet, hadeuhhhh...."
1,"Jelek banget, gk bantu, nyusahin iya, masa buat verifikasi malah gk bisa ditekan-tekan sampe waktunya habis. Tetot diulangin aja trs berkali-kali hasilnya juga sama, gk bisa. Ini knp bikin apps begini sih -_-"
1,"Lupa EFIN, sudah dapat nomor verifikasi dari email tapi diinput tidak ada respon padahal sudah benar nomor verifikasinya"
1,"Aplikasi cacad, jangan di download"
1,"Masyarakat mau disiplin dengan bayar pajak, adanya layanan online mempermudah semua apalagi yg terkendala jarak. Bayangin aja orang plosok kabupaten nempuh jarak puluhan kilometer cuma buat ngurus ginian doang ke ibu kota kabupaten, nah enak ada online, ngerasa praktis. Tapi giliran online malah busuk juga, bukannya makin praktis malah makin ngerasa sia sia bayar pajak, duit kita yg harusnya manfaat buat kepraktisan itu malah gagal; Contohnya kirim kode OTP via email tapi verifikasi aja gabisa."
2,saya kasih bintang 2 dulu soalnya baru coba
5,Saya hanya ingin lihat data PPh 21 saya
1,"Sudah diketik kode OTP, malah tidak bisa verifikasi 🧑‍🎄🧑‍🎄 selamat natal aplikasi yg penting dianggap kerja oleh pihak kementerian."
1,"Hati hati ini aplikasi pishing, aplikasi penipuan jgan di download atau di install, Logika saja instansi pemerintah yang bisa dibilang banyak uang kok aplikasi kayak gini Djp , tidak bermutu.. Sekali lagi INI APLIKASI PENUPU JANGAN DI DOWNLOAD/INSTALL!!! Terima kasih,"
1,ga usah bayar pajak..lagian korup.
1,Verifikasi lupa efin error
1,"Kayak man kek gini org lagi butuh jadi susah dibuat apl nya, verifikasi otp aja gabisa"
1,"Tombol verifikasi OTP di menu EFIN tidak bisa di tekan, alangkah baik nya sebelum release ke playstore di cek lebih mendalam lagi dengan QA, jadi nggak ada istilah hot baked code langsung di release di production seperti ini"
1,Pelayanan pemerintah sangat buruk
1,Aplikasinya Lemot banget padahal jaringannya normal
1,Dasar konoha akses gini aja sulit dan ga full service.. parah
1,"Tombol verifikasi disable, semoga cepat di update."
1,C*k minta kode verifikasi tapi tombolnya tidak berubah asu.
1,"Kode token lewat email gak muncul, lewat SMS baru bisa muncul, tapi tombol verifikasi gak bisa di tekan..."
2,Kode OTP permohonan efin tidak bisa dikonfirmasi... Tolong diperbaiki...
1,"Apk jelek,web juga jelek"
1,"taekkkk, gari verifikasi otp malah gak iso"
1,Anggaran gede sistem cacad
1,Aplikasi apaan ini woy kode efin ga bisa di tekan
1,Sangat jelek sekali. Tombol verifikasi tidak dapat ditekan.
1,"Tolol npwp online tolol pembodohan, nyusahin org"
1,Mengajukan efin pas menu verifikasi nya tombol nya tidak bisa di tekan pdhl angka nya sudah sesuai.... Aplikasi bikinan pemerintah emng banyak masalah nya....
1,"Ga bisa di klik verifikasinya, udah via sms maupun email tetap sama. Sekelas Pemerintahan punya aplikasi seperti ini, kacau sekali.."
1,Otp verif gabisa di klik
2,"kebanyakan bug eror perbaiki lahh, biar kita ga terlalu buang waktu"
1,"Aplikasi gak bener, sudah masukkan kode otp tetep gk bisa confirmation code untuk meminta EFIEN, apknya gak bener kebanyakan korupsi"
2,"Aplikasi masih terlalu banyak bug, verifikasi kode efin aja ga bisa lah macam mana"
1,"Teu bisa dibuka, nyeun bala bala gehu weh meh ngenah."
1,"Mau buat EFIN, tp verifikasi gagal terus, padahal data yang diminta sudah bener semua. Gimana bisa lancar bayar pajak klo begjni, hal spele bgini aja dipersulit."
5,sangat membantu
1,"Disuruh ngirim kode pas di masukin malah gak bisa , apk kualitas rendah"
1,"Min, tolong dong perbaiki aplikasinya. Selalu terkendala di verifikasi utk minta efin"
5,"Hati hati dengan penipuan dengan mengatasnamakan pengembalian pajak, karena ada aplikasi m pajak yang bisa hack device , hati hati"
1,"Susah benar ini registrasi EFIN di DJP ,yang mudah cuma cek NPWP"
1,Aplikasi gak guna ngebug
1,"pas registrasi menu efin malah ga bisa di pencet menu selanjutnya padahal kode verifikasi sudah di masukin udah nunggu 10 menit, aplikasi ga jelas"
1,Aplikasi ancur gk becus bikin aplikasi. Di web bisa login disini gak bisa.. bodoh
1,"bangke pisan,tombol yg harus d klik ga konek2.jngn d lncurkan klo blm memudah kan penggua"
1,Verifikasi OTP untuk EFIN nya error
5,Mempermudah pembayaran pajak
1,"Ini yg ngurus aplikasi kerjanya ngapain aja ya, bug tombol verifikasi otp efin ga bisa di klik, jangan makan gaji buta bro, kerja yang bener, urus aplikasi yang bener"
1,Bisa gak sih buat website itu yang bener bolak balek verifikasi otp ga bisa bisa makanya kalo buat website jangan banyak di korup
1,"Dunia sudah serba digital kok apa-apa harus ke kantor, bagaimana kalo yg tinggal di daerah akses ke kantor membutuhkan waktu 4-5 jam. Cuma sekedar minta aktivasi EFIN harus datang ke kantor. Terus apa gunanya aplikasi ini bukannya bertujuan untuk memudahkan. Kacau."
2,"saya mau daftar efin tapi setelah angka verifikasi keluar dan saya masukkan tidak kunjung menyala tombol verifikasi kodenya. kok jadi ribet bener ya,, mau lapor pajak saja kok ribet gini"
1,"Tiap otp gagal trs di website ade gw mau daftar NPWP gagal mulu pdhal kodenya di kasih + pulsanya di sedot, gw mau masukin epin udh dpt OTP tp tombol verifikasi gk nyala, gmna sih gaje banget yang aplikasi dan websitenya"
1,Aplikasi cuci uang pajak akhir tahun doang kode nya masuk tapi tombol verifikasi nggk berubah warna nggak bisa ditekan
1,"Gabisa klik verifikasi kode, ga bisa yah bikin apk ?"
1,"Cik atuh lewat WhatsApp otp tuh kan udah canggih, dana kalian kan besar masa iya sistem otp masih jadul pake SMS, mana beban di tangguhkan ke kita sebagai user, please lah kalian tuh perusahaan besar bukan perusahaan iclik, sistem CCD"
1,Sudah dipakai menipu istri oleh oknum
5,Bagus
5,Ijin dibantu cara kerja aplikasinya🙏🙏
5,Good
2,"Masih banyak yg harus di perbaiki sih klo apk sekelas Pemerintah meneurut saya, terutama di bagian verefikasi kode otp Efin gk bisa di klik itu meski kode nya udh di masukin🥱"
5,"Sangat membatu untuk pembayaran pajak ,tampah datang kekantor ya"
1,Kode verifikasi bnrin
1,Kenapa harus dipersulit untuk pendaftarannya.padahal mau bayar pajak harusnya dipermudah
1,Sangat tidak membantu... Lupa EFIN mentok di verivikasi
1,"Gak bisa verifikasi kode OTP di menu EFIN gimana ini? Ngabisin pulsa aja dah, gabener"
1,"apalahh gabisa masuk, aplikasi error inimah.. rusakk"
5,Baik
1,Ga di apk ga di web bug nya parah ingat ini instansi pemerintah lo duit pajak nya pakai untuk sistem sebagian jangan di telan sama oknum semua ya
1,Kocak kocak aplikasi konyol daftar tapi susah validasi kocak
1,Udah..udah... Fix apk jelek
1,APLIKASI TOLOL
1,Sering error dan loading lama saat absensi
1,lemot
4,Tolong tombol verifikasi OTPnya diperbaiki. Selama itu kah memperbaiki bug tersebut?
1,Please fix bug verifikasi
1,aplikasi cacat. kebanyakan korupsi sih lu aplikasi aja cacatnya minta ampun
5,Sangat membantu
5,Mantap
2,2 bintang dulu karna blm di coba
3,Halo admin m pajak tolong jelasin kenapa kode otp udah dimasukin tapi tidak bisa di ketik verifikasi nya?
1,"Sampah, verifikasi otp gabisa"
1,Verifikasi kode susah banget...kode udh dimasukin gk di verif juga
1,Aplikasi buruk sekalii. D akses sering error. Otp sudah keluar tidak bisa lanjut proses
1,Tombol Verifikasi OTP nya error terus
5,Bagus banget memudahkan
1,stressss lama lama di kasi layanan yg sangat buruk!!! woyy perkara mau login aja kenapa harus erorrr teruss gua bayar pajak bukan buat lu ngasi layanan yg burukkk woyyyyyy
1,",€;9"
1,"aplikasi tl*l, gw login di website bisa login disni pw salah terus ga jelas knt*l"
1,"Yang bener aja lah, bug fixed tanggal 4 desember 2024. Tapi bug tombol verifikasi otp effin udah dimasukin tapi malah ga bisa di tekan tombolnya. Bug apaan yang di fix tolol"
2,Tombol verifikasi kode pada menu permintaan EFIN setelah menerima email dan memasukan ke kolom tombol verifikasi tidak aktif sehingga kita tidak bisa melakukan verifikasi. Mohon segera ditindak lanjuti. Terima kasih
1,"Selalu gagal mendapatkan kode otp, padahal nomor yang di pakai, tapi selalu gagal. Tolong solusi terbaik nya"
3,Untuk bagian lupa efin setelah dapat kode verifikasi via sms kenapa tombol verifikasi kode nya gak bisa d tekan dn gk brubah jd warna biru gitu.. alhasil gagal terus ini proses recovery akunnya..
1,Aplikasi pekerjaan sd magang ga jelas
1,"Sampah req OTP aja susanya minta ampun, WAKANDA WAKANDA"
1,"Kocak bagian aplikasi pecat aja masa tombol verivikasi ga bisa dipencet, pecat aja banyak orang jg yang berkualitas lol"
1,Bangke lah udah minta kode via sms bayarnya mahal...udah dapet giliran d masukin dgn sangt benar eh tombol verifikasinya gk berubah warna jd gk bs d klik...begitu terus sampai berkali2...buseeet pulsaku langsung abis...klo sy hitung minta kode via sms jatuhnya Rp.1100/sms dn tidak ada hasil.. .😭😭😭
1,"Aplikasi gak guna...bikin emosi, daftar selalu gagal...malulah !!!!"
1,Kocak gk bisa verifikasi kode
3,Tidak jelas saat mau masukkan akun
1,Gak bisa verifikasi tolong perbaiki lagi.. 😮‍💨
1,"Gimana si aplikasinya, mau pengajuan efin pas minta kode verifikasi email tidak bisa di klik verifikasi, gk jelas banget apk nya😡"
5,Okeee
1,"Seperti biasa tidak berguna sama sekali, apk pemerintah banyak bug nya. Padahal ini sekelas pajak."
1,"Aplikasi paling gak guna, niat hati biar semua serba mudah malah makin susah dan menyebalkan, karena harus berkali kali mencoba tapi gagal terus buang buang kuota aja"
1,Sudah hampir 3 Minggu kartu NPWP belum sampai rumah. Katanya mo dikirim
1,Masih lambat
1,"Aplikasi merepotkan, belum proper sudah di launching."
1,Kurang lengkap Pak
5,Sangat bagus
1,Eror mulu
5,Sangat membantu dalam mengalasisi pajak
2,"bar untuk menverifikasi kode otp tidak merespon, perbaiki bug ini"
1,"Semoga kedepannya aplikasi ini lebih ditingkatkan lagi,sekelas aplikasi negara tapi masih begitu buruk ."
1,"Entah apps apa ni,TDK berguna,minta eefin saja susah x,sudah dpt otp malah ttddk bisa di verifikasi👻👻👻,pulsa di kuras, entahlah, kebanyakan tidur dan kebanyakan orang males di siittu.anjritlah"
1,Baru 3 jam di download udh minta update... wkwkwkkk
1,Apk pemerintahan kok gini.. Selalu gagal login.. Udah pake data pindah wifi sama aja.. Anggran untuk apk pasti nggk sedikit...
1,Gembel
1,"HATI"" GUYS.... Data bisa bocor, ada aja yang mengaku dari pihak DJP. Dan anehnya dia kirim name tage nya, mungkin palsu. Dikirim link sama dia, M-Pajak tapi beda sama yg ada di playstore ini. Miris yaaa, pemerintah punya tapi masih bisa dibobol orang datanya. Atau malah jual data??? Saya lapor mindra ajaa keknya biar diaudit... 🙃 Hampir livin dan brimo keretas, langsung sadar karena notif bahaya dari HP, dan mulai mikir apa iya pegawai pajak yg begitu sibuk punya waktu sebanyak ini nanya""..."
1,Tidak membantu sama sekali ini mau pengajuan EFIN kode otp sudah di masukan tapi kodenya gak bisa di klik verif
1,Ga bereesss saya mau ubah sandi malah erorrr ga jelasss apk ini
1,Buruk
1,Aplikasi gak membantu sama sekali
1,Tiba2 ada org tlfn blg nya dri djp kebetulan NPWP ku emang blum di update jadi 16 dijit masih yg 15. Tpi anehnya dia hubungi via wa minta berbagi layar dan minta instal aplikasi ini trus minta izinkan akses ke hp ku. Agak aneh dia juga minta pembayaran matre sbesar 10 rb. Tpi ak nolak krn ngerasa dia bisa akses hp ku otomatis klo ak tf dia tau akun dan pin2 ku ahirnya ak putus smbungan tlfn dan org nya tiba2 ngilang. Hati2 guys... atau disini jg ada yg mengalami ?
1,"Saya kasih bintang 1 , aplikasi gak level, gak sesuai sama misi nya.Mau buka aplikasi saja lama nya......."
1,"Gak jelas udah masukin kode OTP tapi salah tanpa alasan yang jelasan, eh setelah diulangi lagi yang kedua dengan nomer yang samabaru bisa, mana harus bayar pake pulsa lagi, dan beli nomer telkomsel pula hufftt"
5,Sangat membatu sekali
1,"Data saya bocor, tolong di tindak lanjuti"
1,Apa sih. Notif ada update yg harus diinstall tapi muter2 sampai 7 turunan gk kelar
1,"Minimal aplikasi di benerin lah, malu bgt rakyatnya suruh bayar pajak tapi pelayananya minus."
5,Goood
5,👍👍👍👍👍
5,Lumayan
1,"Yak seperti biasa, tipikal aplikasi bobrok khas pemerintah. Menunya ribet, mau login dibilang salah password, udah reset password tetep ga bisa login. Yang kek gini narikin pajak dari kita, cuih."
1,Aplikasi pemerintah kok banyak error nya..
1,"Beneran ini Aplikasi menyusahkan.. Daftar dr aplikasi, dialihkan ke chroome,,eeeh malah gak buka².. Yg nelpon dr pajak 1 jam 1X🤣🤣 Layanan kaya gini..🤦"
1,"Bisa gak apk dibaikin, jelek kali lelet mo daftar npwp aja kaya mau antri sembako, susah kali, bodo gk ngotak yang diisi banyak dipencet gak mau strewss, bintang nol maunya"
1,"Bayar pajak elit, buka web sulit. Gini amat buat aplikasi"
1,"Aplikasi gajelas,, jangan download percuma"
1,Aplikasi nya jelek
1,Saya kasih bintang 1 karna kurang bagus sudah berbagai cara saya untuk bisa login/masuk ke akun tidak bisa mohon bantuannya🙏🙏 Kalau tidak bisa sampai saat ini saya uninstall aplikasinya habis² data saja😔😔
5,H google
1,"Ini app milik pemerintah lhoooo boosssss, senggol dong!"
1,"aplikasi gak jls,bru saja mau daftar,nunggu vrifikasi,tiba2 gmail diblokir.aneh"
5,Aplikasinya bagus banget bisa memudahkan penggunanya
5,Terbaik
1,Aplikasi sampah
5,semogga bisa membantu
3,"Hati hati dgn aplikasi atas mana pajak, takutnya penipuan"
1,"Aplikasi astaga naga, susah sekali device saya kenceng bagus tapi kaya gini astaga nagaaaaaaaaaaaa"
1,Masih belum ada perbaikan. Susah sekali untuk login via aplikasi ataupun web. Selalu dikatakan username/pasword salah.
5,Cukup membantu dan bagus
1,"kayak ny penipuan, bbrpa kali di telpon org mengatas namakan org oajak dari pusat untuk konfirmasi pemulihan data akhir tahun"
1,"ini aplikasi nda guna, mau daftar aja susah"
1,Tolong perbaiki. Masa baru download suruh update muter terus.. malah buat lama kerjaan
1,"Baru aja download karena lupa no efin,pas di buka tiba2 keluar dan gak ngrespon...ayo donk pdahal ini sangat membantu ...sampai skrg gak bisa di buka dan gak ngrespon"
1,"Hati-hati guys, aplikasi ini bukan official dari pajak.."
1,"ini aplikasi cuman nyampah diplaystore.nggak ada gunanya,nggak ada fungsinya"
1,"Agak aneh sih dgn aplikasi dari lembaga yang anggarannya luar biasa. Mau Lapor SPT bolak balik liat menu justru gak ada menu Lapor di aplikasi ini. Ujung2 nya dari browser baru bisa. Jadi apalah guna aplikasi klu lebih lancar gunakannya di browser??? Ditunggu perbaikannya,,,. Supaya ratingnya bisa saya perbaiki."
1,Gak guna
1,Aplikasi gk guna
1,"Baru donwload terus dh ada notif suruh update padahal di play store gg ada keterangan update, lanjut isi link buat efin malah error dan keluar apk dengan sendirinya, pas dibuka lagi aplikasinya muter sampai skrng dan gg bisa kebuka. Ini yang buat aplikasi kompeten atau cuman nyoba"" Yh, kalo gini mh lebih bagus apk kipas simulator bos"
1,Penipuan
1,"Mohon lebih bijak dalam menginstal aplikasi ini. Karna saya setelah instal aplikasi ini jadi lebih sering di teror oleh nomor yg mengatas namakan pegawai pajak pusat. Jika ada yg mengatasnamakan pegawai pajak pusat mohon ditanyakan atas nama siapa dan NIP berapa untuk selanjutnya dilaporkan ke pihak badan kepegawaian, karna setiap saya tanya demikian panggilan akan selalu dimatikan oleh mereka. Jadi mohon untuk semuanya berhati2 dalam menginstal aplikasi lebih baik gunakan website resmi djp."
1,PENIPUAN!
1,"Kenapa ya hampir semua website/aplikasi milik pemerintah itu.sangat ribet,sering error..pokoknya parahh."
1,Menyusahkan masyarakat dalam membayar pajak dan mebuat praktek pungli baru
1,"Saya ibu rumah tangga tidak pernah mengajukan pembuatan npwp, tapi tiba tiba ada kartu npwp di kirim ke rumah, sudah download app ini, malah tidak berfungsi, jdi saya harus gimana? Karrna saya tidak pernah mengajukan pembuatan npwp"
1,"Mau download kartu pajak saja di suruh mutar mutar ujung ujungnya ga bisa, memang."
1,Jelek
1,PENIPU!!!
1,Kenapa aplikasi plat merah selalu banyak masalah ya? Padahal saya yakin dukungan anggaran pastinya ga masalah
1,"Aplikasi apaan nggabisa buat npwp online susah banget pas kirim otp nunggi lamaa bet ampe sejam gw tunggu jg ngga ada apapun informasi kelanjutan aplikasi buruk, perlu di update! Pdahal berguna banget buat masyarakat!"
1,Aplikasi norak. Hire orang IT untuk apa ? Buang2 anggaran ? Makanya jangan kebanyakan ordal. Udah tahun teknologi berkembang pesat masih maksa pake cara purba. Anggaran tuh dipake bener2. Jangan buat liburan doang. Tolol
1,"Mohon ditindaklanjuti keluhan pengguna, apa yg menjadi masalah segera diperbaiki. Setelah update, user log out, mau sign in tapi link lupa password tidak fungsi. Jadi harus bagaimana? Mohon respon nya"
1,"Aplikasi gak guna, gakbisa login"
5,Krennn
1,"Kalau gk niat bikin aplikasi,mending gk usah di bikin,cpek2 isi data dan formulir,malah di tolak,dgn alasan ada kesalahan,aplikasi gk bermutu"
1,"Aplikasi maupun website cm formalitas, gak bisa di pake, nyusahin masyarakat, duit pajak gak jelas, mesti di audit & system online semua pemerintah biar gak di maling system yg baik terintegradi & terkontrol dgn AI"
1,Tolong benahi aplikasinya tidak berguna sama sekali. Waktu daftar ada beberapa masalah 1.pengisian email harus di awali angka ribet bgt sumpah 2.pemilihan kenegaraan tidak bisa di pilih 3.capta ngaco. Masih bagus pake google from aja mending perasaan anggaran gede website aja kek buatan anak SMP
1,Sering gangguan
5,Good
1,"Jelek banget, ngirim kode OTP aja cuma laporan terkirimnya doang, tapi kagak ada pesan masuk kan tolol, ini nih yang bikin sulit masyarakat, ke kantor malah d usir wajib daftar online, udah daftar online bermasalah mulu kocak kocak"
1,Ada oknum pegawai yg tdk bertanggung jawab
3,Saya kasih bintang 3 dlu
1,Aplikasi sangat tidak membantu
1,Tidak bisa login
1,Gaje
1,"Bener kata orang yg bilang aplikasinya bermasalah muter terus padahal jaringan bagus pas udh download mau login ,eh malah update .kenapa gak di awal pas instal apk tersebut mohon di perbaiki apk nya kerjanya jangan tidur doang atasin masalah sepele kaya gini anggaran pasti gede jangan di makanin ,."
5,Ok
1,"Aplikasi sampah,masak kalah jauh sama aplikasi luar negro,ayo saingi shopee dan lazada bosss 🦦"
5,SANGAT MEMBANTU
1,Mintak kirim nomor efin ke email gak masuk masuk
1,Susah bener ngurus lupa efin !
5,Bagus sekali
1,Ga bisa dibuka
1,Amit² dah. Bikin web aja gk bisa. Eror mulu bikin emosi jiwa 🤨
1,Apk tolol tidak membantu
1,aplikasi ini sangatlah busuk
1,Apk sampah bikin efin gagal terus login tidak bisa bisa
1,Aplikasi tolol yg ngelola.. kenapa aplikasi layanan pemerintah ngga ada yg bener.. selain KAI acces
1,Login salah Mulu ajg
1,Lupa password ga bisa menyusahkan saja
5,Sangat membantu urusan perpajakan
1,kenapa di download saja ngk bisa?
5,Proses masuk nya suguh sungguh harus paham dan harus mengerti di pelajari yang benar dan teliti Alhamdulillah akhirnya bisa masuk menjadi pengguna baru NPWP terimakasih atas bantuannya para suhu2 yg sudah me ngasih Tao caranya sukses selalu buat kalian yg blum bisa masuk
1,Beres daftar mau log in kembali malah akun ke blokir aneh
1,Gak bisa di pake. Login selalu gagal. Gak bermutu. Alamat email benar. Password benar. Payah
1,"Wah penipuan nih aplikasi, inget smua'a pajak itu GK ada telpon""an, yg dtg k rmh itu klo org wajib pajak melalui surat k rmh"" atau k RT setempat, kmren jg saya d tlp brap hari kemudian ada yg infoin d group RT tmen'a kena tipu 46jt, hati"" pajak tidak nlp TPI panggilan surat wajib pajak melalui surat"
1,Gajih besar kerja gini aduhh
1,Bikin susah aja
1,"MINTA TOLONG, JGN INSTAL INII. INI APLIKASI PENIPUAN, MOHON HATI² INI MENYEBABKAN PERETASAN HP"
2,Gabisa login
1,Kenapa setiap klik aplikasi nya selalu keluar sendiri padahal SDH di coba berkali-kali dan sudah berkali-kali hapus unduh lagi
1,Ini aplikasi pemerintah ? Apa aplikasi yg di buat anak SMP error mulu 95% isinya negatif gak di tindak lanjut. Giliran gk bayar pajak di uber uber. Hello bisa respon masyarakat kah ??? Apa sibuk tidur ?
1,Aplikasi gak berguna
1,Gw bayar pajak kalo aplikasi nya aj kaya gini GOKIL sih..!!
1,"Kartu NPWP hilang, maksudnya mau mudah pake ini apps, malah ribetnya aduhai...ga usah di adain aja ini aplikasi jika ujungnya harus offline juga 🤣"
1,"aplikasi sampah . gimana rakyat mau taat pajak kalo pelayanan nya aja gini , koar koar rakyat harus taat pajak ,tapi wadah nya gak becus ,ta1k"
1,Ora kok menakne malah ngangelke goblok
1,apl burik
1,"Lambat, pelayanan buruk, udah gausa sok sok online:)"
1,Ga guna anjengg
1,Menyebalkan mau login daftar aja susah ribet
1,Eror Mulu aplksi nyn kg jls
1,"benerin lagi link sama app, tololll"
1,"Buang2 kuota mendownload,tak berfungsi"
1,Aplikasi apa !!!! Spam !!!!
1,"Belom punya NPWP trus di daftar di alihkan ke web trus gunanya yang mobile buat apa kalau daftar masih harus di web, dan webnya lemot banget juga"
1,Apk bohong jangan di instal jika ingin tertib laporan pajak langsung ke kantor djp langsung. Sekali lagi jangan instal apk ini karena apk ini meminta kita menyerahkan kontrol hp penuh
1,"Aplikasi gajelas, sangat tidak membantu pengguna"
1,Sampah lambad
1,Aplikasi kok lemot banget
1,Aplikasi tdk berguna nyusah in
5,Nomor tin
1,Mohon maaf untuk pendaftaran sangat ribet dan bermasalah. Jika tidak di perbaiki saya akan berikan rating yg buruk. Buat perpajakan jangan ribet
1,Baru juga download udah minta Update..... Mo update malah ga bisa....
5,Ok....👍
1,Unfaedah nih aplikasi
1,Gk jelas banyak bug
1,"Halo apa ada orang? aplikasinya ga bisa dibuka, error terus? siapa yang buat? servernya aman kah?"
1,"Aplikasi dongo, mau dari websitenya ataupun apk nya buat akun doang susah, kode otp SMS di tunggu dari jaman purba kagak masuk²"
1,Login susah giliran uang cepat
1,Kebanyakan chapcha
1,"Yang mau download mending gausah download, kamu tidak akan menemukan pelayanan disini."
1,Kenapa aplikasi/web pemerintah selalu bikin emosi ya?
1,"Sagat bagus untuk di unistal, yakin aplikasih sampah yg ga bisa di buka."
1,"Susah login via website atau aplikasi, padahal username dan sandi sudah benar, reset password juga tidak terpengaruh"
1,Belum juga login dah muter
1,GK jelas .. fitur minta tokennya gak muncul
1,"Aplikasi BUSUK, GA GUNA"
4,Baik sangat membantu
1,Penipuan
1,Aplikasi no
1,"Baru download, minta pembaharuan. Ga bisa log in. Aplikasi payah"
1,sampah. maintenance nya gimana sih? bisa mau login malah keluar sendiri. kalo ga sanggup buat aplikasi mending gausah di buat. RIBET! harusnya mempermudah ini malah error terus.
1,Yang jelas dong kalo memang ingin memudahkan rakyat nya membuat apa² secara online website nya aja masih belum di benerin resopnsive nya versi mobile dari tahun gajah mada
1,pruuug
1,"aplikasi pemerintah gak ada yang bener, buruk semua ! termasuk aplikasi ini sangat buruk mau daftar aja susah !!!"
1,"tolong dong ini kok loginnya susah banget ya, udah beberapa kali reset sandi juga tetep aja"
1,"Gk beres ni apl pemerintah, gk fungsi aap"" Gk kebuka halaman nya gk jelas"
1,percuma pembuatan NPWP online kalo harus minta EFIN offline ke kpp
4,Mudah
5,Ok mantap
1,Aplikasi sampah yang bikin aplikasi gak kompeten
1,"Dari awal sudah curiga, ratingnya kok jelek banget. Ternyata iya. Emang aplikasinya gak bisa digunakan. Mau daftar aja gak bisa."
1,"DANA UTK PERAWATAN WEB KEMANA???! Pajak di tagih, dari telpon, wa terus²an kyk dep kolektor kebakaran jenggot.. Giliran mau masuk web kok error melulu.. Agak Laen Ku Tengok Orang² Pajak ni!"
1,Aplikasi sampah
1,"Entahlah, tidak bisa dijelaskan🥴"
1,Scam?
1,Aplikasi gak guna!
1,Jgn masukin data ini penipuan
1,"Kalo mau orang tepat bayar pajak,gk usah mempersulit orang Buat npwp online aja gk bisa,ribet kali Katanya harus tepat bayar pajak Tapi kok gini"
1,Korup anggaran mulu ya gini
5,Good apps
1,Ko susah sekali sekarang...efin lupa giliran scan wajah gak bisa
1,Nih oprasional begini buat maintenance aplikasinya? Wkwkw payah
1,Ini apk sudah di hack sama komplotan penipu kayaknya.
1,Apk gak guna mau ngisi username aja gabisa gimna ini.
1,Ribet
1,"Aplikasi sampah,ngabisin duit rakyat aja ini ,makan tu duit rakyat ,gak mutu apk ini"
1,"Memang harus bintang satu,"
1,Kagak bisa daftar kocak Kenapa si aplikasi pemerintahan selalu kek gini!!! Kebanyakan korupsi jadi lupa buat urus aplikasi kocak
1,YAELAH APK GINI AJA GA BENER BENER. CARI VENDOR YANG BAGUS APA BIAR BIKIN APK BAGUS
5,Saya sangat terbantu
1,"Mau bikin NPWP di minta masukin email, aku ketik huruf bisa giliran angka masuk auto hapus, Lewat web dan apk hasilnya sama"
1,DATA SAYA BOCOR!!!!!!! sekelas direktorat jendral pajak. Data tidak aman. Mengatas namakan DJP. Tolong di perbaiki!!!! Penipuan Meresahkan.
1,Bagus
5,Very good 👍
1,"Tolong pak website nya di benerin masa nerima kode opt nya lama banget trus waktu berlaku kode optnya cuman 10 menit, sedangkan kode opt nya masuk lebih lama dari 10 menit. Ini gimana sih."
1,Kalkulator pajak loading terus. Gmn sih programernya
3,Ini kenapa ga bsa login app nya
1,"pemerintah bikin aplikasi gapernah bener ya, puluhan kali coba buat minta kode efin error terus, bukan main~"
5,Sangat baguss
1,"Bayar pajak elit, pelayanan syulid. Slebew"
1,Aplikasi ga jelas
1,Tolong web nya perbaiki lama bener mau daftar online
1,Ga web ga apk sama sama bodoh
4,kita coba dulu
1,"ga webnya ga aplikasinya bermasalah hadeh, buat login susah"
1,"Aplikasi sampah, tolong donk lebih diperbaiki lg sistemnya"
1,"Loading buat masuk lamah bener kesel nunggu nya gk bisa"""
1,Ngabisin pulsa doang buat minta otp
1,"Gak jelas, gak bisa loading"
1,Apk apa ini pak/ibu pajak masuk email susah bgt kalau kaya begini sistem nya saya sendiri malas ngurus pajaknya sistem eror orang pajak juga banyak yg eror otaknya bikin apk aja susah berfungsi
1,"aplikasi rusak kaya pemerintahannya, suruh taat pajak tp disusahkan jg akhirnya"
1,ini orang2 pajak nya pada bisa kerja atau gmna? bukannya mempermudah malah mempersulit . mau apk mau link sama² error
1,"Baru buka langsung error, apk payah sangat buruk"
5,Coba wajib pajak
1,Web kocak. Plis lah lagi butuh kok kaya begini sih ga bisa diakses
1,"Data saya bocor!!! Tadi siang ada yg menghubungi saya melalui WA dan berkali-kali menelpon saya. Di chat tertera data-data pribadi saya seperti Nama, No.KTP, NPWP, Email dsb. Sudah cek di Apk lacak nomor telepon ternyata benar itu penipuan mengatasnamakan Direktorat Jenderal Pajak. Si penipu minta uang transferan dan minta kode verifikasi. Untungnya gk saya kasih. Tapi Hp saya justru jadi hang dan apk pajak selalu kebuka dgn sendirinya. Karena takut jadi saya uninstall dan kembali install apk."
5,Lapor pajak semakin mudah
1,"Lemot, sering force close tetiba dah gitu serring ngefreeze"
1,"Tolong aplikasinya di benerin, saya login via website bisa tapi di aplikasi tidak bisa. Saya belum dapat efin dan ingin mengurus via online"
1,Apk ga guna
1,Aplikasi apaan ini bukannya membantu Mala mempersulit kita Kode otp ini kapan di kasih Padahal sdh di request ulang
2,Mohon di benarin lgi aplikasinya
1,"Aplikasi kalo yg ngelola pemerintah gk bisa d pakai, gk becus, giliran uang baru mereka sat set,"
1,"Banyak BUG , Beberapa Menu Tidak Bisa Di Klik"
1,sampah banget lambat mau download bukti potongan lama sampah brooo bayar pajak mahal mahal buat apk sama website kek sampah
5,"Kak agak susah dftarnya,pdhal sdh dtulis smua syaratnya"
1,"tolong sistemnya di benahi buat daftar sudah sampai nomer 10 gk bisa di pencet, niat gk sih buat aplikasi?"
1,"Gak bisa login,erorr"
1,error mulu
1,ampas
1,"Ini gimana mau bayar pajak kok malah gak bisa, nanti gak bayar pajak dikejar2 orang pajak dan kena denda. Sudah bayar aja masih dipermasalahkan, apalagi gak bayar. Konyol emang king indo ini."
1,gimana sih web nya aneh banget pajak doang gede bikin web kaya gitu aja gabisa
1,Developer nya gak kerja apa gmn sih bikin aplikasi kok gini
5,Pajak ok
1,Kebayakan korupsi kali sampe aplikasi nya aj kaya sampah kaga aktif lemot dan sebagainaya
1,"Bapuk, mau bayar pajak lebih efisien aja susah. Kayak rakyat yg butuh banget ama ni negara. Males dah"
1,Aplikasi nya keluar terus
5,okokkkokk
1,"Aplikasi tolol, ga di website dan di aplikasi ga ada bedanya buat konfirmasi OTP ga ke kirim kirim, nomor udh di cross check berkali kali, udh nunggu berjam jam tetep ga bisa"
1,"Setiap mau verifikasi wajah selalu gagal, trs suruh foto pas muka dilingkaran, dah pas tapi gagal aja,pdhl data dah sesuai. Tolong perbaiki lagi"
1,Mau Daftar Bikin NPWP Pas Mlm Nga Bisa Ini Gimana hadeee Cape Dhe
3,Mau daftar tapi tidak bisa
1,"Apk sampah,"
1,Gak jelas
1,payah udah 3 hari minta otp gaada masuk terus ke pesan
1,"Ini gimna mau login daftar penguna baru ajah ngk bisa, Di klick mental ke goegle ngk bisa di akses. Coba dong gimna caranya login mase"
1,"Jelek bgt, mau log in aja error bgt"
1,"udah ngisi data sesuai, swafoto udah, eror mulu kocak"
2,"Webnya eror, gak bisa ngisi kode wilayah"
1,kenapa gk bisa untuk daptar mohon bantuan nya sbenar nya apn ini bisa di guna kn atau tidak buat daprtar aja sulit kalau gk bisa buat daptar npwp jgn di ada k apn ini seharus nya di permudah buat daptar nya ini malah di persulig
1,"Aplikasi apaan kayak gini..sudah buat akun npwp tapi mau login tidak bisa. Aplikasi sampah..sudah susah payah daftar npwp, sekali mau login di Apk ini malah tidak bisa."
1,Aplikasi Sampah bukan membantu rakyat malah bikin musingken rakyat.ga jelas Kominfo
3,"Data pajak bisa bocor?? seminggu ini banyak yang telpon dari pajak, mereka bisa ngasih data pajak lengkap, dari nama PT NIK sampe NPWP nya, sampai saya di suruh instal aplikasi hipajak..tolong dong di jaga data nya, jgn sampai dipake buat penipuan sama pihak tertentu."
1,"Ini aplikasi kok muter"" Terus mau login Gimana sih"
1,Aplikasi nya bloon tidak berguna login link Google bisa pke apk nya gak bisa lol apk pemerintah mmng sesat
1,"Apk asal ada... Nggk guna, login nggk bisa."
1,Aplikasi kocak Mau daftar malah web nya gak bisa di akses.
1,Ga guna. Buang buang anggaran saja. #indonesia
1,Web nya error aplikasinya error respon nya lama
5,Sangat bagus
1,Aplikasi g jelas kode otp g ke kirim² udh bener semua malah engga bisa gajelas co web nya juga engga jelas
1,Kode OTP nya mana njirr
1,ribet anjr
1,Bintang 0 bisa gak sih 😁
1,TDK bisa meminta epin selalu gagal klw TDK ada guna nya knpa harus ada aplikasi seharus nya klw ada aplikasi mempermudah masyarakat untuk menggunakan nya
5,"bagus banget appl nya sampe"" aq ga percaya bahwa applikasi ini ada terimakasih"
1,Aplikasi punya pemerintah? Jangan harap masyarakat mudah menggunakanya
1,Gimana sih mau daftar aja sulit kali. Setipa login gagal terus
2,Dana pemerintah dipake apa sih. Mau ajukan lupa efin aja sulit nya minta ampun
1,"Yang bener aja! Apk sama web kaga jelas gimana bisa cara laporan, mana kena denda kalau kaga laporan ngotak aja lah malah mempersulit rakyat. ""SPT Tahunan telah diatur dalam Undang-Undang No.28 Tahun 2007 tentang Ketentuan Umum dan Tata Cara Perpajakan. Mengacu undang-undang tersebut, pemerintah mengharuskan seluruh wajib pajak agar melaporkan SPT sesuai dengan ketentuan yang berlaku."" Nih lagi ""Apabila Wajib Pajak tidak menyampaikan Surat Pemberitahuan sampai batas waktu, dapat dikenakan sanksi"
1,Web eror
1,"APLIKASI BUSUK, GA NIAT BIKIN, LOGIN SUSAH, DAFTAR EFIN SUSAH, DIALIHKAN KE WEB SUSAH, SEMUA SUSAH. . . PAYAH. . NOLLLL BESAR GA GUNA"
1,"Astaghfirullah baru kli ini gue sebel bgt ama aplikasi, sekelas py negara aplikasi sampah bgìni daftar ribet gajelas bgt.. kerja apaan sih pada udh dbayar gede2 tp aplikasi aja bikin asal²an bgini"
1,"Aplikasi gak brguna, mau login aja susah."
1,Gak membantu sama sekali
1,Tidak bisa di pakai. Banyak minus nya. Tidak bisa mempermudah . Bahkan masukan alamat email saja susah
1,Sekalas general pajak ini ja apk gak berpungsi. Parah
1,"Login susah,, mau aktivkan npwp ribet"
1,"Situs punya negara ga bisa di akses kalian ngapain aja kerja nya, kalau ga bisa resign ya jangan jadi beban negara"
1,"Aplikasi rusak,ga bisa di gunakan,mau login aja error mulu"
1,sistem sangat buruk
1,"Aplikasi ga jelas,di minta efin gagal terus"
1,Bukannya bantu malah nyusahin
1,baru download mau register gk bs aplikasi sampah
1,susah bet mau ngapa²in ga bisa ribet
1,"Gak guna, gak bisa dipake sama sekali"
1,Gak berfungsi
1,🤢
1,"Mau heran ya INI INDONESIA. Negara DENGAN WAJIB KORUPSI. Padahal pendapatan Pajak per/Agustus 2024 itu 1,*** Triliun. Anggaran pembuatan aplikasi penyelenggara negara itu cukup besar, tp kenapa hampir rata rata fasilitas ini semua eror.... Anggarannya kemanaa??? Bikin apk ribuan, data masih ke HACK... Gblok"
1,"Mau lihat nomor EFIN karena lupa , udah di suruh foto muka malah gagal terus , aplikasi eror apa gimana ya tolong perbaikannya . HARUS BANYAK DI BENAHI DI PERBAIKI"
1,"aplikasi bermasalah, lebih baik hapus saja aplikasinya"
1,"Saya berusaha bayar pajak, buatlah aplikasi yg mudah, hal paling simple ; login aja susah, nanti giliran saya gak bayar pajak salah juga. Gak semua orang banyak waktu utk datang dan antre ke kantor pajak"
5,Bagus
5,Bagus
1,Lemot banget ngirim kode OTP nya ajg
1,"Daftar pajak email aktivasi sudah, ehh pas nerima kode otp no hp ngga muncul udah 4jam nungguin trus dan ulang ulang di coba tetap sama tidak ada otp hadeh memperuslit aja"
3,"Pas Nunggu Kode OTP nya emng GK lama,TPI GK tauu knp pas mau klik daptarr salahh Mulu,Mau daptar juga Mlah nglag. mohon lebih diperbaiki lgi"
5,Sangat cocok untuk melihat pajak saya
1,ngabisin pulsa doang
1,Saya udah muter-muter buka aplikasi maupun di web tetap gak bisa. Katanya akun di blokir padahal baru saja di buat. Ini gimana ceritanya saya mau urus NPWP kok gak bisa.🙄
2,Mau bikin NPWP bagian otp nya gagal terus kesal pdhl udh isi pulsa..
1,Aplikasi sampah
1,Ternyata bgni pajak saya dipakai untuk aplikasi yang tidak berfungsi
3,"Oke belum berkembang, mulai berkembang, sangat oke berkembang 🤭"
5,Semoga berfungsi dengan baik
1,Sampah memang gk bisa registrasi
1,"Sumpah ni apl bener² mempersulit bgt, gak sesuai harapan"
1,Ini duit anggaran pajak yang begitu banyak dari rakyat ga sanggup buat bayar IT yang ahli dalam bikin web dan aplikasi?
1,Aplikasi ga bermanfaat sama sekali ga ada otak
1,aplikasi sampah!!! di perbarui ribuan kali tetap saja sistem nya error!!!
1,Tak bisa dipakek
5,Baik baik saja
5,"Sangat terbantu mendapatkan EFIN. Gak perlu menunggu lama, langsung dikirimkan ke email."
5,Ok
1,Nunggu balesan email aja susah nya minta ampun
5,Ok
1,Aplikasi tidak berguna.
1,"Bikin e billing, eh nomor ebillingnya nggak berfungsi 🫠"
1,bikin aplikasi gabisa dipake buat apa dah?
1,"Aplikasinya sangat jelek, menurut saya aplikasi yang paling buruk tidak guna tak jelas lah pokoknya"
1,Password sudah sesuai malah ga bisa login 🗿
1,Nyerah bang susah banget asli daftar npwp gua kira kalo online bisa lebih gampang ehh ternyata lebih ribet
1,"1 untuk login susah, selalu salah"
1,Cukup rating yang bicara
1,SDN & NASIONALISME KURANG.....MAKAN PAJAK RAKYAT.. #KONYOL kode otp sulit...
1,sampah bat aplikasi nya
5,Thanx
1,"Aplikasi ruwet, betulin aplikasinya woy.. Jangan makan gaji buta."
1,Aplikasi nya tidak jelas baru juga buat eh udah ke blokir yang bener aje rugi dong
1,"Jan duit pajak asli ne gae opo seh, kok kerjo ne koyok ngene wong pajek😤"
5,Good job! :)
1,Sampah
1,Gak guna👿👿
1,"Bikin aplikasi ga pernah niat banget ini pemerintah, uangnya di kemanain dah itu. Aplikasi sekelah pemerintah kalah sma aplikasi buatan anak kejuruan 😌 ini pke aplikasi, tetep aja di lemparnya ke website pake peramban yg ada di hp ny"
1,"Gak jelas, , log in di web bisa.. Loh in di aplikasi error terus..."
4,Bagus
1,"Aplikasi kemplo, buang-buang duit negara"
1,"Aplikasi anak bangsa emang ampas, jelek, kualitas buruk,, server sering eror padahal jaringan lancar paket banyak,, perbaiki lagi dek aplikasinya, sekelas aplikasi pejabat kualitas buruk, uang kencang minta urus lama"
5,Sangay bermangfaat sekali sangat membantu
5,Sangat membantu dalam pembayaran pajak tanpa perlu ke kantornya lagi
1,"Baru download udah gak bisa kebuka,njir belum apa apa loh,mempersulit rakyat banget sih"
1,Aplikasi paling buruk yg pernah ada
5,Ok
1,Lupa EFIN masih sulit dan ribet. Harusnya ada opsi untuk kirim kode EFIN via SMS/WA. Jangan hanya via e-mail saja.
1,Ga Guna!!!
2,"Tolong admin, kenapa ya ini gak bisa bikin Form Pajak pph21.. Tombol buat nya gk timbul2"
1,"Susah login ,Ribet. Sudah daftar akun di aktivasi malah GK bisa login"
1,situs tidak dapat dijangkau 🤣🤣🤣
1,Knpa daftar NPWP online susah
1,"Apknya error terus....susahnya cm mau minta efin aja... knp jd smua serba susah ya sekarang klo ngurus apa"""
1,"aplikasi nya mohon di perbaiki. suka force close sendiri. harap di perbaiki sesuai dengan nama aplikasi yaitu PAJAK. Anda di bayar dari rakyat. jadi tolong bikin web yg seharus nya seperti apa. jangan seperti aplikasi"" murah. Seharus nya anda membaca ulasan dari penilaian ya. !!!! Woi t*l*l respon"
1,Website pendaftaran sangat buruk
1,Aplikasi gblok cap t*i
1,Ribet banget
1,"Lawak asli ini aplikasi, buang2 duit doang"
5,bagus
1,"TOLONG diupdate fitur dalam aplikasinya, agar ada fitur untuk dapat meminta No EFFIN baru scr online, ngapain bikin aplikasi buat dipakai secara online, kalau pengurusan untuk no Effin 1st time saja harus secara manual? Aplikasi dibuat untuk memudahkan user bukan merepotkan. Aplikasinya tidak berguna sama sekali ini. 1 lagi NPWP saya dibuat scr online, katanya kartu fisiknya akan dikirimkan 2 Minggu kemudian, ke rumah, tapi sampai detik ini, kartunya blm juga sampai ke alamat rmh saya. Miris!!"
1,Data gagal tersimpan eror padahal sudah tinggal terakhir aktivasi
1,Aplikasi ga berguna
2,"Kalo gk butuh² amat males dah instal nya juga, baru aja download udah di suruh update lagi, hadeuh belum aja di pake udah menghambat🤦‍♀️"
1,"Ini bagaimana yaa mau pengajuan ulang EFIN pas dapat otp dari email selalu gagal terus entah darimana nya coba, coba tolong diperbaiki lagi lah , mau datang ke KPP kejauhan masalah nya"
5,Sangat Membantu
1,Aplikasi GK gunaa
1,ERORRR TERUUUSSSSS
3,"Sepertinya pliksi mupun web berguna atau berfungsi klo di dalam gedung pajaknya deh, solnya email sma pass yang aku masukkan ydah bener bgt gak salah tpi tertera salah. Wkwkwk"
5,Bagus
1,"Sudah lama tidak buka djp, begitu dibuka kagak bisa lagi, admin mohon di perbaikin demi kelancaran."
3,oke
1,Aplikasi banyak bug. Gak jelas. Pencet dikit malah keluar sendiri
1,PERBAIKI SYSTEMNYA!!!! JANGAN CUMA MALAK DOANG SU!!
1,Aplkasi gk jelas
1,"Aplikasi sampah buang"" duit rakyat aja Halah"
1,Sampah gk ada fungsi sama sekali....
1,Asli busuk banget smpe pulsa hbis gk bisa verti otp
1,Useless
1,APLIKASI BUSUK !!!!!!!!!!!
4,"Syarat lengkap cepat,,"
1,Bad
1,"plis laah pelayanan di tingkatin lagi, mau login akun pun susah banget udah nunggu lama eh katanya admin masi sibuk hmmmm🗿🗿"
1,"aplikasi sampah, negara bayar lu pake uang kami bikin aplikasi begini aja ga becus"
5,Jos
5,Ok
5,Bulan Juni kalau nggak Juli kemarin aku unduh apk ini karna lupa efin. Mudah tapi untuk nunggu email buat Nerima kode nya laaaamaaaaaaa bangtt gak ada masuk malah.. berkali² dicoba dihari² brikutnya masih sama.. pilih dikirim pakai nomor juga gak bisa.. trus pasrah.. hapus apk.. trus sekarang iseng² lagi eh bisaa.. cepet lagi nggak kaya yang bulan² kemarin.. lancar sampai bisa lihat kartu NPWP online ku.. terimakasih sudah di update untuk pelayanannya.. SAYAA SANGAATTT TERBANTUUU TERIMAKASIH 🙏
1,Mau minta efin kagak bisa2 selalu keluar sendiri dari aplikasi!!!!! 👎
1,Aplikasi sampaaaaaaah
1,Apus aja sampah
1,Susah mendaftar
1,"enggak bisa login, mau di isi informasi akun yg benar juga tetap enggak bisa login, coba pakai cara password juga situsnya enggak bisa di akses, aplikasi apaan ini"
1,baru beberapa menit instal apk ini....mau masuk ada laporan suruh update... yang harus di update apanya...????
2,otp nya susah masuk sekali masuk gagal bang ini solusinya gimana
1,"Ga guna banget, gabisa buka web apapun lambat bgt aplikasinya!"
1,"Sengaja aplikasi di erorkan dan tidak diperbaiki,,,agar masyarakat bayar buat pembuatannya 💩💩💩💩💩💩💩💩💩💩💩💩💩💩💩💩💩💩💩💩💩💩💩💩💩💩💩💩💩💩💩💩💩💩💩💩💩💩💩💩💩💩💩💩💩💩💩💩💩💩💩💩💩💩💩💩💩💩"
1,Bug di pelihara aplikasi tolol otp udah benar masi salah trs
1,"APLIKASI GA JELAS, BUANG BUANG PULSA DOANG!! PADAHAL SAYA SUDAH NGETIK CAPTCHA DENGAN BENAR TAPI MASIH SALAH AJA."
1,Aplikasi sangat tidak membantu alias pembodohan
1,"G bisa di klik tuh menu daftarnya ..Buang2 anggaran negara,bikin aplikasi sampah.harusnya di permudah untuk urusan income bagi pemerintah.malqh bikin masyarakat jadi males"
1,"Gada gunanya, link mereka gabisa diakses wkwkwk"
5,Ok
1,"Via aplikasi lelet, via web pun lelet... Bintang 1"
1,"Aplikasi ga jelas, lebih banyak error daripada benernya"
1,"Aplikasi tidak bisa digunakan, pake wifi ga bisa pake data juga ga bisa jelek banget ini aplikasi nya"
1,"Parah, aplikasi gak jelas!!!!!!"
5,"Alhamdulillah lewat aplikasi ini, sy sudah dapat NPWP dengar mudah dan juga no efin serta kartunya... Terima kasih atas bantuan dan pelayanannya🙏🙏🙏"
2,kata sandi dan nik sudah benar tapi berkali kali gagal login.... giliran bisa tiba tiba log out sendiri.... gimana bisa memadankan NPWP dan nik... tolong ya kalo belom siap membuat aplikasi jangan sedikit sedikit pake aplikasi.... malah mempersulit saja.!!!
1,"nerima duit mulu bisanya ,suruh ngembangin aplikasi buat membantu masyarakat malah error terus baik aplikasi ataupun servernya"
4,Cek ok
1,PAJAK TERUSSS... JALAN RUSAK BIKIN AMBERO DAN JANTUNG PROTOL
1,aplikasi ga jelas eror muluuuuu ga bisa login samsek dih
1,"Aplikasi gak niat, cuma niat nerima duit pajaknya doang, giliran lupa password gk bisa diurus langsung dari apknya, ketika diklik lupa passwor malah ditujukan ke website kosong LOL, sekelas pemerintah pajak apknya butut banget, masih bagusan apk livin yg mana kalo lupa password gampang."
1,Apk pemerintah tp low performa...rakyat mau pajak aja dipersulit...ujung-ujungnya dikorupsi 😤
5,Bermanfaat
1,Aplikasi sampah. Mau daftar aja tidak bisa. Sampah banget. Rugi saya sudah terlanjur download. Langsung saya delete aja.
1,"Tolong di perbaiki lagi, kok jaringan selalu ngak ke sambung padahal wifi aktif, juga npwp salahlah apalah.. ribet banget ni aplikasi."
1,Buruk
1,Maklum yang kerja di pemerintahan rata orang tolol semua. Aplikasi bikin emosi doang. Yg masuk kerja boleh bawaan keluarga jadi sebenernya pada gabisa kerja
5,Sangat lengkap infonya
5,Good
1,"Hancur Tidak bisa login password bener di bilang salah Ganti password jaringan bermasalah, padahal jaringan bagus"
1,Apa gunanya aplikasi kalau ujung-ujungnya dialihkan ke web. Daftar NPWP aja ribet gini. Gak mampu bayar designer kah? Gak mampu bayar operator yang berkompeten kah?
1,Apk sampah
1,Aplikasinya bikin bingung gak satset. Log in salah terus padahal udah sesuai.
1,"Ribett x kyk uppriittt, lupa sandi aja ribet x proses oemulihannya. Taik"
1,"Kalo buka pake hp, kolom informasi nya kurang lengkap. Minta info ke admin kerjanya lelet. Ditanya pagi, sore me jelang tutup kantor barudiberi jawaban, Mau buka djp online sesuai petunjuk admin, malah ga ada menu-nya. Ribet jg org pajak. Buat dapat NPWP yg sudah diperbaharui berupa pdf aja muter2 bukannya langsung kirim ke alamat email yg sudah terdaftar."
3,"Yang anehnya aplikasi ini.. sudah masuk aplikasi trus keluar mau masuk dengan kata sandi yang benar dan no npwp benar,, tapi bilangnya EROR"
1,gk web gk aplikasi semua bermasalah dikit-dikit eror emang tua mana ngerti teknologi
1,apk penuh bug apapun dari pemerintahan pasti apk jelek
1,apk bermasalah.... GK jelas
1,Klo gak bisa dipakai atau belum siap jgn di share dlu ni aplikasi
1,"Ga usah sok bikin aplikasi kalo error begini. Website ga bisa, aplikasi juga sama aja"
1,Apk gak jelas download tuk habisin paket internet doang masuknya tak bisa nomor NPWP sudah benar PASSWORD juga suda benar tapi tetap gagal masuk KACAUU
1,Belajar menghargai orang pak/ bu rakyat di suruh bikin NPWP pas daftar di aplikasi banyak masalah
1,Aplikasi mempersulit bayar pajak
1,Parah ngga bisa dibuka...aplikasi pemerintah padahal ini....
1,"Pembuatan npwp ribet, live chat percuma tdk befungsi alias tidak bisa di klik. Kalau mau bikin apk online persiapkan yg matang."
1,"saya lupa email dan efin. Tidak bisa ijin di hari kerja, menanyakan ke pelayanan online malah gk bagus solusinya,pelayanan online mendingan ditutup kalau tidak bisa membantu. Yang mudah di persulit, yang sulit makin sulit."
1,APLIKASI SAMPAH
1,"Baik web atau aplikasi, saat saya ingin login ga bisa ada keterangan ""Username dan Password tidak cocok"" Padahal sudah benar. Webnya pun sekarang sudah tidak bisa di kunjungi. Apakah kena retas hacker juga ? 🤦🏻‍♀️"
1,aplikasi rusak di biarkan . sekelas BUMN kocak
5,Ok
1,Aplikasi Ilegal dan tidak berguna
1,Kenapa pw sama no npwp sudah bener tapi tetep tidak bisa login sok omeken rek make hese
1,ini maksudnya gimana saya pertama kali mau bikin npwp kok email sudah pernah dipakai padahal saya baru pertamakali mau bikin hadeh
1,"Gak bisa dipake, yg versi web juga sama aja"
5,Ok
1,"Payah lu,masa mau daftar kaga bisa"
1,"gak bisa dipake, server (101)"
4,Cukup membantu
1,"apa2an.. registrasi aj susah., login ber'ulang2 ujung2nya gagal...... sini niat mau bayar pajak malah dipersulit prosesnya.. & lgi2 ujung2nya nnti dimasa depan malah kena denda krn ga bayar pajak.!!"
5,Oc..
5,👍👍👍👍👍👍👍👍👍👍👍👍
1,"Suruh bikin npwp tp aplikasi bobrok...udah gonta""i provider ternyata yg gabisa emang apk.nya...Udah banyak complain tp gak diperbaiki ini gimana"
1,"Pokoknya aku tau nya ini online yah. Aku gak mau diarahkan ke offline. Semua harus online. Parah login berkali kali gagal terus . Sejauh ini , ini apk tersulit ,ribet penuh tantangan diarahkan kesana kesini. Ngisi form nya jg ribet. Tolong diperbaiki lagi. Pangkas tautan2 seminim mungkin, pak Jokowi tau pasti marah kayak gini. Coba aku share ke mas Gibran deh."
1,Aplikasi tidak bisa di buka
1,Aplikasi ribet
1,"mau taat pajak aja susah,apk gembel"
1,"Registrasi aja dibikin susah, daftar Npwp pakai kartu tri gk boleh, emangnya kartu tri itu ilegal di indonesia apa? Ngurus offline dipersulit surat keterangan lurah, formulir ini itu. Ngurus online juga dipersulit. Sebenarnya negara indonesia itu pingin masyarakatnya terdaftar di lembaga pajak gak sih? Kok registrasi aja dibikin ribet & susah kayak gak pingin masyarakat indonesia terdaftar di lembaga pajak aja. Aplikasi gak guna, ribet & berbelit2, gue uninstall aja sekalian."
1,Alhamdulillah j berguna banget tapi booong apk apaan ini gua yakin pembuatnya pasti pinter ehh tapi boong
1,Ngerti teknologi ga sihh?
1,Ini aplikasi untuk membantu pelayanan publik apa aplikasi untuk menuhin penyimpanan dan ngabisan data !!!
1,Ripuh
4,"Aduh saya bingung , saya datang kekantor pajak , malah disuruh aktivasi aja lewat apk , giliran aktivasi Effien , kode aktivasi nya gakeluar melalui email."
1,"Apk sampah, web sampah.. bubar"
1,Tidak jelas
5,Pul bintang karena pelayana cepat
1,Error terus login sudah benar semua masih saja ada error
1,Baru Masuk Aplikasi Udah keluar dengan sendirinya . Tolong di perbaiki lagi
5,"Alhamdulillah NPWP saya sudah terdaftar.... makasih banyak. Awalnya mengalami kesulitan,ulang terus menerus,berkali kali, akhirnya lengkap sudah pengisian saya NPWP per orangan"
1,Aplikasi gembel
1,"Pas mau foto 1 detik mati aplikasi nya, sampai 4 x gak ada berubah,, gak dapat foto, eror"
1,Tolong perbaiki bug terus
1,"Lebih baik pakai websitenya , pakai versi ini ga bisa login pkai websitwle langsung bisa login"
5,Mudah dan aman
1,Apk ga guna _- emosi make nya ngulang ngulang trus 😕
1,Sistem nya GK praktis payah padahal mo bayar pajak tuk akses masuk nya rumit pokoknya aplikasi ini bukan bantu malah bikin pusing
2,Knpa aplikasi djp sekarang sudah masuk
1,Masak mau login nggk bisa
5,Ada yang punya solusi gk pas mau minta efin masukin kode OTP kok error terus ya? Masa tetap harus ke kantor ngurusin nya?
1,App sempak banyak bug tapi ga di fix problem
1,"mau daftar, tapi halaman nya tidak tidak tersedia. trus ngga solusinya, jadi ngga bisa masuk"
1,"Habis di update mlah kayak asu ni aplikasi... Tpi ya wajarlah,data negara aja ambrol aplgi mendevelop app."
2,"Masih banyak bug, tiap buka aplikasi selalu keluar pop up update aplikasi tapi tidak ada update"
5,Error kalau buat log in...
1,"apk jembut ya gini, mau buat aja dipersulit"
1,Apk GK sesuai expect Aplikasi jelek pelayanan jelek siapa pngmbng apk nya?pecat gaguna duit kmnain itu?yg tua klo gaptek usir aj gguna kecuali PGN JD office boy WKWKWK
1,Gak guna cok sruh nunggu 10 mnit krim kode nmor dah bner. Tpi gk ad sms msuk. Lawak
1,"Gabisa login lewat aplikasi, mempersulit orang yang mau login. bukannya mempermudah malah mempersulit, error terus setiap mau login pake aplikasi"
5,Mantap
5,👍🏻👍🏻
5,Mantap ...
1,Sampah
5,Mantap
1,"Bukan produk buatan negara KALAU ISINYA SELALU RIBET & BERMASALAH, GANGGUAN SERVER, TIMBUL BANYAK MASALAH... AYO TINGKATKAN SDM YANG AHLI KORUPSI.."
1,Aplikasi ga berguna verifikasi gagal trus.ga jelas
1,"Apa apa an. Mau masuk dg NPWP dan password yang sesuai, malah gagal untuk masuk. Sampai bolak balik reset password, tetep aja gk bisa masuk"
1,mau daftar aja di persulit benerin dulu tu server
2,"Tidak bisa memproses permintaan kode EFIN, katanya jaringan eror, padahal baik2 aja jaringan. Tolong di bantu perbaikannya"
5,Wao emezing
5,Bagus
2,"Pliislah tolong ya daftar pertama link cuma sekali buka kode OTP bayar,. Menyusahkan sdah 4 email daftar kagak selesai-selesai"
1,Ko ga bisa dibuka aplikasinya
1,Banyak yg eror
1,"Aplikasi ini gak berguna sama sekali , log in gak bisa padahal semua data sudah benar . Tapi sebenernya gak kaget sih sama yg beginian 😊"
1,Parah parah gak becul betol yg buat aplikasi
1,Nggak bisa dibuka daftar..hadehhh
1,Aplikasi ga jelas aneh horor
1,"Sistem pendaftarannya payah terlalu di persulit kirim otp perlu berkali-kali padahal yang di masukkan sudah benar tapi di anggap salah oleh sistem waktu pendaftaran NPWP juga sulit, kata sandi selalu di anggap salah padahal yang di masukkan sudah benar, apa kata sandi yang kumasukkan terlalu sulit? Sampai sistem lupa dengan kata sandiku. Setalah ganti sandi pas mau daftar ulang malah linknya tidak bisa di akses aneh TIDAK BISA BUAT APLIKASI MENDING HAPUS SAJA, DAFTARNYA JUGA DI WEB BUKAN DISINI."
5,Bagus
1,"Wahai tong bajil, nikmat apa lagi yang kau dustakan. Kenapa setiap aplikasi yang berhubungan dengan pemerintah selalu tidak berguna?"
1,Aplikasi gak jelas mempersulit masyarakat update efin harus kekantor apa gunanya aplikasi ini t*lol
5,Sangat keren mudah buat segala nya
1,Ga bekerja...error
1,"Kalo liat di YouTube begitu masuk ada beberapa menu dibagian bawah, tapi di aku cuma ada beranda sama bayar."
1,Ini apl gimna si mau daftar malah bermasalah mulu tautan bermasalah ngga tersedia kirain mempermudah malah puyeng
1,Buang2 anggaran buat aplikasi ini
1,"Mau login via NPWP kata sandi selalu salah padahal udah bener, mau lupa kata sandi jaringan selalu di putus? Aplikasi apa ini? Pajangan doang di Play Store? Biar bukti kalo Indonesia bisa bikin aplikasi? Padahal isinya? HTML WKWKWK"
1,Apk jmbt😄😄😄😄
1,"gagal mulu, kode verifikasi udh bener, nyoba yg dari email gagal, dari sms jg gagal.. hmmm"
1,"Sekali lagi, apapun itu kalau layanan milik negara pasti ribet dan semakin sulit.."
1,Aplikasi sampah
1,Mau daftar ga bisaaaa kocakkk
1,"Udah daftar online kalo ttep ke kantor pajaknya, ngapain kntl.."
1,"Sangat buruk, udah pakai beberapa provider tetap saja lemot, keterangan sandi salah pas klik lupa sandi tidak bisa di klik, tidak ada respon"
1,gak bisa masuk akun. notif akun tidak ditemukan. pas cek NPWP valid loh
1,"mau login susah bener email sudah benar pw sudah bener tetap saja di salahkan freak, , sekelas pajak apk begitu freak"
2,"Pinginnya pake aplikasi ini biar lebih mudah,tp baru mau masuk kata sandi salah trus padahal sudah memasukan kata sandi benar...jadinya akun saya malah terblokir"
5,Mantap
1,Menyedihkan
1,ampun dah tunggu kode OTP aja sampai maut jg kaga sampe....
1,Ini kenapa ya lupa kata sandinya tidak bisa di klik sama sekali tidak berfungsi tolong d bantu
1,"UX-nya ribet, ga bisa terintegrasi email atau pakai cara simple. Sudah daftar NPWP dan terima EFIN, tapi login katanya belum terdaftar. Udah install aplikasi saat mau daftar atau perubahan dialihkan ke web lagi, lah kocak."
1,Sampah emg! Baru juga download mau effin udah tinggal verifikasi lewat email pas buka aplikasinya lagi ngulang dari awal..
1,Aplikasi para koruptor
4,Sangat membantu
1,"Sudah daftar dari tahun 2016, sampai hari ini masih kesulitan akses situs pajak, selalu salah pasword!"
1,Nggak bisa masuk walau udah ngisi no npwp sama sandi sudah benar😴😴😴
1,aplikasi gajelas
1,"Pemerintah bikin aplikasi gak pernah bener problem truss ini yang goblokk yang mana, sedangkan rakyat mau nguruss aja di persusah sama sistemnya sering eror, duitnya di korup mulu # negara lucu"
2,Login lupa password tidak bisa
1,Aplikasi pemerintah gak ad yg bener bikin aplikasi gimana si masa orng mau login g bisa masuk. Pantes aja banyak data yg bocor
1,Aplikasi ga guna
1,"Aplikasi ga mutu, lupa katasandi gabisa. IT payah... Kerja kerja kerjaaaaaa..."
1,Tidak bisa di akses
1,Tolonglh diperbaiki. Mau pemadanan ga bisa bikin akun. Besok sudah hari terakhir pemadanan
1,"Aplikasi sampah,gak guna"
1,Kesini cuma mau ngasih kata2 mutiara.....kalian kerja dikendalikan uang bukan otak.... Aplikasi gak bisa di pake web situs tidak terjangkau....bdh bgt sih
1,"gak bisa di kosongin bintangya, urus data pengguna perpajakan aja gak beres smpe suruh lakukan pemadanan lagi, mau ngurus apk onlinenya... ampun, iklas aja dah,,"
1,aplikasi anjeng
1,"WOYYY, KLO UDH ADA APK NGAPAIN PAS LUPA KATA SANDI DIARAHKAN KE WEB? GA GUNA BGT DEHH TOLOLLL, UDH DIPERSULIT DI WEBNYA EROR MULUUU, GILIRAN DOWNLOAD APK MALAH KEK TAIK NGENTOTT, PDHL INI INSTANSI SEKELAS DIRJEN PAJAK BUKAN ECEK2, GAK MUTU BGT"
1,"Kebiasaan kalo aplikasi pemerintah. Ga ada yang bener. Di website bisa login, di aplikasi malah ga bisa. Orang mah kalo niat mempermudah, di atur dulu sistemnya, di cek dulu alurnya, di mantepin dulu servernya baru di publish. Masyarakat di paksain buat punya NPWP, tapi sistem ga siap. Gimana coba. ? Blog"
1,Aplikasi gangguan terus
1,No coment
1,Penasaran pengadaan web & maintenance abisin anggaran brp hasilnya kek gini 🚩
1,"Aplikasi hasil para koruptor ya gini, busuk bgt , gak jelas error mulu , anjir emang!! Gw Di paksa patuh sama pemerintah yg korup dan bobrok gini . Bangkeeee!!! Kudu pemadanan data dll, ujung-ujungnya data di maling orang gara-gara pertahanan digital nya cm sekelas Smadav!!. Taik lah !!! Gw tuntut di akhirat semua para penjabat pajak sampe ke antek presiden!"
1,"aplikasi tdk bisa digunakan,error terus"
1,Harap perbaiki semua pelayanan ga guna
1,"Password tersimpan di google dan gak pernah diganti ini mau login katanya salah mulu, effin dah, ada npwp juga ada nik juga ada diisi dengan benar tapi error mulu malah pesan error katanya belum terdaftar, lah lalu npwp-nya gaib???"
1,"Aplikasi sampah, susah log in. Suruh masukin kode verifikasi yg katanya dikirim via email. tapi, ga dikirim2 di email ga ada."
1,"Minta tolong lah, aku butuh EFIN, giliran mau minta EFIN ada aja kendalanya, katanya kode verif di kirim ke EMAIL, tapi kode nya ga masuk², kalo minta kode dari nomor telpon harus pake pulsa🙂, kok jadi ribet gini yah ??, cape tauu"
1,BOSOKKKK !!!!!
1,"Aplikasi sampah ga berguna,yang ada buat repot aj Mending dana ny buat negara aj ngapain alibi buat aplikasi segala Web ny pun ga berguna,petugas ny pada slow respon,atau emg gda petugas ny Nyusahin aj"
1,"Pada dasarnya rakyat emang jadi sapi perah, mau taat aturan aja dipersulit"
1,jelek sekali
1,Susah mau login juga kode verifikasi GK masuk masuk ke email
1,"Web lo benerin dlu lah, Surub bayar pajak tapi ngurusin web aja gk bener..."
1,Busuk nya masih minta ampun..parah ni aplikasi iya live chat GK bisa ngasih solusi..w minta efin bilang nya kirim email tp GK ada juga..di tlpon yg ada abisin pulsa terhung kagak..nyusahin rakyat doang..busuk
2,"namanya aja aplikasi pendafataran online,live chat terputus terus apaan ini"
1,"Aplikasi bermasalah, gak beres udah ganti jaringan paket data ke wifi tetap aja, mana gak bisa masuk katanya sandi salah dll. Malah ujung-ujungnya akun keblokir, padahal barusan selesai daftar"
1,"Aplikasi download sudah terbaru masih disuruh update terus, gws boomer"
1,mau urus no efin lupa tp udah isi data komplit tdk kunjung dapat kode verivikasi pdhl email dan nomer tlpn sesuai yg di daftarkan. tolonglah klu bikin apk itu yg bener sempurna baru di gunakan jgn kek gini bikin emosi aja
1,buruk
5,good aplikasi
5,Bagus 👍👍👍👍tp kadang error mohon tingkat lagi
1,"Aplikasi banyak bug dan kurang stabil,serta penggunaanya yang kurang jelas"
1,Aplikasi jelek
1,Busuk bego tolol koplak
1,Kode otp gak dikirim2 udah coba berkali2
1,"Lupa efin terus data-datanya udah lengkap semua,pas verifikasi ga ada SMS atau Gmail yg masuk nomornya padahal udah berulangkali nyoba, gimana nih solusinya"
1,Tidak bermanfaat
1,"Busuk,,, masukin email jga kaga malah dikata gagal mencari email.. Kocak no efin"
1,"Anggarannya pada di kemanain ini, Kok gk ada yg beres apk dari pemerintah. Parah parah"
1,"Sumpah gak jelass mau pemadanan npwp16 tapi login aja gak bisa padahl udah benar nik/npwp tapi gak masul masuk, malah keterangan nya tidak di temukan... Emang ya buatan pemerintahan gak ada gina nya, sampah semua, banyakan korupsiii gak gunaaaaaaa..... Bamgsaaaat"
1,Verifikasi kode gabisa terus. Gini amat aplikasi milik pemerintah.
1,"kode verifikasi sudah dikirim, dikirim kemana? ke baghdad?????..saya nunggu kode verifikasi berulang ulang hanya menghabiskan waktu saja, percuma buat aplikasi jika akhirnya tetep disuruu dateng ke kpp....gemblung"
1,Parah loginnya
3,Aplikasi Keluar sendiri
1,masukin Nik tidak mau lengkap
1,Ternyata bisa juga
1,Sekelas pemerintah Indonesia aplikasinya kayak gini tapi pajak trs ditingkatkan
1,Yuk REPORT Apk nya ke playstore sebagai Apk mencurigakan biar di hapus Aplikasi SAMPAH
1,Aplikasi nggak ada guna. Serba error bahkan websitenya pun juga error. Internet saya udah 100Mbps aja masih error tolol emang
1,Minta Efin mw taat pajak aja susahnya ga ada obat !
3,Mau login tapi ga bisa karena ga memiliki kode efin. Sudah daftar tapi ga bisa login samsek. Jadi buat lapor pajak ga bisa.
1,Busek wae seko play store. Apk Ra mutu.. log in wae susah. Muat ulang wae. Meh ganti NPWP di gawe susah!!!!!!
1,Aplikasi pemerintah gak ada yang bener
1,"kan pas bikin pajak awal nya harus pake NIK KTP , kenapa ga sekalian di padanin aja , kerja orang pajak ngapain ja jadi nya .. makan gaji buta ??"
1,"Aplikasi jamet, lupa password pas selesai mau login ga bisa, ga becus bikin aplikasi padahal dana tumpah2, cape bgt cuman buat login ya allah."
1,Aplikasi pemerintah.. menyulitkan masyarakat...wa nyuruh laporan online.. giliran akses aplikasi susahnya minta ampun...hadehhhh
1,Aplikasi taee.. pemerintah klw bikin apa2 gak pernah beres
1,Tidak berfungsi
1,"Buka website gabisa, giliran download apk nya sama juga, pantes aja rating nya kecil, padahal sekelas aplikasi pemerintahan. SAYA CINTA INDONESIA"
1,Web dan aplikasi sampah... gak ku bayar pajak mampus kau.. capek ribet. Lagin dalah trus
1,Sampahh
2,Baru pertama kali nemu apk yang daftarnya harus datang ke kantornya 🤣🤣🤣🤣
1,Aplikasi jelek ga guna
1,"Mau ganti npwp16aja susah setengah mati, webnya diisi salah mulu pdhl dah bener"
1,"APK SAMPAH, NPWP NIK PASSWORD SUDAH SESUAI TETEP GAK BISA MASUK, DI WEB PUN JUGA BEGITU"
1,Layanan jelek Mau masak menu gak bisa
1,Aplikasi CACAT yang sangat tidak membantu
1,Aplikasi tidak berguna tidk bisa di pakai masih saja di jual
1,gak bisa buat kode ebiling
1,"sangat jelek, mau daftar aja dipersulit. Aplikasi peninggalan VOC."
1,Gak fungsi
1,Apk Dak jelas
1,"Kerja gak bener, buat aplikasi juga bukannya memudahkan malah menyusahkan 👎"
1,Aplikasi terhenti di samsung j2 prime
1,"Pokoknya semua yang ulasannya bintang 1, saya like semuaaaa :D :D :D anccuuurrrrrrrrr!!!!!"
1,Tlp. G di angkat angkat Dah abis 100rebu pulsa Cs Kantor pajak ganti pake cs bank
1,Aplikasi sampah ga guna buang buang waktu saja
1,Burukkkk!!
1,Anehhhh.. baru instal kok udah disuruh update.. ini developernya gimna😤 bikin emosi tog.
4,Saya coba dlu bintang 🌟🌟🌟🌟 yh min klau bagus selanjutnya saya akan tambahkan lagi bintang
1,Tidal bisa Dipakai di hp vivo Y67 dgn software funtouch 3
1,"KORUPSI LAGI SI PAJAK INI TOLOLLLL, APLIKASI GAK GUNA, WEB JUGA GAK GUNA, SETIAP MAU TULIS EMAIL PAKE ""@"" LANGSUNG KE RESET TULISANNYA TOLOLLLL WONG PAJAK WONG KORUPSI TOLOLLLL"
1,"Sudah biasa aplikasi pemerintah buang anggaran gak ada yang berguna, indonesia cemas 2045.. Pecat aja tim IT nya Tambah banyak alasan gal bayar pajak, aplikasinya goblog"
1,Aplikasi gak jelas. Nyesel download
1,Mau bikin npwp aja di persulit banyak error
1,lagi dan lagi apk plat merah adalah apk sampah
5,"Dengan membayar pajak kita menjadi warga yang baik dan mudah digunakan meski lewat online, urusan menjadi lebih mudah"
3,"Kenapa ga bisa login?? Dari website masuk kok, apa ada bug ??"
1,"Layanan mudah dalam genggaman... Mudah dari mana? Kami yang mau wajib pajak, jadi malas karena makin ribet, ngabisin pulsa doang."
1,Aplikasi lemot web g jelas ..
1,"Perbaiki sistemnya, sekelas apk nasional kayak trash banget, ga niat amat udah digaji warga"
1,"LAYANAN SAMPAH PEMERINTAH,Fitur live chat pas buka bilang jaringan kurang bagus,chat berakhir....dongooo udh gw tunggu petugas KRING buat konsultasi ditunggu ga ad jawaban,giliran masuk udh bbrpa kali malah error ,layanan tolol"
1,"Ini web deplop nya magang kah? Ga web nya, ga apk nya ga pemerintah nya gajelas semua. Ga mampu bayar pro kah? Web sekelas pemerintah bobroknya minta ampun. Ada web sama apk biar memudahkan malah kek orang tolol muter muter doang. Disuruh taat pajak tapi sistem pajak nya aja ga bener apa yg di harap dari pengelola kaya gini. Apa susahnya sih bayar pro gausa make anak magang terus biar bener tuh web sama apk. Gajelas gajelas, capeee"
1,"Apk yang sangat membagongkan, buang2 waktu ngisi data aja ribett bgt yang di tulis apa yang muncul apa. Bikin emosi aja.."
5,Mantap
1,Apk PPK Error Truss
1,Gabisa login eror mulu!!
1,Sampah
1,"Apk pemerintahan kok gini amat ya, eror mulu"
1,"Woi... Hati hati bos dgn aplikasi ini, kayaknya ini aplikasi ilegal,mau dft berhari hari gak bisa masuk di ulang ulang terus,salah salah data kita bisa di salah gunakan,DTG lgsung k kantor pjk sj bos kalo mau buat NPWP"
1,"aplikasi sampah, sampah dan sampah,"
1,Tidak bisa log in
1,"Sumpah membagong kan, apk gak fungsi, saya yg tdk mempunyai penghasilan tetap malah kna pajak,terus d kasih surat teguran lgi d suruh byr pajak. mau menhubungi ke pihak lewat apk malah gak fungsi apk nya😶😶"
1,"BUKANYA ORANG ATAS PINTER"" YA. BIKIN APLIKASI KEK GINI AJA AMBURADUL. MAU LOGIN AJA RIBETNYA MINTA AMPUN, UDAH RIBET KAGA BISA LOGIN, UDAH RIBET MASIH AJA KEBOBOLAN HACKER.. LAWAK LAWAK !!! . BUKANNYA MEMPERMUDAH. MALAH MEMPERSULIT SULIT. CAPEK CAPEK."
1,"Petugas pajak kota serang kenapa jutek"" ya. Loket 13 yg buka cm 3. Parah perusahaan negara begini"
1,Kecewa dengan dirjen pajak uang pajak dari pekerja kasar dikorupsi
1,APLIKASI SAMPAHHH!! GA APLIKASINYA GA INSTITUSINYA SEMUANYA GA GUNA PAYAH SEMUANYA
1,"Aplikasi payah, gak jelas. Seharusnya bisa mempermudah ini makin sulit, tolonglah diperbaiki aplikasinya, biaya negara loh"
1,Sering down server
5,Okey
1,Pada WEB. DI LANGKAH KE 2. CAPCHA UDH BENER MASIH AJA KE RELOAD DAN NGULANG BEGITU TERUS. Sedangkan daftar menggunakan PC.
1,"Baru masuk aplikasi langsung disuruh update, pengen berkata kasar tapi ga pengen disangka orgnya kasar. Update ga jelas jalan/engga. Jinglah"
1,Aplikasi gilo suruh gisih data sesuai KTP tpi tertulis kelurahan anda salah aplikasi tolol udh ditulis data diri seperti di KTP alamat tpi salah eror tolol
1,untuk login ke aplikasi ribet sekali kirain daftar udh bisa login ke aplikasi ternyata gak .. tidak bisa login terus harus datang ke kpp terdekat untuk mendapatkan efin jadi apa gunanya online ini
5,Saya Download Hanya Ingin Masuk Konten Tretan Muslim Aja😁hehe
1,Ini aplikasi tambah menyusahkan no otp ratusan kali datang tp di verifikasi di suruh ulang melulu
2,"Biasa, seperti aplikasi pemerintah pada umumnya, ngga yang manual ngga online sama ribetnya. Giliran sama pajaknya kita disuruh taat, tapi pelayanannya, bahkan yang online sekalipun tambah bikin makan pikiran sama makan hati. Aplikasi sampah cuman ngabisin anggaran doang."
1,"Kmrn bisa login, skrng gk bisa. Lapor ke kantor kpp pratama, disuruh online, tp app eror. Mau nya gmn?"
1,Aplikasi sampah.. Udahlah buat peraturan suka2.. Minimal Pake Apk yg Pro donk.. Ini malah Eror mulu
1,Admin aplikasi lu parah banget
1,Sulit login padahal login di website nya bisa.
1,Aplikasi g guna susah login!!
1,"Aplikasi ga jelas, fitur efin ga bekerja, fitir daftar pengguna juga ga bisa diakses."
1,Mau daftar ko ga bisa mulu....
1,sangat buruk ga berguna mending buang aja dari playstore
1,"Aplikasi SAMPAH!!!! ANJ bener bener bikin orang buang buang waktu, dimana mana orang pake apkikasi biar memudahkan ini malah bikin tambah susah, mau web mau aplikasi bener bener sampah, produk gagal, untuk daftar diminta kode efin, suruh donlot aplikasi udah di donlot daftar ini itu dan udah selesai seenaknya data error, suruh lagi ulang dari awal padahal udah bner semua, gini doang gk bisa! gimana mau maju Indonesia dasar apk sampah!"
1,Buruk lemot
1,Aplikasi sampah ga guna
1,"Lupa pasword aja dipersulit, serius gak sih bikin aplikasi. Malah nyusahin masyarakat"
1,"Kenapa wajib pajak yg harus memadankan nik sendiri, padahal datanya sdh ada waktu daftar. Payah banget"
1,"Ribet, mau bayar pajak aja ribet, apalagi minta duit. pengajuan efin gagal."
1,Udah habisin dana banyak ini hasil nya? Wkakakakak lawak
1,"Ini aplikasi apa sih ini, ga ada solusi dan kemudahan sama sekali. Ntar di bilang kita yang berbelit belit."
1,"Susah login, tolong di perbaiki"
5,Sangat membantu saya dalam laporan tahunan
1,bapak/ibu terhormat ini aplikasi gabisa login wei?
1,"Aplikasi lemott, customer service cuma ada bot doang lagi. App pemerintah gada yg beress, apa anggaranya dikorupsi?"
3,tidak bisa di gunakan
1,"yaa biasalah si paling nyari selisih, ngebuat aplikasi... ya isinya orang muak semua"
1,aplikasinya super eror
1,SAMPAH! Udah webnya gak fungsi. Mau login saja susah. Kolom username gak bisa diisi. Begitu bisa diisi salah mulu padahal username & password udah benar&tersimpan otomatis di chrome. Disuruh memadankan nik&npwp. Login aja gak bisa. Abis download aplikasi malah suruh update. Kenapa gak sekalian yg didownload versi terbaru? Muter² doang! Dirjen pajak tugasnya ngapain sih selain malak? Bikin web/apk nyusahin gak fungsi. Ini di web ada kolom kritik saran aja tombol kirimnya gak bisa??? Anti kritik!
1,Bukannya mempermudah malah mempersulit
1,Aplikasi kurang bermutu. Mau lapor pajak aja susah.
1,"Aplikasi gak jelas banget, udah daftar via web trus mau login d aplikasi gak bisa, salah semua padahal baru buat gak mungkin ada yang salah"
1,Mau bayar pajak aja ribet ini......!
5,Sangat baik.
5,Sangat membantu
1,Ribet ah mau daftar saja mesti ini itu tidak dibuat simpel
1,"bolak balik mau pasfoto keluar sendiri trus ini sebenernya aplikasi mau mempermudah atau mempersulit hadeh. ktanya bisa online mau minta efin ajah susahnya minta maaf, harus datang langsung lh ini itulah bukanya semakin mudah mlh semakin syulit"
1,"App sekelas punya pemerintah cuma bikin emosi penggunanya, error ,ga jelas, apa indonesia kekurangan orang pintar untuk bikin app yg bagus?"
1,"Aplikasi menyukitkan tidak berguna,emding tidak usah pajak sekalian"
1,"Saya sudah download dan sudah dihapus lagi, gblk"
1,Bikin malu ini aplikasi
2,"mohon segera di update min , karena aplikasi nya eror mulu mau login selalu eror , padahal data sudah benar."
5,Bagus dan sangat membantu
1,"Aplikasi apaan ini, cape cape isi data, ujung ujungnya eror,kalau bikin aplikasi yang niat bos, kalau gini ma ga usah bayar pajak nyusahin, ribet"
1,Aplikasi gk guna mau daftar aja ribet amat
1,Sampah
1,Mengapa saat kita mengisi form untuk alamat email hilang terus dan huruf menjadi besar
1,Setiap mau masukin data untuk mengambil efin selalu keluar aplikasinya. Percuma di install.
5,Disiplin membayar pajak cermin budaya bangsa yang hebat
4,Akalau ngak bagia hapus lagi bos
1,Apk ghoblokk
1,"aplikasinya hanya merepotkan, org djb gaji sudah selangit tapi pelayanannya buruk, aplikasi yg harusnya mempermudah malah berbelit belit..."
1,Mau masuk apk nya aja susah banget mental mental pie iki nyusah ke
1,Aplikasi Tolollll. Masukin Chapta Udh bener katanya salahhh.
1,nggak ngerti bgt
1,Mau bikin nomor efin gagal terus :(
1,"Mentok d tahap ke 2 terus mau di apain ya ga bisa,emang lawak negara konoha pajak aza d persulit.lawakkkkkkk"
1,"Aplikasi eror npwp dan sandi sdh betul pun ttp tidak bisa log in....perbaiki lagi coba .jangan kecewakan orang,!!!"
1,"Jangan di download, percuma buang² waktu buang² kuota, aplikasi ga jelas, live chatnya juga ga jalan, padahal mau urus² buat npwp16"
5,Good apk
2,Masih di uji coba
4,Aplikasi bikin nga liyer keun daftar langkah ke 2 susah msukan kode otp blik lg blik lg malah plz habis daftar gak bisa bisa
5,Ok thanks
1,"Aplikasi Apaan, orangmau daftar aja payah. apalagi login. ya gini kebanyakan makan duit..."
2,"daftar untuk log susah banget, apa harus ke kantor cabang terdekat"
5,M-pajak sangat bgus aplikasinya TDK rumit
1,Dari aplikasi ini kita tahu bahwa membayar pajak itu tidak semudah mengkorupsi uang rakyat
1,coba buka aplikasi games Pow .. rating lebih tinggi 4.4 / zuma .. uwow ..
1,aplikasi kaga guna
1,"Gak guna ribet dan payah yang sangat konyol, verifikasi data aja gagal terus"
1,apk lemot klok developer ga niat bikin sklian ga ush bikin ruggi gw donload
1,"Begini kalo aplikasi hanya buat proyek pendapatan, birokrasinya rumit, ribet, pelayanan, tidak mudah dimengerti masyarakatnya, buat login aja susah"
1,"Apk lawak!! Ujung-ujungnya lapor spt lewat website juga, trus ni apk buat apa ajg"
1,"*pastikan email anda adalah email yang selalu anda gunakan* ku masukin email ku*email yg anda gunakan sudah pernah terdaftar*. Kapan aku daftarnya? Pas di coba pake email lama ku berhasil masuk sampe tahap 3. LAMA BANGET! Di tungguin entah berapa jam, malah balik lagi ke awal. Dan sekarang gak bisa masuk!"
1,Apasi... Gk bisa login effin udh bener juga
1,Sering restart gak bis masuk ke akun yang sudah ada
1,Saya sudah pakai 2 akun tapi tidak bisa daftar
5,Mantap
1,Pelayanan Payah . gw udah selese daftar NPWP tahap dua dan dan setelah itu ada notif chack Link aktifasi di email tapi pesannya gk muncul2 di email. kan T...
1,"Sekelas Kantor pajak buat website dan aplikasi kalah dengan kominfo dan website seperti Prakerja yang mudah diakses!!!Ini tuh mau daftar Npwp dah via email nunggu gak diproses,masyarakat dipersulit bayar pajak suruh rutin, Memang terbaik"
1,Apk gak guna websitenya pun sama. Lebih baik ke kantor pajak nya aja kalo bikin npwp emang sampah gak guna buat nonton bokep aja tuh Situs web
1,Percuma ada aplikasi ujung-ujungnya disuruh ke kantor pajak juga. Payahh
1,"Aplikasi belum bisa di gunakan, untuk daftar data salah terus. Aplikasi belum sepenuhnya berhasil jangan di luncurkan min"
1,aplikasi tidak berguna sebelumnya sudah mendaftar tidak ada email balasan mencoba mendaftar lagi kartu provider harus axis menyusahkan orang aja kalau ga bisa buat aplikasi mending tidak usah
1,Buset dah...
5,Sgat bantu
1,"ga jelas aplikasinya, data data udah benar gabisa login mau aktivasi butuh EFIN, mau dapetin EFIN disuruh login, gajelas banget ini web sama apknya, anggaran banyak buat apa?????"
1,"website buruk,aplikasi buruk 👎"
1,Payah
1,"Aplikasi gajelas, semua dibuat ribet dan susah."
5,mantap
1,Aplikasi gak jelas gak respon ketika dibuka
1,Payah aplikasi nya gagal terus mau minta kode efin aja
1,"Elek tenan. cuma menghabiskan pulsa,gak masuk-masuk"
1,Web payah.. kebanyakan d korupsi pasti uang pajaknyaa.. jadi gak pernah ada perbaikan d websitenya.. karena uangnya buat BO Lucunya negeriku.. cuman bisa ngasih kebijakan tanpa solusi sama sekali.. pemerintah itu yg mempersulit dan mempermiskin masyarakatnya sendiri
1,"Aplikasi Lolot, orang baru berhasil ndaftar malah keblokir. Blok!!!"
1,Gila wajib lapor pajak dan bayar pajak aplikasi sekelas pemerintah kok jelek forclose2 gak bisa dibuka buang2 duit bikin aplikasi abal2
1,aplikasi insitusi kelas negara tapi peforma aplikasi scam. kerja bagus!!
1,"Sangat buruk selalu diulang terus, kesalahan dalam penulisan kelurahan dan kota terus menerus.dari pada pusing goodby"
1,Ter buruk
2,Kecewa sih kenapa kalau di buat online tapi harus ke kpp kabupaten juga. Hmm
5,Ok dl aja
4,Mantap
1,"Codingan eror parah , udah sesuai nik masih aja di bilang salah ,"
1,"Tolong Aplikasi diperbaiki lagi, ini sudah tahun 2024 semua serba modern harusnya diupgrade lebih baik agar tidak macet dan lag, Aplikasi fungsi seharusnya untuk mempermudah bukan untuk mempersulit"
2,Saya mencoba mendaftar NPWP tapi request otp tidak ada dikirim
5,Semoga selalu membantu kami
1,Aplikasi payah otp aja ngga di kirim kirim
5,Ok
1,Masa ga bisa daftar kocak
1,"Saya lupa password, klik lupa password ga bisa bisa, kaya ga aktif gitu...sampe di hapus instal ulang, tetep ga bisa"
5,"Gue ulang berkali kali tutorial masih aja eror gak guna emang ini apk dan situsnya pada eror gak niat bantu masyarakat, miris sekali dinegeri wakanda ini ,situs pemerintah pada down tapi situs slot aman2 aja tuh lancar jaya😂"
1,"Orang mau nyari NPWP dan cuma tanya nomer EFIN aja susahnya minta ampun, cuma mau bayar pajak aja di persulit. Ndeso bgt sistemnya sumpah!!! Serba online tp di suruh datang ke KKP, Saya yakin birokrasi di KKP pasti lama bgt. Gitu gaji org pajak tinggi tinggi banget, kek alun koruptor eselon III dirjen pajak bisa beli ini beli itu. Sistem tuh perbaiki, gak cuma gaji aja yang gede"
2,gagal login terus
1,"Saya ini cuma buruh, yang secara tidak langsung di paksa bikin NPWP. Jika prosesnya mudah sih mungkin g masalah."
5,Aplikasi informatif dan mudah dipahami
1,"Kenapa mau bayar pajak aja di bikin ribet. Kemaren saya beli motor bekas, di STNK nya ada fotocopy pemilik nya. Tpi sang pemilik udah meninggal,jadi di jual dengan istrinya. Lalu saya ke kantor pajak untuk bayar pajak kendaraan, lah dia minta orang nya datang. Udah saya bilang orng nya udah meninggal. Ini ada Poto copy KTP nya. Trus orang pajak nya tak mau proses. Heran betul sama orang pajak, kita ada niat mau bayar malah tak bisa. Ya udah saya biarin aja tak bayar pajak sampai sekarang."
1,"Apk gk jelas susah masuk, begitu masuk isi data tiba tiba eror,di ulang begitu terus begitu masuk gagal terus"
1,Angel angel
1,"Tidak bisa login, padahal semua datanya benar."
1,Pembuat aplikasi nya kurang bagus
1,Busuk
1,"kenapa ya,saat masuk akun di web ereg.pajak.go.id npwp/nik dan pasword bener dan bisa login, sedangkan di apk M-Pajak npwp/pasword salah??"
2,"Mohon untuk di perbaiki aplikasinya, masak mau minta EFIN selalu gagal padahal data sudah benar"
1,"Aplkasi b2 minta otp gak muncul, bantuan nye sengaja di erorin"
1,Lah baru aja selesai bikin. Masa mau login susah amat data tidak ditemukan. Aplikasi dajjal. Ngabisin duit rakyat loh
1,"Aplikasi ngontol,,,situs nya eror lemot mending situs bokep tolol"
5,mantap
1,Nggk guna
1,aplikasi tidak jelas. sudah isi pulsa untuk daftar verifikasi pendaftaran tapi tidak ada kelanjutannya. gimana ini min?
1,Ini aplikasi yg gue instal versi terbaru kan? Tapi kenapa pas dibuka minta update pembaruan jink!?
1,"TIDAK BISA MASUK MAU DI APLIKASI ATAU PUN DI GOOGLE CROME SELALU GAGAL MULU!!,KATANYA DATA GAK ADA,PADAHAL KALU DICEK BISA MUNCUL!!"
1,Aplikasi yg sulit Login aja susah 👻
1,"Baru juga download & install, Cuma liat muter2 doang kwkwk"
3,versi terbaru mempersulit pengguna untuk lapor perpajakan tlg di kembalikan saja ke versi lama itu lebih mudah karna menu yg di perlukan muncul semua
1,Sudah membuat kode billing. Namun ketika akna membayar. Kode billing tidak ditemukan.
1,Belum dipake dah minta update aplikasi tolol pemerintah dongo semua tua bangka tolol
1,Susah masukkan kode captcha Abis pulsa gua karna refresh hp minta kirim kode validasi
5,Ini apakah bisa diakomodir jika lupa efin?
1,Mau daftar saja susah 🤦
1,"Aplikasi payah. Website payah. Query validasi data juga payah. Scrum master-nya tolong totalitas dong. Bisa2nya NIK & KK dibilang gak terdaftar. Trus kita bisa bikin NPWP dan terdaftar di Disdukcapil gimana ceritanya? 🤦🏻‍♀️ Udah update, minta update. Ditungguin, malah splash screen dan blank. Cape pengguna dibuatmu. 🤦🏻‍♀️"
1,Nyari domisili kurang lengkap masa iya domisili saya tinggal kaga ada apk busuk
1,"Customer service payahh, masa iya cuma salah email dan pasword bisa keblokir akun... Di suruh daftar pake email baru lagii. Nanti keblokir lagi karna salah pasword dan email... Teruss gitu sampe 1000 email"
1,Perentiah 4njing habisian duit negara buat aplikasi kayak t4ik
1,hapus aja ini aplikasi dari play store
1,Nyusahin
1,Padahal aplikasinya diawasi negara kenapa kualitasnya seperti ini?
1,aplikasi kaga berguna pulsa udah abis 5000 kaga ke daftar² buat apa ada aplikasi ini kalo kaga berguna
1,apinya error ga bisa di buka
4,Top..aplikasinya
1,buruk sekali.. eror.. live chat pun gk bsa
5,Membantu
5,Sesuai data
1,Percumah kita mau taat pajak aja susah birokrasi ribet aplikasi lemot buat pengurusan gimana negara mau makmur
1,"Otp sangat lama, waktu sudah masuk proses verifikasi gagal. Verif efin sudah berkali-kali dicoba tetap gagal verifikasi. Ujung-ujungnya ke kpp juga ini. Buat apa aplikasi dibuat tapi tidak untuk mempermudah"
5,Ok
1,verifikasi sms ga bisa apa ga punya pulsa???
1,"Pagi tadi ke kantor pajak buat ngurus aktivasi akun, setelah selesai nanya ke CS nya soal login aplikasi ini dan CS nya bilang ""kita"" gak ada aplikasi kaya gitu pak, ""kita"" base nya pakai website, jadi mending uninstal aja. Baca2 komenan review juga mayoritas negatif, takut input data2 malah disalahgunakan"
1,Gak guna
1,aplikasi paling gk berguna
1,sengaja download biar kasi bintang 1
1,"Aplikasi g guna,, kyk kantornya"
1,"Web nya aja ancur ancuran bikin aplikasi, orang orang Pajak tu ngapain aja si, sampe kena hujat sana sini, benerin dulu web nya, bikin app mah buat pantes pantes doang,dikira jadi keliatan keren apa gimana web sama app nya ga bisa di pake,"
1,"Baru juga download. Mencoba daftar NPWP baru, tetapi tidak ada email yang masuk. Baru langkah awal sudah buruk 👎🏿"
1,"Baru diinstall, langsung nongol pop up apk harus diupdate dan apk gak bisa digunakan"
1,"Fitur yang sangat buruk, tidak di aplikasi atau pun di website semua ny buruk!👎"
5,Bagus
1,"Ah, tolol anying"
1,APK BUSUK MAU LOGIN AJA RIBET
1,Aplikasi gak guna ferifikasi data muter2 gak jelas minta efin pun susah gimana mau taat pajak kalau semua dibuat susah.
1,Ga becus
1,Gak guna ajg lapor spt ttp lewat web
1,"Datang ke kantor pajak langsung malah di suruh daftar online, giliran daftar online malah ribet. Terlalu banyak buang waktu"
1,Servernya lah tolong diurus
1,Buat online tp efinnya disuruh dtang langsung sama aja nggk online duh jaman dah online tp pelayanan kek jaman dulu
5,Good
1,Ga bisa di buka
5,Sang membantu
5,"Perpindahan antar menu saat di klik memerlukan setidaknya 2-3 detik untuk ditampilkan, harusnya aplikasi ini gk lolos ujicoba pas mau launching,melakukan pendaftaran / lainnya kenapa harus pindah ke via website? Terus fungsi aplikasi ini buat apaan? Buat di putar, di jilat, di bakar kantor pajaknya? Itu dana gede kemanain? Bukannya upgrade kualitas manusia, malah di pake beli Rubicon, nyewa LC, nikah lagi sama LC,elu nagih pajak puluhan tahun dan jutaan warga, masa bikin aplikasi model Majapahit"
1,Aplikasi tolol
2,"Aplikasi Negara Dibiayai APBN kok sering Eror/ Bug Malu maluin 😂 Sesuai kualitas Pejabatnya😂 Contoh tu Aplikasi PLN mobile Bagus and User Friendly, lah Ini Urusan Pendapatan Negara secara Global Makro All sectors malah Eror an😒"
5,"Terima kasih sekali sangat membantu ,live chat nya juga cepat aplikasi berjalan lancar. Sebagai perantau yang pertama kali juga lupa efin badan bingung banget karena beda sama lupa efin pribadi dengan live chat sangat terbantu makasih kak satria walaupun aku bingung banget tapi Alhamdulillah muncul emil padahal live chat nya keburu berakhir. Makasih pokonya sehat selalu pegawai dpj 🙏🏻"
1,Apk macam apa ini! Login di website bisa tapi login di apk gak bisa!!
1,System konyol tidak ada satupun bintang 5 .
5,Mantap
1,developer nya keliatan banget ni aplikasi ..sengaja mempersulit orang yg mw daftar ...stelah isi data mw ke selanjutnya eh tombol nya di umpetin ...PEMERINTAHAN EMANG SELALU BEGITU ..
5,Mantap
1,Login sering bermasalah. Aplikasi ampas.
1,"Pengiriman kode otp ketika melakukan pengajuan pupa e-fin sangat lama baik melalui sms maupun e-mail, padahal pengiriman otp melalui sms dikenakan tarif."
5,Bagus..pelayan cepat dan sangat membantu..memuaskan..good job
1,Mau login aja susah wkwk
2,"Saya daftar npwp Krn perangkat desa kantor lurah yg nyuruh, Krna d iming2 bantuan pokir dari caleg Jadi saya susah dapat bantuan pkh, Gmna cara nya ini pak/ibu, mohon bantuannya?"
5,Sangat bagus
5,TELKOMSEL ROLI
1,Aplikasi sulit di pakai mau daftar aja susah...lewat formulir loading lama sekali 1 jam lebih Tolong webnya di perbarui
1,gak jelas
1,Sering keluar sendiri aplikasi nya jelek bngt
1,Minta bantuan masalah EFIN. Malah langsung kabur CS nya. Niat mau bayar pajak tapi GK dikasih EFIN. Lucu banget
1,Hahaha aplikasi kepala ...... sudah jelas terdaftar giliran login nggak bisa
5,Mbaknya SABAR Banget.. TERIMA KASIH.
1,kocak ribet amat bikin NPWP jugaa nunggu email kaga muncul muncul
1,bnyk yg ga bs di klik pilihan nya. lemot
1,"""Sayangnya M-Pajak telah berhenti"" melulu.."
1,Setau saya blm ada menu pelaporan SPT nya ya mohon tambah kan dong menu nya biar lebih kumplit dan aplikasi nya perbaiki lemot banget
1,"Kebanyakn nipu rakyat,,.. apl gk guna, keliatan Apl hasil uang korupsi."
3,"Aplikasi selalu force close saat ingin mengetahui EFIN, pada saat swa foto. Tolong diperbaiki"
4,"1,a y d, lagi 😁🥲😴"
4,Mantap
1,"Uangnya banyak, tapi aplikasinya jelek"
1,"Mau daftar efin lewat online tapi ngga bisa.. ga bisa verifikasi otp nyaa.. udh bbrpa hari dicoba ttep ga bisa..pdhl udh d cobain pake email yg sama tapi kode otp ngga muncul, udh dicoba pake no hp juga sama kode otp nya gaada masuk.."
5,kadang lemot
5,mantap 👍
5,Good
1,Aplikasi tidak bisa di gunakan mau masuk saja sudah tidak bisa Salah terus ketika mau lupa password juga tidak bisa 🥱🥱🥱🥱
5,Terbaik
5,Tingkatka aplikasinya dan permudakan pendaptaranyany.
4,Bagus
1,TIDAK REKOMENDASI
5,👍👌
1,"ribet,, baru install suruh update dah nunggu 1 jam gx selesai2 updatenya,, mana maksa banget pengupdatetanya , mana gak bisa di kembalikan, bukan mempermudah malah mempersulit,,"
1,"Aplikasi gk jelas,bikin akun cuma muter² aja"
1,Ksh rating 1 ajj Pelayanan pemerintah kok gni
1,Mau daftar npwp saja susah. Lewat e-reg website gak bisa lewat aplikasi juga gak bisa. Masak kualitas pendaftaran online sekelas dirjen pajak cuman sebatas ecek2. Susah diakses seperti ini. Mengecewakan.
1,"Tiap mau masuk selalu harus login terus pada sebelum nya sudah login dan gak pernah melakukan log out, ribet jadinya"
1,Saya masih sulit untuk menggunakan aplikasi ini
1,Jngn buat malu Indonesia.... Segalanya di persusah... Sudh di ikutin sesuai arahnya namun ad aj hal yg gk bisa...
5,Error
1,"Beginilah kalau aplikasi plat merah. Boro2 membantu, masuk aplikasi aja susahnye minta ampun. Pajak ooh pajak, kami tuh mau membayar upeti harusnya bisa dipermudah."
1,"Gaji UMR potongan pajak Internasional, sehat???"
5,Bagus
5,Ok
5,sangat bermanfaat
1,Kartu atas saya koc belum ada juga ya pak/bu Kenapa?
1,Gak jelas
5,"Harus sabar, banyak banyak lihat tutorial, alhamdulillah selesai juga pembuatan via online. ""Nikmat Tuhan yg manakah yg kau dustakan"""
1,Gabisa dibuka
5,tidak lama louding
4,Aplikasi sampah
5,Sering kembali ke menu asal padahal sudah mengisi data begitu banyak
1,gak bisa d buka
1,kentut
1,Susah aja
1,"Gak bisa lapor, di klik aplikasinya diem aja"
1,Sebenarnya tidak layak dikasih bintang. Online seharusnya mempermudah. Aplikasi malah eror terus
1,"Pungutan Uang negara sebanyak itu, masa untuk kembangkan aplikasi seperti ini saja tidak bisa, padahal sangat membantu untuk kita lapor dimanapun dan kapanpun"
1,Aplikasi pemerintah dengan dana pembuatan yg pakai dana besar tp kualitasnya kok gini amat 😮‍💨
1,"Minta kode Verifikasi sampai botak nungguin gak masuk²,, padahal nomor yg didaftarkan masih aktif 👎👎👎"
1,"Aplikasi sekelas punya pemerintah tpi mau lapor pajak tdk bisa,, pilihan menu nya tidak jelasss,,e mengherankan"
1,aplikasi apa ini? sampah 🤣
1,Yang digadang gadang setiap baliho efiling ternyata zonk wkwkwwk
1,Suruh taat pajak tp aplikasi sulit
1,"Tolong link ureg.pajak.go.id dibenerin, masa pengen bikin npwp susah bngt,, udh bener tinggl ngisi data doang,, keluar sebentar langsung bikin dari awal lagi,, pulsa gw udh abis goceng bikin itu doang,,, orang pengen bayar pajak ajjh malah dipersulit,,,, kerja yang bener, bukan foya"" sama nyantai"" jangan korupsi terus, uang rakyat buat negara bukan buat diri pribadi, klo fasilitas negara buat rakyatnya kaya gini gimana negara mau maju, yang ada, HANCURRR!!!!!!"
1,"mau minta efin,pas verifikasi wajah,aplikasi langsung close,jadi nyesel buat npwp.Bukannya d permudah malah ribet banget."
5,Sangat Membantu aplikasi ini
1,"Ribet banget, muter² gak jelas petunjuknya Kerjasama sama google aja emailnya Lupa efin, dikirim ke email mailnesia Lupa email disuruh masukin efin Trus gimana cara mengetahui efinnya?"
1,Gk berharap byk soal nya lupa efin ngajuin berkali-kali gk masuk Efin nya ke email
5,The best
1,Gajelas
1,Aplikasi jelek ribet lagi
1,"DEVELOPER GAK JELAS, PASTI MANUT AJA JADI BABU PIMPINAN, APLIKASI AJA GAK KE URUS."
5,Ok
1,Kualitas nya msh buruk
1,"Emang yah, aplikasi atau situs sekelas instansi besar di negara kita itu ga keurus, selain rentan kena hack, situs atau webnya ga responsif.. dikit dikit relaunch, error.. apaan dah."
1,"Ini aplikasi punya pemerintah untuk masyarakat lho..tapi kok sekali dibuka malah keluar lagi. Aplikasi kok ecek ecek gini, parah sumpah"
1,"Kenapa setiap selesai upload foto selalunya eror masalah kelurahan padahal nama kelurahan jelas jelas gak ada yang salah sama persis yang di KTP, mau bayar pajak tapi aplikasi model begini 👎👎👎👎, live chat nya aja gak ada solusi"
1,"Aplikasi SAMPAH KALAU GAK SIAP DIGITAL LEBIH BAIK KONVENSIONAL,BUKANNYA MEMPERMUDAH MALAH BIKIN SENGSARA. LEMOT,ERROR TERUS,COBA LAGI ERROR LAGI,PADAHAL DATA SUDAH FIX BETUL. F""C"""
1,"aplikasi lemot, sudah punya akun tapi susah masuk, minta verifikasi ulang malah gagal mulu, orang mau lapor aja ribet. lebih mudah bikin akun sosmed daripada akun pajak di aplikasi. heran"
1,Apknya kalah sama apk warung masukin kode otp efin saja 6x gagal terus ga jelas gimana coba masa
1,"Mau ngurus lupa efin aja ribet, padahal udah pake foto sendiri. Klo nagih pajak getol buat pelayanan sulit."
1,"Aplikasi GK jelas, sudah berulang kali isi data gagal trus"
5,Ok
1,"Sekelas aplikas pemerintahan loh , cacat banget baru bukanudah eror , maunya nerima uang doang tapi gada kualitas sama sekali"
5,Mantap
1,"Susah login terus, sampe2 pernah ke kantor cabangnya ke cs buat minta bantuan udah bisa login waktu itu. Sekarang dicoba beberapa lagi tetep gak bisa login"
1,jelek banget
1,"Mau mgurus pajak aja susah, padahal tinggal terima uang. Efin efin harus ke kantor nian. Dikira kami nganggur apa gimana. Sulitt"
1,Baru msuk suru updet..mala muter2 terus gmn sih ini...payahhhhhhh
1,"Apk susah buka Nya , auto uninstall"
1,"Pajak sudah dibayar tapi masih disuruh laporan,trus apa gunanya bayar pajak"
1,"Aplikasi sampah, susah bener kagak bisa kirim ulang efin buat lapor spt"
1,Lah cara lapor spt nya gmna kog gk ada menu nya ..
1,"Ini bikin aplikasi berapa sih dana nya? Perusahaan swasta pinjol aja aplikasi nya bagus2.. INI SEKELAS NEGARA APLIKASI ANCUR GAK KARUAN, MASA KALAH AMA APLIKASI PINJOL, HAHA.."
1,Baru download langsung kecewa. Apa uang pajak masyarakat belum cukup banyak ya untuk buat aplikasi receh aja jauh dri kata bagus.
1,"Kecewa aing teh kumaha aplikasi suka eror,padahal tiap bulan juga Bayar pajak dipotong pajak,masa mau report aja susah na minta ampun"
1,"Setelah donlod app ini ko dpt wa penipuan an djp online y,"
1,"Tidak seperti versi web yg komplit, versi mobil ini justru mengecewakan, kurang fitur"
1,"Lebih baik aplikasi BOKEP ketimbang apk resmi tapi konyol banyak masalah dan teknisnya baru belajar udh dipaksain buat apk padahal kemampuannya blum mumpuni, bejar dlu nak PD ahlinya jgn buat negara kita malu, ini sgt memalukan masak apk sekelas negara kalah sama apk bokep"
1,Aplikasi cacat blm mendukung disuruh lapor pajak tapi mempersulit dan ribet buat kami yg jauh dari kota
1,Aplikasi negara emang bobrok udh gak heran lagi
1,"Ribet, tidak efisien, Lemot, Mohon dipermudah."
1,"Sangat buruk, sulit ,"
1,Salah satu aplikasi tidak berguna dari pemerintah live chat berakhir dengan sendirinya tlpon ke nomer 1500200 juga sama saja
1,Aplikasi dibuat untuk menyusahkan... lola bedddd anjir.. baikin dong aplikasinya .hermannnnnnn
1,ribettttt
1,aplikasi ga guna! jelek bgt kualitasnya
1,APLIKASI PALING USELESSS!!!!! DUIT PAJAK RAKYAT TOLONG DONG DIPAKAI BUAT HAL2 YG BERMANFAAT KAYA M PAJAK INI DIBENERIN!!!! KITA MAU BAYAR AJA DIPERSULIT !!!!!!!!
1,"Critical Eror Occurred! ayolah katanya masuk kerja dipajak susah seleksinya, masa aplikasinya gabisa dipakai sama sekali kya gini hadeh"
2,Aplikasi sering error mau di permudah tapi di persulit
1,nggak guna banget punya aplikasi
1,"Jelek banget aplikasinya. Kami dituntut cepet lapor pajak, tapi ada aplikasi yang kami pikir bisa cepet selesai tapi malah aplikasinya jelek. Gak guna."
1,"Aplikasinya benar-benar membuat pusing, berulang kali gagal kalau udh ke tahap selanjutnya"
1,"Mau lapor pajak aplikasi eror mulu, gak lapor pajak denda, pemerintah bisa nya bikin susah aja"
1,"baru buka langsung error, mau login error lg, nggak bisa di pake, mau laporan nggak bisa"
5,Sangat membantu wajib pajak
1,"Baru download aplikasi eror mulu gimana mau lapor spt,,tolong di perbaiki."
1,Error mulu
1,"Parah sekali, seharusnya aplikasi seperti ini membantu dan mempermudah sehingga waktu dan biaya tidak terbuang sia-sia"
5,Ok mantap
1,Banyak kekurangan
1,Bgini kualitas pemerintah kita bikin aplikasih tdk usah buat aplikasih om kualitasnya miris
1,"Sbetulnya saya heran, kenapa saya disuruh Update padahal di Playstore tidak ada tulisan ""update"" Whyyy???? Saya makin heran ternyata gak cuma saya yg merasakan 😂😂."
1,Aplikasi nya sering eror jadi kesel
1,"Error, force close, input otp error parah2"
1,"Aplikasi tolol, bukannya mempermudah"
1,Parah memang kita bayar pajak kita yg di persulit aplikasi gk guna buat apa di buat masa baru masuk sudah eroorr parah
5,Ok
1,"Bobrok sekedar buat aplikasi menggunakan uang anggaran tappi gak bermanfaat, gini mau narik ppn 12% pph 21 sudah membuat masyarakat tercekik bos. Antara kebijakan dan pelaksana wajib pajak tidak di pertimbangkan"
1,Crash ancur
1,"Ealah baru aja install langsung error, pemerintah pemerintah, kemana aje tuh uang pajak."
1,Aplikasi tolol di buat ga guna baget
1,Aplikasi gak guna
1,Baru buka langsung tutup aplikasi sendiri
1,"Parah ini, sekelas aplikasi Pemerintah pusat error terus"
1,Lupa efin tidak bisa verifikasi
1,Aplikasinya error terus. Percuma ada aplikasi tp error terus. Gak mempermudah
1,"Appnya ga bisa dibuka, tertulis Fatal Error JS Function segala macem. Disuruh update tapi pas dicek ko ga ada tulisan Update"
5,Sangat membantu
1,"BENERIN DULU APLIKASINYA LAH, RAKYAT UDAH SURUH BAYAR PAJAK, APLIKASI BUSUK MACAM TAIK JUGA GA DIBENERIN. TIAP MAU BUKA CAMERA ADA AJA ERRORNYA. JANGAN CUMAN SENENG NARIKIN PAJAK RAKYAT AJA KLEAN!!!"
1,"Mungkin saya orang ke 273.8jt dari penduduk indonesia yg memberi rating 1 pada aplikasi ini, sayang tak ada rating 0, kalau ada saya pilih yg 0"
1,Ga guna
1,Parah nyet
1,Aplikasi cacat restart terus
1,Aplikasi gakbisa dibuka
1,"Aplikasi yg sangat buruk, ngga di website maupun aplikasi sama saja,bukan nya mebg update untuk memperbaiki kualitas pengguna malah tidak ada perkembangan"
1,"error terus pas verifikasi wajah, kacau!!!"
1,Link aktivasinya tidak bisa diterima. Sudah coba berkali-kali tetap tidak ada link yang masuk ke email terdaftar.
1,Tidak bisa dapatkan efin eror terus padahal data sudah benar
1,"Hadehh, bukan nya mempermudah hidup malah mempersulit di app 🤧 (12/1/24) Lagi-lagi saya kecewa dgn app ini, kenapa sih suka sekali buat orang naik darah? Apa ga ada niat pemerintah utk memperbaiki kualitas app nya? Makin hari bukan makin bagus, ini malah makin eror 🤧 jangan makan gaji buta aja dong. Kami disuruh bayar pajak. Tapi app nya ga banget kualitasnya 🤢"
1,Anehhh mau lapor pajak lewat website pun di persulit dan selalu terjadi kesalawan teruss klo memang GK niat bikin website sama aplikasinya mending GK usah di buat ribett bgtt mau lapor aja sulitt pantes aja PD males mau lapor pajak org ribett nya minta ampun
1,"Asli udah di download disuruh update, ini apasih yg di update? Udah 5 jam nungguin loading masih aja begitu"
1,Viralin Biar Pemerintah Bener Berbenah Jangan Cuma Omong Doang. Aplikasi ERROR.!!
3,Bisa minta updaten terbaru untuk samsungA33 ndak?
1,"Sok-sokan digitalisasi, tp asal bikin aplikasi. Pajak kita dibuang untuk aplikasi yg sia-sia."
1,Kecewa pelayanannya
1,ribet mau liat secara online aja harus dtg ke kantor pajak dulu. padahal penting mau liat pajak dr rumah dan taat pajak. aplikasi bobrok.
1,aplikasi pajak cacat apalikasi apaan begini
1,"Apa sih aplikasi ini gak jelas Mala closing sendiri lagi di daftarin juga,,,kalau emang gak bisa ngebantu mending gak usah diadain,,,nambah ribet aja,,ngeselin"
1,"Aplikasi yang susah untuk digunakan, bikin geram🥴🤔, bisa tidak diperbaiki lagi?"
1,"Live pajak ga bisa, 1500200 ga bisa. Apa coba yang bisa membantu?"
1,Semua yg dari pemerintahan tidak ada yg berguna bagi rakyat hanya memberatkan dan menyusahkan saja.. aplikasi sampah IT yg tidak becus. Tidak mau menerima masukan rakyat negara hancur dan rusak bila di pimpin orang asal asalan
1,Ini aplikasi gimana sih? Masa baru aja download udah disuruh update? Gk jelas bgt mana updatenya gk selesai-selesai. Hadeh mau taat pajak tapi alurnya aja susah bgt. Belum lagi propertinya gk mendukung
1,"Ini belum optimal ya aplikasi nyaa developer ,udah tahap kirim verifikasi ,tapi tak kunjung datang ke email ,itu nyangkut dimana developer"
1,Perlu pengembangan untuk pemegang IT Setidaknya biarkan milenial saja yg mengurusi teknologi agar tidak bobrok sprti ini
1,"Download aplikasi kirain bakal membantu, ternyata tidak sama sekali."
1,"Apapun pilihan menu/pertanyaan knp selalu ngaarah otomatis ke lupa efin,dan menunggunya luama bgt ,yg begini2 susah klo pas mungut pajak cepet 🤭"
1,"Kode verikfikasi tidak terkirim kirim, baik ke e-mail maupun ke sms, sudah saya cek ke spam juga tidak masuk, pulsa nomor saya juga tidak 0. Saya ulang 2 kali masih juga ga terkirim."
2,"SAYA HERAN DENGAN APLIKASI PEMERINTAH INI? SUDAH DINAIKKAN PAJAK, TAPI KUALITAS APLIKASI KAYAK APLIKASI SCAM. KALAU MAU REKRUT ORANG IT, YANG BENAR LAH, BUKAN ASAL BISA JAWAB PSIKOTES DOANG. APLIKASI INI CUMA BUAT FORMALITAS SAJA ATAU MAU MEMPERMUDAH LAYANAN? TOLONG DIRUBAH LAH CARA KERJANYA"
2,"Aplikasi Kurang Membantu, Maunya Apa Nih...Di Chat,kring, Email Kaga Ada Balasan Sama Sekali"
5,Coba
1,"Ini saya mau buat npwp, daftar nya astagfirullah, gak heran masyrakat banyak yang main slot karna lebih gampang daftaf slot daripda npwp"
5,Oke
1,"Lupa efin susah bener dapetnya lagi,sudahmasukin data sesuai di npwp ya verif gagal terus. Parah bener apk nya,buang buang kuota."
5,Mantap.
1,Ini aplikasi paling busuk yang pernah ku install.
1,Aplikasi Error saat dibuka pertama
1,Lemot
1,"mau bayar pajak aja sulit sekali, pake gk bisa segala provide tri dan axis. sekala negara padahal . dh gitu APPnya gk bisa di pencet daftarnya"
1,aplikasi bagus
1,"Bug terus, sekali bug lama"
1,"Aplikasi bukannya bantu malah makin kesel. Tolol IT developmentnya. Sruh update tapi malah error, d playstore aja ga ada updatenya. Gmna sih.. Aplikasi tolol."
1,Sumpah ini aplikasi pemerintahan ga ada yang benar benar bekerja dengan baik. Mau masuk aja ga bisa. Apalagi udah bisa masuk dan mau verifikasi gagal terus. Padahal signal bagus. Semua data sudah saya teliti dengan seksama tapi gagal. Aneh. Untuk apa menciptakan aplikasi online kalau memang sistimnya seperti ini. Hapus Saja. Memang pemerintah itu selalu membuat ribet warga nya. Tidak ada kemudahan sama sekali.
1,Burik
1,"Dibuka susah, gimana nau bantu kita bayar pajak ini apk 😤"
1,"aplikasi sesat, mending di hapus saja lah .."
1,Aplikasi nya bobrokk g niat amat buat apk..
1,"Aplikasi pajak tapi tidak bisa untuk lapor pajak.. ditanya ke petugas katanya ""kita kan sudah online jadi tidak perlu aplikasi"" saya hanya bisa menjawab ""hah??!!"" Jawaban macam apa itu.. aplikasi untuk mempermudah tp malah tidak digunakan.. lucu memang.. anggaran oh anggaran"
1,aplikasi apa ini? ga guna banget eror mulu
1,Gajelas banget aplikasinya eror mulu
1,Baru juga mau pakai.. Udah error aja aplikasinya payah
1,LAPOR LUPA EFIN TAPI GA DAPET KODE KONFIRMASI. ANEH
1,Gk bisa dibuka
1,"Kita udah bayar pajak, mau bikin NPWP online aja susah nya minta ampun. Heran sama semua aplikasi pemerintah ga ada yg bener"
1,"Percuma bikin aplikasi, kalo apa apa harus ke kantor djp"
1,"Tidak membantu, layanan 1500200 juga tidak membantu pulsa udh abis 50rb cuma sampe sedang sibuk doang. Trmksh"
1,Diperbaiki lah
1,Mohon diperbaiki.. Aplikasi sekelas instansi pemerintah masa buat masuk login aja gak bisa2.. Kacau
1,Apk tai
1,Baru saja download tapi minta pembaruan lagi... Apk apaan ini 🤦‍♀️🤦‍♀️🤦‍♀️🤦‍♀️ kacau
1,Aplikasi tidak berguna lupa ifin salah terus nama kecamatan dan kota padahal sudah sesuai KTP. Lebih baik hapus saja aplikasi ya dari play store
1,gajelas
2,Erorr ngerestar mulu ini tolong ditingkatkan lagi
1,👍
1,"G jelas apa maunya ni apk, bukan mempermudah, malah mempersulit"
1,Ebusseet ini apk kek kntl
2,Aplikasi tidak baguss.. Buka apapun susah walaupun signal bagus. Apk hanya bikin pusing
1,Aplikasi taik.. Mau bayar pajak susah.. Kode efin susah... Gimana mau lapor pajak...
5,Tingkatkan terus
1,Eror
1,"Lupa efin mau bayar pajak,ribet nya minta ampun,ini mau bayar misal mau ngutang gak cuma ribet mungkin ya...hadeh aplikasi jelek"
4,Sangat mendukung
1,Sulit masuk ya eror
1,Kwalitasnya seperti gk berguna samasekali
5,sangat membantu
1,pemutakhiran NPWP secara mandiri TAPI Se-Rungkad ini aplikasinya
1,"Aplikasi apa ini,buat tanya2 susah,ribet."
3,Aplikasinya belom kompatibel buat tablet kah 😠
2,Sdh di install tp apk keluar terus. Hp memyarankan menutup apl
3,Aga lemot yah
1,Hati hati ini aplikasi berbahaya.
1,"Pajak udh dibayar, hasil nya bikin aplikasi cacat begini"
1,Capek buat npwn online kek ribet banged kadang kode otpnya g sesuai pass mau di validasi kadang juga pass minta kode verifikasi lama banged mana lagi udh pake pulsa malah ke sedot capek buat online
1,Aplikasi bikin dosa aja
1,"Daftar efin harus ke kantor, buat apa sistem online!"
1,Aplikasi apaini. slalu update tapi gk pernah bner. gk kebuka yg benar dulu kalian bikin aplikasi ini bah. memuakkan kali aplikasi kalian ini
1,Aplikasi gak guna mau login aja susah
1,"lupe EFIN, buka email buat liat OTP pas balik lg ke aplikasi mulai lg dari awal."
1,aplikasi sampah kaya gini buat apa???fitur live chat ga bisa verifikasi stuck ngapain di buat aplikasi kalo ga bisa mempermudah pengguna....urusan pajak kok di sepelak kaya urusan bikin krupuk
1,"susah amat otpnya, pulsa melayang layang percuma"
1,"Kalau orang pengen pada tertib bayar pajak lebih di mudahkan lagi di pastikan lagi apk tidak ada kendala, lakukan survey ke masyarakat perbaharui, lupa efin kendala y aplikasi masih lambat padahal signal kencang, verifikasi tidak masuk masuk, menggunakan no telpon tidak bisa, semoga bisa lebih memudahkan kembali dan terus evaluasi"
1,gimana sih developer kok bisa bisa nya freetext untuk kecamatan kelurahan dan kab kota sehingga menyebabkan verifikasi gagal wkwkw
5,Ok
1,"Gak bisa digunakan, tetep kudu ke kantor pajak 👍"
1,Good
1,"Sangat tidak membantu, aplikasi selalu mengalami crash..... Tidak ada perbaikan ataupun pengembangan dari pihak terkait"
5,"Aplikasinya udah bener lagi sekarang, sebelumnya EFIN ga masuk, tapi sekarang udah ada perbaikan"
1,Eror terus
1,aplikasi gak jelas
1,"Kebanyakan loading, gini nih aplikasi klo biaya mahal hasil nyata murahan. Di korup terus"
1,"Sudah masukin no npwp dan password, salah mulu, sampai ubah password typ salah lagi pas login"
1,Ga bisa di pake aplikasinya.. Mau lapor aja di bikin RIBET
1,apk tolol vrfksi gak bisa²
1,Aplikasi berguna sudah sesuai semua tetap gagal
1,Aplikasi payah. Gimana mau taat atau lapor pajak. Klo sistem aja belum bener.. parahh
1,Buruk
1,Pas mau verifikasi wajah for close mulu hedeh
1,"Aplikasi dibawah naungan pemerintah seperti ini kualitasnya? Ckckck tidak heran. Baru buka apps sudah eror. Baru buka Live Chat Pajak, padahal jaringan bagus, sinyal oke. Tiba-tiba chat berakhir. Baru buka loh? Ckckck aplikasi tidak berguna."
1,"Aplikasi Hao Hao... sekelas Pengelola Pajak negara ...tak becus ngelola Aplikasi yg di butuhkan masyarakat... bagaimana masyarakat mau bayar pajak dengan tepat... Fasilitas yg anda buat sangat rumit ,,,dan membuat susah masyarakat banyak...padahal rakyat sudah bayar pajak,kalian suruh lagi lapor, sudah mau melapor kalian buat susah lagi"
1,"Mau daftar sj di persulit, pulsa habis karna otp g jelas"
1,"aplikasi aneh masa klik lupa sandi gak bisa, tolong lah di perbaiki aplikasinya, jgn smpai merugikan penggunaal nya"
1,Cek dlu
1,Sumpah ini aplikasi jelek banget.
1,"Error terus... pelayanan macam apa ini, gak jelas"
1,Parah eror terus
1,"Klik banner dan slide tidak berfungsi. Tidak nyambung ke back 3nd, tolong direvisi lah sekelas programmer pemerintah harusnya top markotop"
1,"Gajelas dibikin muter muter doang. Gua lupa efin, udah isi data tapi suruh login dulu dan loginnya harus pake efin gimana sii. Mau lapor pajak aja dibikin susah begini"
1,Di buat susah pada saat pengiriman otp hanya buat pulsa habis saja
1,"Jelek aplikasinya error terus, perlu perbaikkan"
1,Apk apaan mau login aja susah apalagi pas cek efin katanya udah dikirim email tp nggak ada email masuk👎👎
5,Proses permohonan efin tidak sampai 20 menit👍
1,"Pulsa 20 ribu habis , gabisa masuk kode otp selalu salah as*"""
1,"banyak nge bug nya, stuck masa mau daftar gak bisa kocak"
1,"Layanan lupa efin ga guna.. kode OTP yang dimasukan sesuai sama yg dikirim, mau verifikasi keterangannya kode OTP salah, Aneh banget."
1,"Aplikasi tolol, niat hati mau laporan pajak mau minta EFIN aja dipersulit!"
1,"Aplikasi buruk,percuma di realis aplikasi kalau sering gangguan,lebih bagus ga usah lewat aplikasi,bukan mempermudah pelaporan malh menyebalkan"
1,Pendaftaran langkah ke 2 sdh gak bisa lanjut lagi stuck di situ aja mau di klik next atau prev gak bisa juga...developernya perbaiki lagi nih
1,"aplikasi tak bisa di pakai, ribet X"
5,Oke😊😊😊
1,Ga ada guna ini aplikasi. Selayaknya aplikasi pemerintah pada umumnya. Gw kaga bisa login mon
1,Sngt gg profesional. Otp trobel terus
4,Aplikasi nya sudah bagus dan bermanfaat
1,"Menghabiskan kuota saja,niat mau laporan SPT,setengah hari mantengin hp GX ada guna,bukan nya dipermudah malah menyusahkan,giliran GX laporan didatangi petugas,pajak ini bener bener seperti lintah darat,sya tidak punya hutang,tp kalau telat bayar didenda,kalau mau bikin sistem itu dibenerin dulu otak nya,lebih mudah mobile legen ketimbang aplikasi burik ini,taaaiiiii"
1,Lapor SPT gak bisa
1,"Breng*sek apk m.pajak sudah memasukan data dengan benar malah error mulu,bodo amat ga susah bayar pakaj sekalian."
1,"Kea da'a ngoni p aplikasi ini, so ulang2 isi data tpi gagal turus 👎"
3,Saya gagal mendapatkan kode verifikasi lupa efin karena kode tidak dikirim ke email maupun sms.
1,"Aplikasi pajak koc begini ya kualitas nya, sudah registrasi di bilang email tidak aktif padahal tiap hari di pakai,mau buat ulang makai email itu bilang nya email sudah di gunakan. Trus harus gymna?? Tolong donk kalo buat Apk di maksimalkan, ini aplikasi sekelas Pajak koc begini???????"
1,Ga bisa dibuka
1,"Lohlohloh, katasandi salah terus padahal udh lupa sandi juga, tolong diperbaiki min"
5,TELKOMSEL ROLI 🇮🇩
1,Bangsat
1,aplikasi ala kadarnya...
5,Beri bintang lima karena aplikasi nya sangat membantu
1,"sulitnya hanya mau mendapatkan efin, lewat Mpajak email tidak sesuai, lewat email tidak bisa, lewat telpon 1500200 tidak aktif,"
2,Gagal terus
1,Aplikasi ga ada yg jelas fiturnya
1,Apk sistem gK matang jgn maksa diluncurin
1,APLIKASI SAMPAH
1,"Aplikasi sampah, lupa efin aja susah banget mau dapatin nya lg, pake aplikasi crash manjang, tau ga posisi kerja saya ini jauh dri kota"
1,"Mau di buka,,ada notif aplikasi ini mesti di perbarui dan langsung nge Hang ga bisa di apa2in"
5,Ok
1,Aplikasinya sangat susah. Bukanya mempermudah malah mempersulit. Di awal membuka aplikasi harus update dan loadingnya sangat lama.
1,Parah ini aplikasi sudah daftar membuat NPWP online malah gagal trus pulsa selalu berkurang untuk validasi otp. Bertanya di aplikasi juga 24 jam system selalu eror
1,Ampas banget sistemnya
1,Internet cepet buat apa? Lapor pajak aja susah🤦lemot
1,"Ini aplikasi DJP versi android untuk apa yaa,? ga ada menu lapor spt nya, mau lihat historis juga ga bisa, mau ganti no nik jadi no npwp juga ga bisa !"
1,Pendaftaran langkah 2 aja untuk validasi otp sulit sekali ketika d klik bagian daftar malah g bisa di klik mohon webnya di perbaiki lagi ... Sangat no recomend buat pendaftaran online tergolong sulit yang ada habis2in pulsa
1,"Keringat sendiri di suruh bayar pajak ,,, sistemnya di persulit pula buka wabnya parah sulit tolong di perbaiki lg"
5,Sya harus bisa daftar NPWP
1,Semoga segera diperbaiki
1,"Tolong diperbaiki lg!!!! aplikasinya sangat buruk, Nge bug teruss ga jelas, kode otp ditungguin ga masuk"" Rata"" emg pada bintang 1 karena emg bener apknya sgt payahh dan buriqq, sebenernya mau kasih bintang 0 Ga usah download drpd emosi"
1,Mbulet tp tetep gak bisa masuk. Beginikah punya negara indonesia
1,"Tidak bisa daftar meskipun pertama kali mendaftar, kenapa email di uppercase padahal email itu lowercase"
5,Cukup baguss
1,Installing update aja muter teruuss aneh
1,Gak bisa laporan spt fiturnya ampas
1,Aplikasi yang buruk jangan di pakai ga bisa dapat kode otp nya
3,"Error, loading minta di update terus padahal sudah terupdate..mohon diperbaiki"
5,"Praktis dan banyak menu menarik. Bisa melihat kantor pajak terdekat sesuai lokasi kita saat ini, bisa akses kalkulator pajak, lupa EFIN, buat kode billing, update aturan terbaru, dan sebagainya. Yuks, unduh aplikasinya untuk layanan pajak yang makin praktis."
1,Ajukan lupa efien selalu gagal
5,Pelayanan terbaik
1,ujung2nya suruh konsultasi ke kantor pajak terdekat.
3,Untuk verifikasi akun email sudah bisa tapi mentok di OTP verifikasi ke nomor HP. Kesel padahal ini kita bayar dan taat pajak. Tolong developer nya yg serius ini kan masalh uang yang di bayarkan.
1,Indonesia gakakan maju.. serba di persulit
1,apa guna ni aplikasi.. lapor pajak gak bisa ya begini aplikasi pemerintah... maunya uang2 uang bikin aplikasi gak becus... kerja oi....
1,Ada apa dengan aplikasi ini mau login aja susah. Tolong lah dibenerin biar bisa diakses
2,mohon di perbaiki aplikasi nya
1,"Ngk kekantor ngk di aplikasi sama"" dibikin susah"
1,Apk layanan publik yg sangat burik
1,Aplikasi sampah buang anggaran doang.. workflow nya gajelas banget
1,Aplikasinya Gak mau terbuka di hp saya kok begitu???
1,Di-update malah force closed terus.
1,"Tolong dong,masa saya mau masuk aplikasi nya aja g bisa. Kami download ingin di permudah bukan di persulit"
1,Aplikasi tidak berguna
1,"Aplikasi gajelas, nomor npwp dan password sudah sesuai gabisa login"
5,sangat membantu
1,"Selalu elorrr kalu minta no efin juga susah ,ribet lagi kenpa enga pia wa lagi banyak Kendal operator susah d hubungi katanya mudha nyatanya jelek tolong sistem nya benar"" d perbharui lagi"
5,Good
2,"Mohon utk diperbaiki lagi aplikasi nya, karena utk proses verifikasi lupa efin sangat susah, saya sudah mencoba berulang kali tetap tidak bisa padahal datanya sudah benar"
1,"Kalo ga siap buat digital, ga usah bikin aps."
1,Rubah data ribet amat antara petugas dan di aplikasi gak beres...
1,"Developernya tolol, stuck di langkah ke 2. Ga ada email masuk. Verifikasi nope padahal udah berhasil. Website djp juga makin ancur. Kalau udah login pun ga bakal bisa ngapa2in. Ga bisa bikin npwp. Ga tau deh kalau pake PC, bisa atau ngga nya."
1,aplikasi tak bermutu sudah di kasih kode otp kok ngak bisa di vadilasi makan pulsa terus
1,"Aturan ngga usah kasih bintang. Ni apps kocak asli. Udah verifikasi otp pake email, ngisinya udah bener masa verifikasi bilangnya ""Kode Verifikasi Gagal"" kocak asli kocak."
1,"Astaga, aplikasinya gak bener, mau marah tapi konoha"
1,Aplikasi ny erorr
1,"lupa Efin mau liat lagi dari apk malah gabisa bisa pas shoot foto, tiba-tiba keluar gitu gimana sih ini tolong dong di benerin lagi developer nya"
1,Disuruh lapor pajak tapi tombol lapor pajak gk ada... bangkelah
5,U yu n ngolu hi ito ogi do wq ru uui8ii
1,"Saya fikir dengan M-Pajak urusan pajak jadi lebih simple, tapi malah lebih di persulit. Lupa efin padahal sudah oke ada fiturnya, tapi proses verivikasinya itu nyangkut ke email mana ya?? Ya itu mengharuskan orang datang juga ke KPP, kita libur kpp juga libur."
1,"Jelek, selalu gagal, selalu muncul eror dan aplikasi tertutup sendiri, parah"
1,"Muncul peringatan harus update, tapi di Google Play statusnya udah versi terbaru. Aneh."
1,"gabisa login, saya mobile dev, mending hire saya, biar ta fix.in bug nya"
4,Mayan fitur LUPA EFIN Udah bisa digunakan
1,Tidak bisa untuk lapor SPT...sy gak tahu nih aplikasi gunanya buat apa??
5,Sippp
1,Aplikasi busuk
1,"ni aplikasi gblog apa gmna baru install jg katanya ""ada update terbaru"" .ndasmu a !!!"
1,Habis diupgrade malah gak bisa untuk lapor...perbaiki lagi aplikasinya min
1,Aplikasi bajing#an!! Tidak berfungsi apa apa!!!!
1,"Susah amat,giliran buka email masuk,ini ketendang ke login lagi,ulang-ulang"
5,Ok
1,"Ku kira mempermudah, ternyata........"
1,Percuma ada layanan kring pajak kalau ngga bisa di hubungi
5,Baik
1,"Suruh orang bayar pajak, tapi aplikasi aja mempersulit user. Emang paling kpcak ini orang2 pajak. Gak usah aja bayar pajak"
1,"Aplikasi lol, setiap mau login username tidak ditemukan, pasti lelet mulu, diperbaikilah aplikasinya, percuma dibuat kalo mempersulit"
1,Susah terhubungnya
5,Mantap betul penjelasannya
1,"Gausa di dnlod, ga guna"
1,"Klo aplikasi belum siap, jangan di rilislah ! mau apanya yang berguna."
1,buat npwp di tolak
1,"kurang datail, kurang membantu"
1,"Bikin APPS KEK ANAK ANAK PKL , ORANG SURUH ONLINE TAPI KAGAK SIAP DENGAN SISTEM LOL"
1,"Installing update teruss ,, bintang 1 tydack ramah!!!"
1,"Mengecewakan, menyusahkan dan merugikan.. #ribet"
5,mantap
1,Setelah update malah gak bisa login... Parah bangettt dahhhh
5,Mantep.....lgsg dpt efin
1,"Sumpah susah bgt di hubungannya bwat lupa EFIN dari via gmail WA tlp semuanya ga bisa ada kesalahan lahh atau apalahh,,, padahal kita mau lapor pajak tapi ko di bikin susah gitu"
5,"Cepat, telat dan akurat"
1,"Eee Indonesia eeee Indonesia nangis Soekarno didalam kubur, eeeee Indonesia ngk miris cok, eeeee Indonesia ngk bisa diungkapkan dengan kata-kata, eeeeee Indonesia"
1,"Akun sudah terdaftar, Mau masuk ke login eror terus ,,"
1,Susah amet login. Ini duit pajak ke mana si sampe aplikasi ga dibenerin
1,1: dulu
5,🤳
1,gak berfungsi sama sekali mau minta kode efin udh selesai semua nunggu sms masuk gak ada masuk sama sekali pembodohan
5,sangat terbantukan
5,Membantu 👍👍👍
1,Aplikasi apaan sumpah demi alloh jangan download gak berguna mau daftar juga gak bisa bisa mau tanya masalah npwp asli gak bisa masuk masuk...aplikasi sangaaat Buruk...
5,"Membantu banget everybody, donk."
1,"Devloper guwoblok, kode verifikasinya di kirim kemana cox"
1,Tidak membantu sama sekali
1,06 maret 2024 Mau bikin akun aja susahnya ampuuuun👎
5,Sangat bagus
1,"Aplikasi tdk bisa lapor pajak. Setiap masuk menu lapor, ada trus pesan muncul, ""terjadi kesalahan"""
1,Katanya pemerintah memudahkan rakyat tp susah amat mau daftar aja gak bisa di klik gimana rakyat mau percaya dengan dektorat pajak
5,Nomor NPWP sudah di dapat. Cara mendapatkan nomor EFIN bagaimana? Mau buat laporan SPT setiap tahunnya jadi sulit. Karena belum pernah mendapatkan nomor EFIN.
1,"bayar pajak aja ribet dah, wakanda.... wakanda...."
1,"Aplikasinya eror,sudah mengisi data 2 kali langsung log out sendiri"
4,Great good...!!!!
1,"Lupa nomor efin, sudah ikuti pengisian sampai tahap kirim OTP berkali-kali via email & sms tetap tidak dikirim nomor EFIN nya Email manual via lupa.efin tetap juga tidak dikirim padahal sudah mengikuti arahan dan format, mau lapor spt aja kok nyusahin gini.."
1,Hapus mending nih applikasi Pakai browser aja ribet ini pakai bikin applikasi... Kalau susah buat daftar online Lebih baik gak usah buat applikasi...
1,Aplikasi tdk mendukung
5,Bagus
1,Aplikasi sampah.paswrd udah bener dikata salah.padahal di website bisa.klik lupa password jg gak respon.buang2 kuota.buang2 waktu bangke beud
5,Sangat mudah bagi saya yang lupa efin cok
1,gak masuk masuk otp reset paswordnya
1,"Aplikasi bohongan masa baru masuk restart terus, mau masuk aja susah apa lagi isinya"
5,aplikasi ini membantu jadi kita tidak perlu ngantri berjam jam dikantor pajak
1,aplikasi ga bisa dipakai
1,"Uninstall....harusnya mudah,malah ribet, banyak nge-bug aplikasinya"
1,"Ribet minta no efin aja di persulit, udh bayar pajak suruh laporan pula ke kantor nya langsung apa lah guna ini aplikasi, tidak berguna"
5,Sangat bagus dan membantu
5,Lebih mudah menginformasi kan pajak pendapatan
1,chat pengaduan susah banget 😏
5,Sippp-Mantabbbbz
3,Di update malah lemot bikin geleng2 kepala
1,"Payah! Berkali² berusaha login susah, mqu klik daftar susah, lupa sandi susah. GA BERGUNA APKNYA. ADA APK CUMAN BUAT NGABISIN ANGGARAN ENGARA DOANG. ISI YA GA MUTU DNA GA GUNA."
5,Mantap
1,"lelah banget mau tanya fiska doang, ghosting mulu! Bad!"
1,"Data saya bocor, orang mau bayar pajak dipersulit"
5,Sangat bagus 👍👍👍👍👍👍👍👍
1,APK ny klo beloem dapat beraktivitas dgn layak.... Tak usah d i pajang di play store....bikin malu pengguna.... memangny duit pajaknya dikemanai ... Buat Apk ny bobrok gituuu
5,Oke Bagus
5,Okhay
1,Aplikasi sampah .semua aplikasi milik pemerintah itu gak ada yang bagus systemnya amburadul
3,Kaga bisa lapor SPT padahal kalo bisa lapor SPT mah lumayan bagus nih app
5,Tampa ribet dan proses cepat
1,Aplikasi gak berguna mending langsung pakai web.aplikasi sampah
1,"Kode verifikasi berhasil dikirim, dikirim kemana min? Lain kali pake developer yg besar klo mau pesan aplikasi Jan pake orang dekat, busuk hasilnya kek gini, gak ada yg masuk gk bisa pake cara lain"
1,cacad
1,"Mau lapor SPT aja susah , gak ada menu SPT nya"
1,"Ngomong nya di permudah, asli nya di persulit...fitur gak ada yang bisa di pake"
1,Pergi ke kantor suruh online Nyoba online Captha nya gak masuk masuk padahal udah bener Yang ada ngabisin pulsa doang Tolong dong di permudah ini kan buat pajak buat negara
5,Memudahkan dalam lapor pajak
1,ini sebenarnya buat apa aplikasi dibuat??? kok saya merasa g ada faedahnya... berharap ada aplikasi agar dipermudah dalam administrasi nya..eehh malah seperti spam ni aplikasi...mau lapor pajak aja gak tau dimana yang mesti di pilih.. beneran kecewa sama dinas perpajakan yang bangga pakai ni aplikasi secara global
1,Aplikasi tidak berguna lupa efin sudah kirim berkali kali di cek di kotak masuk email nihil efin nya makan gaji buta
5,Sangat medukung
1,"Aplikasi buang2 waktu Log out terus, proses pengecekan efin"
1,Force close bego
5,Ok
5,"Aplikasi ini sangat cerdas...🤗🤗 Terbantu sekali,,saya sudah lupa dengan efin saya dan mertua tinggal isi data dan foto diri..langsung dapat efinnya..terima kasih m-pajak 🙏🙏 Mudah²n dapat lebih ditingkatkan lagi, dapat digunakan utk segala keperluan perpajakan spt pelaporan dan pembayaran pajak.."
1,"Ribet, lama, nyusahin, dicoba berkali kali minta kode efin kgak bisa2"
5,Aplikasinya Bagus banget keren 👍👍👍
1,"Ribet banget mau login susah, dipersulit harus masukan kode EFIN minta verifikasi kode EFIN gagal terus. Padahal gue bayar pajak tolong jangan dibikin ribet atau dipersulit gimana orang yang lupa password dan kode EFIN?"
1,"Kalau belum siap servernya jangan paksa pakai aplikasi ini, Semuanya coba lihat gak ada yang puas.Mau setor laporan pajak sendiri saja ribet sekali."
1,"eehhhh co gw mo bayar pajak susah amat co,, klo develop app yg serius napa , bukanya di permudah mlah di persulit,, heran gw mau taat pajak ajj susah"
1,halo m-pajak ada terdapat bug di aplikasinya ketika lupa efin dari sistem sudah muncul pop up berhasil dan kirim email tapi saya cek emailnya belum ada email yg masuk harap segera di perbaiki
1,Serius nanya ini fungsinya buat apa. Mau lapor spt aja ribet.
1,Aplikasi sampah sampah
1,Parah kode otp nya mana ko gak masuk'' klw aplikasi milik negara kaya gini sulit untuk di gunakan bhkan bnyak eror
5,Sangat ramah layanan nya
1,Kode otp ga kekirim² padahl udh nunggu lama
1,aplikasi ga guna
1,Apk ga jelas error mulu
1,"Ini aplikasi belum epektif apa gmn ya,kok sy tinggl upload foto ja susahnya minta ampun,mungkin dah berpuluh puluh x ni sy coba error terus,,gimana ini???🤦🏿🤔"
1,Payah...setiap daftar mandek terus di kolom pilih pertanyaan..ngulang lagi dari awal..sdh puluhan x dicoba...mau jd warga yg baikaja msh sulit...hari kerja sy gk bisa datang...tolonglah dipermudah aplikasinya..bener bener oayah..nunggu verifikasi lamanya bkn main....pemkot bagaimana ini...bikin aplikasi bknnya mempermudah malah bikin senewen tolong yg bikin aplikasi di cek lagi aplikasinya ...sy daftar entah yg ke brp puluh kalinya..msh mandek di pilih pertanyaan...gimana si adminya
1,"Lupa efin, pengiriman kode Verifikasi melalui SMS tidak masuk"" Ditunggu samapai 1jam -2 hari gaada SMS masuk, melalui email juga sama tidak bisa jawaban malah diarahkan untuk menghubungi nomor kantor pajak sudah dihubungi tidak bisa, lewat live chat disarankan sama seperti saran di email, Tolong jangan seperti itu customer sudah mengikuti arahan yang diberikan berikan kesan yang baik!!!"
1,hari gini minta efin suruh datang langsung ke kpp nya..ketinggalan zaman bos..gmn mau maju perpajakan negri ini..sulit
1,"Pengalaman CS nya jelek banget sihh. Komplain tanya mengenai Efin belum selesai malah langsung di putus, leave chat admin nya."
1,Jangan mbodoi rakyat otp ngak gratis capcay ngak pernah di lolosin kenapa pasang aplikasi klu di persulit suka knibal teman makan teman
1,Aplikasi gajelas
3,coba dulu
2,Eror
1,"Aplikasi gak jelas, ngapai lu buat aplikasi klok ujung2nya untuk sebuah nomor Efin aja lu suruh org ke kantor pajak!"
3,Untuk pelaporan pajak nya tidak tersedia. Untuk segera di benahi
1,"Bayar pajak lancar, aplikasinya kek kont*l"
1,"Hahaha, daftar onlen di browser ngestuck di validasi Nik+KK, Giliran download app nya gw kira bisa daftar, eh malah butuh NPWP yg udah aktif, KOCAK WEB DEVELOPER-APP DEV NYA. BANYAK LULUSAN IT NOH SUSAH NYARI KERJA, EH INI BUAT HTML-PENDAFTARAN ONLINE AJA GABISA. era digital tapi sama aja boong, harus dateng juga ke pusatnya buat daftar NPWP..."
1,"Apk yg sangat bagus. Tidak ada bug,delay & iklan. Keren sekali!"
1,Ga bisa buat lapor pajak.
1,"Kok bisa""nya gabisa pakai kartu tri.. Ini pajak negara loh.. Harusnya bisa nerima provider mana pun.. Sumpah aneh negara ini, cm masalah sepele aja ga bisa nyelesaiin.."
1,"Aplikasi yang tidak bermutu, semua serba error, mau verifikasi lupa efin sudah berapa hari dicoba masih selalu gagal, tidak ada efin gimana mau login? mau live chat dengan CS pun selalu gagal tidak bisa terhubung. Semua tidak ada yg bisa digunakan"
5,Completely the Patient One
1,Tidak ada menu buat lapor spt
1,Katanya kode efin sudah dikirim ke email tp pas di cek kok gk ada
5,Ok
1,Ada layanan live chat yg disediakan waktu 5 detik untuk mengetik tpi isian mengetik tidak bisa di klik. Sangat tidak berguna aplikasinya
5,Sangat bermampaat
4,Sudah bagus hanya saya mau cek nmr NPWP saya
5,Mantap
1,aplikasi kek taiii masih aja dilolosin
5,Terimakasih.... 🙏🙏🙏🙏🙏🙏🙏🙏🙏🙏🙏
1,"Live Chat dengan petugas gak nyambung2, buang2 waktu menunggu tidak ada kejelasan"
1,Ga berguna ini aplikasi.sudah jelas2 nik atau no npwp benar dan sandi juga benar.tetap aja ga bisa masuk.aplikasi BUSUK
1,Parah...aplikasi busuk ga bisa di buka buat download beberapa kali ttp aja begitu
1,masih bagus dan mudah digunakan aplikasi DJP yg lama
5,Bagus aplikasinya memudahkan WP memantau Status dan pelaporan yg sudah/belum. Maaf masih belajar perlu tutor nih
5,Bagus
2,Ko tidak bisa dibuka yy
1,Gak guna
1,"Orang2 it pemerintah cuma orang2 tolol yang dibayar ratusan juta, ga ada sejarah pemerintah buat aplikasi dapet bintang 4 , ya karena aplikasi pemerintah busuk semua"
1,Tidak bisa maduk untuk verifikasi
1,Ga guna
4,Saya mau vertifikasi efin sulit bener dan chatnya jg jaringan putus Lapnya padahal sinyal bagus... saran saja lebih dicermati utk online supaya lebih mudah lagi... 🙏
1,Aplikasi gak guna .. udah ngisi formulir data tp gk masuk masuk bikin ribet
1,"Aplikasi jelek, tidak jelas masa tidak bisa masuk, diapkntnya chat pajak nggak bisa hadehh... bgini nih klw cmn modal butuh duit rakyat"
5,5 bintang
5,"Sangat bermanfaat dan memudahkan dalam pelaporan SPT tahunan, mudah dan praktis. Terima kasih"
1,pajak kita untuk siapa?
1,Aplikasih payah.. parah
5,Masi blajar sih lapor pke aplikasi... Semoga bisa ya tahun ini🥰
1,Gimana cara daftar pengguna baru? Gak bisa di klik.perbaiki lagi aplikasi nya
1,Wes jalok pajek di persulit pisan djancokkk ancene
1,"Aktifasi efin sudah saya kirim, kenapa lama betul balasan emailnya.. Selambat itu kah kerjanya, saya butuh efin saya untuk login, buat laporan pajak tahunan, hapus aja system begini, nyusain"
1,Efin knp tdk bisa online saja ribet banget
1,aplikasi lemot...rumit sudah di klik daftar malah nggak bisa...mau minta nomor efin ngisi alamat udah bener npwp bener tapi nggak ada kode otp yang masuk
1,Kalo misanya ga ada pengembangan lagi saran aja buat developer aplikasi mending di tutup dari pada dapet komentar jelek sama renting bintang 1
4,Masih belum bisa aplikasinya
1,Tak bermanfaat
1,"dikasih saran hubungi via 1500200, malah tdk aktif 😅"
1,Verifikasi gagal terus
1,Parahhhh
1,Ribet mau daftar NPWP susah .. padahal buat gaji Luh juga dari rakyat.. mau Daftar notif email sudah terdaftar pas di coba login notif nya sudah terdaftar bingung jadinya ..
1,Apk tolol mau daftar aja susah dasar to*olllll
1,"Tolong dibantu , saya daftar di eREG , namun formulir belum lengkap karena saat validasi ktp loadingnya terlalu lama, bahkan sampai 4 jam lebih belum tervalidasi, kemudian gagal entah kenapa, kemudian saya daftar kembali , namun nik saya sudah terdaftar, padahal formulir belum lengkap, saya coba hubungi customer servis namun CS selalu sibuk, saya coba daftar dengan mendatangi KPP ternyata harus online, kan seharusnya dipermudah , kami ingin membayar pajak sesuai peraturan , tolong dipermudah,"
1,Aplikasi gak jelas.. Sekelas pajak aplikasinya recehan.. Mau bayar pajak aja di persulit gmn org mau bayar pajak..
1,Lemot.
5,Mantap
5,"Beri kenyamanan kepada kami, tks"
1,Di klik daftar nggk bisa..
1,"Aplikasi paling tolol sedunia. Email udah bener, ngirim 3 kali sampe kepotong pulsanya buat menerima pesan 500 perak/sms nomor efin masih tetep belum masuk. Isinya lahan basah semua korupsi no 1,perbaiki aplikasi pelayanan masyarakat terakhir"
5,Cukup puas
1,Apk ini tidak bermanfaat. Susah digunankan malah tidak mempermudah
5,Sangat Puas
1,"Ga pantes dikasih bintang aslii deh . Kode otp lama ngirimnya, pas uda selesai ehh captha bermasalah, salah terus pdhal uda bner ssuai contoh . Akhirnya minta otp lg dan itu ngabisin pulsa gw anj!! Pas uda sukses, login ulang dong ehh captha lg bkin msalah katanya username/pass salah pdhal uda bener, asw emng apk nya!!"
1,Jangan download aplikasi dongo
1,"buat yang penasaran, apl ini bisa login, tapi kalo mau lapor pajak gak bisa 😁 menu nya gak bisa di pencet 🤪 (1 lagi aplikasi yang mencoreng pemerintah)"
1,Ribet kata temen gua
1,"Gaji dah d potong pajak, tp msh hrs ngirim bukti kn konyol"
1,Ribet g bisa bisa
1,Mempersulit trus
1,Tidak mendapatkan solusi dari apk ini
1,"Developing aplikasinya gimana?. OTP masuk sudah diisi kok nggak bisa verifikasi, makan pulsa terus kalo di coba ulang-ulang. Di laman verifikasi juga tidak ada button kembali (back). Mohoh ini seharusnya proyek besar developingnya yang bagus juga."
1,"Efin nya aja ga di kirim kirim ke email, gimana mau masuk"
1,Apk najisss cuih
1,Gk jelas
1,Eh anjeng.. Kl buat aplikasi yg becus napa..kok ribet bngt login nya njeeerrr..masak iya 2 jam gk bisa²..aplikasi apaan ini anjeeng..biki dara tggi aja ni aplikasi
1,Girlfriend kill known Olly]']Hinton Obion cocky objjknobby inchiVu birth high HIV Novemberj4
1,Apakah ini bisa di akses 24 jam.. 😬Aku pengen misoh
1,Aplikasi tidak berguna mempersulit penguna untuk melapor
2,Aplikasi nya update kok saya biasa masuk sekarang minta kode verifikasi malah lupa emailnya yang mana
5,Mantab!!
5,Membantu
5,Manttttapppz
1,"aplikasi sampahhh, 3 kali ganti email ttep gabisa. bukanya bantu malah nyusahin blok"
1,Menyebalkan
5,Suka
4,Mengingat kan akan wajib pajak bagi setiap warga negara
5,SANGAT MEMBANTU
1,Aplikasi g jelas malah ribet
1,Udah di potong pajak mau laporan susah engga laporan di denda.mau laporan aja di buat sulit coba dipermudah biar rakyat mudah laporan
1,Sangat mempersulit
1,Ga niat bikin apk. Bnyk bug nya. Masuk keluar lagi keluar lagi.
1,"situs DJP adalah situs terbusuk Saya baru daftar sudah simpan kata sandi BAIK-BAIK, DISALIN SESUAI malah ga bisa masuk benar2 busuk ga jelas ini situs buruk 👎👎👎👎👎👎👎👎👎"
1,Aplikasi CACAT BANGET! UNTUK KELASNYA APLIKASI PEMERINTAH PAJAK MASAK CACAT BANGET. BARU DAFTAR AJA GAK BISA. CAPCA SALAH LAH LINK TIDAK DITEMUKAN LAH
1,Tanyakan pada bintang
5,Aplikasi pajak sampah.
1,Jelek x lah. Ga bantu
1,Jelek buruk gak jelas dah daftar bener masih aj di gagal suruh ulang
1,masuk ke akun sendiri saja susah. verifikasi efin selalu gagal.
1,Setelah di update kaga bisa dibuka
1,"Aplikasi rusak, tolong perbaiki. Tidak bisa login eroor"
1,Udh ngisi data bener gagal bae
1,aplikasinya pemerintah super super buruk banyak koruptor nya
5,Luar biasa
1,Error melulu.. Gak membatu sama sekali
1,"Bukannya mempermudah masyarakat untuk mengaksesnya secara langsung via apk, ehh malah tambah mempersulit. Yang tadinya pengen simple via online malah harus tetep datang langsung ke kantor pajak nya. Terlalu banyak di korup sih !!!"
3,Saya kesulitan update data karena tahun lahir saya gak ada 1991 knp yg muncul hanya 1995 tolong dong solusinya
1,"apakah sengaja di persulit, biar makin banyak calo? harus ny hal hal seperti ini di kelola swasta, kalo di kelola mereka yang suka makan gaji buta tidak akan pernah maju, kalo swasta lebih profesional, apalagi kalo bukan satu swasta, semakin bersaing pasti semakin baik pelayanannya, misalkan saya bisa bayar di indopajak (contoh nama swasta), bisa bayar di sedapajak (ini juga contoh nama), dsb"
1,Capthca ereg ga bisa terus
1,Di saat masyarakat membutuhkan ada aja yg manfaatkan. Saran saya jgn download aplikasi ini.. Pulsa sudah kepotong tapi tidak ada kejelasan.
2,Baik
1,Aplikasi ga berpungsi sama sekali ga berguna
1,Petugas pajak nya cuma makan gaji buta di tambah lagi hasil pajak di korup lagi maka nya urusan di bikin ribet mau ngurus lupa Efin aja ribet
1,Gimana orang mau bayar pajak kalau sistemnya ribet ga bisa online chat!
1,Signal penuh. Kuota penuh. Mau update gagal terus. Aplikasi macam apa pula ini.
1,"Semoga yg membuat apk ini hidupnya dipersulit, seperti apknya yg gak jelas"
5,Sangat bmembantu
1,Aplikasi ga guna! Minta lupa efin ribet banget! Upload an gagal??? periksa jaringan internet??? Internet gw stabil aelaahhh. Buat sosmed an lancar. Apk nya aja yg jelek.
5,Sangat membantu
1,Situs butut gak jelas kerjaan pada molor daftar npwp gagal mulu
1,Ribet banget daftar nya bos
5,Ok
1,gk bisa di pake apknya selalu keluar sendiri
1,Mau minta no epin udah du kirim ke email..tpi gk ada sampe sekarang saya cek di email..gk muncul muncul..emg dari dlu gk cek ini aplikasi berpungsi aoa gknya..
1,Haduh cuma buat nyari duit keknya
1,Mohon aplikasi di hapus dari play store.
1,Di web atau aplikasi sama² lemot
1,"Semua situs pemerintah tidak layak digunakan rakyat, parah parah"
1,"Download aplikasi ini krn lupa efin, kirain bakal segampang video sosialisasi nya, ternyata aplikasi nya gak siap. Verifikasi NIK gagal terus. Coba input lagi sampe 6 kali tetep aja gagal. Aneh banget, terus buat apa bikin aplikasi begini yah"
1,"Applikasi sama pemerintah juga gak guna. Rakyat aja di pajakin tapi layanan online nya NOLLL. Gak ada yang bermutu, gak ada yang berguna. Gak bisa di akses, minta kode EFIN aja ribetnya kaya apa aja. Gagal² terus di verifikasi padahal data yg di masukan sudah benar.👎👎👎👎👎👎"
1,"Aplikasi tidak membantu, malah lebih parah dari web nya, tidak bisa login kalo pw bener ntar ganti capta salah, gitu mulu, Terimkasih"
5,Bongkar dong mas bro
1,Aplikasi bikin stress
5,Mantap
5,Sangat mudah sekali penggunaannya.. jadi terbantu.. tingkatkan lagi ..
1,"dihubungi, dibalas akan direspon pada jam kerja.. sudah dihubungi jam kerja.. jawaban juga sama.. saya udah bingung malah jadi gila"
5,Ben seneng
1,Aplikasi terburuk .... Jangan di download ... Ngapain bikin aplikasi klo ujung²nya harus datang ke kpp lagi ... Sampah banget nih aplikasi ...
5,Sangat bermanfaat & berguna
5,Ok
1,"aneh applikasi,npwp dan password sudah bener tapi tetap salah tidak bisa masuk"
5,Terima kasih mudah dipahami
5,Keren
5,PERBAIKI LAGI APLIKASI KARENA MASIH SERING KELUAR SENDIRI SAAT DIPAKAI
1,gagal terus apknya gk jelas
1,"mau daftar aja susah harus ada EFIN segala,apk pajak aneh bukannya membantu ini mlah mempersulit"
5,Baik sangat membantu
1,"Bikin aplikasi yang benar pak, muter muter aja Udah daftar dibilang anda belum terdaftar"
1,"sistem nya masih harus banyak perbaikan,untuk kode verifikasi tidak muncul,dan proses lama"
5,Sangat membantu
5,Ok
1,Tidak berfungsi dengan baik
1,Kasih tau rubah alamt
1,mau login aja susah banget
5,Mantap
3,Ok
1,"Masyarakat dituntut laporan pajak. Datang ke kantor pajak sulit, dikasih APLIKASI ONLINE amatir... ga bs diakses. GA JELAS"
1,Ribet utk daftar.
1,Sangat susah banget bikin tambah pusing...😇😇😇
1,"Susah ,ruwet,ribet,angel...bikin pusing tambah pusing 😇😇😇"
1,Aplikasi ga jelas
3,Aplikasi hanya bisa melihat saja tidak bisa mengisi laporan pajak
1,Oi benerin sistem aplikasinya jelek bener gua bayar pajak tapi kok aplikasinya jelek bener
5,Ok
1,Kenapa aplikasinya tidak bisa terbuka
5,👍🏻👍🏻👍🏻
5,Sangat bagus
1,Berat
2,Todak mendapatkan email verifikasi...
5,Mudah di pahami
5,Ok
1,apk sampah
1,"Daftar online, tahap 2 gadapet email link aktivasi dan mau login lagi gagal. kerja sulit, gaji tinggi, minta masyarakat bayar pajak"
5,Ok
1,Ud di isi dan foto ternyata gagal..
1,Mohon lebih di tingkatkan unt pelayan
1,Nomor NIK 16 digit tapi limit pengisian NIK utk login hanya 15 digit. Lalu bagaimana saya mendaftar
1,Lama kode verifikasi pas saat login sampai sekarang saya tidak bisa login karena kode verifikasi
1,"Kode verifikasi lama banget munculnya, 4jam kemudian baru muncul. Kirain eror doang, ternyata dicoba berkali2 tetep delay. Aneh"
5,Bagus
2,Tolong servernya diperbaiki lagi
1,Aplikasi yg TDK bermutu
1,"login nunggu kode verifikasi masuk aja lama sekali, ketika sdh dapat kode nya di masukan time out.....🤣🤣"
1,"Tolol banget Verifikasi email ga masuk masuk, di spam juga ga masuk.. Entah admin yg lelet atau developernya bodoh.. Jgn bikin Apk Npwp kalau ga Gercep.. konyol"
2,"Kalau mau login harus nunggu kode dikirim lewat email, tpi kodenya baru masuk setelah 2 jam kemudian, saya jadi bingung sendiri"
1,"Mempersulit ,mau login harus verifikasi kode yg dikirim lewat email ,pas kita minta ,kode dikirim nya telat selalu ,jadi pas masukan kode link udah kadaluarsa Aplikasi sangat jelek"
1,"Bagaimana ini koq, force close terus....,tolong lah di perbaiki dulu aplikasinya"
5,Oke Mantap
1,RUWETTTT!!!!! NUNGGU PESAN GMAIL TAHAP DUA GA MUNCUL MUNCUL DJP GA GUNA NAMBAH KERJAAN ORG AJA SISTEMNYA JUGA DI PERSULIT
1,aplikasi gak bermutu
1,"Kirim kode otp y Lola, JD keburu kadaluarsa, tolong diperbaiki susah login"
5,Yang udah daftar tapi belum masuk di aplikasi Langkah awal minta veripikasi akun Langkah ke dua minta kode efin nya Semoga sukses
4,Situs Sama Aplikasi Bikin Kesal Aja Low Respon Jadi Gagal Verifikasi & Di Blokir Apaan Gitu Oon Banget Daftar Aja Sudah Bener 🥱🥱
1,lupa No.EFIN untuk Pembaharuan NIK- NPWP 2024. pas ngikuti langkah step by step kode verifikasi nya malah terdeteksi ke no. Hp yg lama atau no.hp awal daftar NPWP tahun 2013/2014 .yg mana no.hp itu sudah Hangus...bgaimana bisa tekirim kode verifikasi ? trus di aplikasi LUPA KODE EFIN itu TIDAK ada mencantumkan atau isian kolom NO.HP dan Email yg Aktif sekarang. mohon aplikasi nya di tingkatkn lagi agar mudah di akses
1,"Aplikasi gak jelas, verifikasi email masuknya lama, ketika udah dapet kode malah time out"
1,Ga guna pecat aja yg bikin apk nya situs nya juga ga guna
1,Aplikasi busuk bukanya mempermudah malah bikin sulit gak ikhlas bgt buat aplikasi Hapus aja app ini gk ada gunanya juga
1,Fitur lupa EFin gagal verifikasi.. gimana sih aplikasi ini..?
1,"Kode verifikasi untuk login ga ada, karena dikirimnya ke email yg salah. Jadi ga bisa login diaplikasi, padahal data di web sudah sesuai."
5,Manfaatkan seperlunya!
1,Kode Verifikasi ga keluar
1,Aplikasi sampah
1,"Gak bisa ngisi no NPWP pas login, digit kurang 1"
1,weh gawe sgl hese
1,Mau masukin nik tapi gabisa terus
1,aplikasi busuk.kirim kode verifikasi lama banget.
1,"aplikasi g jelas, masa kode verifikasi baru dikirim 5 jam. game2 murahan aja lebih bagus."
1,"saat mau login inputan NIK/NPWP Hanya bisa muat 15 digit, kurang 1 digit untuk input NIK nya...."
1,Kode verifikasi email nya lamaaaaa banget. Giliran muncul kode nya sudah kadaluarsa.. ampun..
1,"Kirim kode aktivasinya terlalu lama, disarankan lebih baik tidak perlu menggunakan kode aktivasi kalau begini. Bikin lama menunggu, kalau terlalu lama nanti aplikasi keburu minta refresh. Lalu minta kirim kode aktivasi lagi. Begitu terus"
1,"Aplikasi yang di buat pemerintah selalu gak bener..masa pengajuan efin selalu gagal tanpa memberitahukan yang salah informasinya dimana,tolong segera diperbaiki."
1,"aplikasi tolol, ubah password langsung dapet email giliran verifikasi gak muncul muncul di email... tolol tolol"
1,"Aplikasi gak guna, nomor call center kring 1500200 tidak pernah menjawab, ngabisin pulsa saja ."
1,Kalo udah input NIK sama NPWP gak harus isi ulang data lagi dong!!!!!! Aplikasi SAMPAH!!!!!
5,Ok
1,"Bagaimana ini sangat buruk, saya sudah 5x mengajukan Lupa EFIN, sudah pada tahap EFIN Terkirim, saya cek email tidak ada, maaf saya kasih bintang 1 saja dulu,"
5,Ok
1,Buang buang waktu
5,"Kak, kode verifikasi untuk lupa EFIN kl bisa jangan hanya lewat no hp, bisa di kirim ke Whatsapp atau ke email terdaftar, terima kasih."
3,Di aplikasi ini di tidak bisa login pake NIK sedang di website bisa pake nik. Perlu di tingkat kan lagi kalo sudah bisa login pake nik saya ganti bintang 7
1,"Busuk, kata sandi kok salah. Jelas jelas kata sandinya itu kok salah. Gak beres . Gimana bayarnya kalo gini"
1,Cacat
1,"Mohon kalau buat aplikasi sebelum di publis di coba dulu trial and error jalan apa gak gitu, ini aplikasi gak jalan gimana, selalu gagal"
1,"Waktu login bisa masukin nik/npwp , sy cb masukin nik ktp ehh malah dibatesin krang 1 digit, bagaimana ini ambigu ?"
1,Mempunyai NPWP ribet ini lah itu.apa lgi ngurus efin ah.mending gak ush punya NPWP.. bikin susah
1,tolong perbaiki sistem aplikasinya sangat kurang untuk aplikasi sekelas milik negara
2,"Eroor, coba di perbaiki biar enak dalampenggunaan nya"
1,Konyol. Rakyat Sudah beritikat baik lapor pajak. Pas daftar aktifasi efin harus ke kantor. Apa guna aplikasi. Sampah mempersulit rakyat
5,Dapat mempermudah dalam pengecekan dan cepat mendapat informasi. makasih
1,Saya login pakai NIK kenapa hanya ada 15 digit. Sedangkan untuk NIK 16 digit
1,"ANGGARAN NEGARA + GAJI PEGAWAI NYA AJA GEDE , TAPI PELAYANAN 0 BESAR MAU LAPOR AJA SUSAH NYARI EFIN."
1,Mohon diperbaiki. Aplikasi kok verifikasinya gagal mulu
1,Gak bisa di pakek padahal saya lupa efin dan gagal terus.
1,Knp gk bisa sih IT pemerintahan kok gini hasil software nya
1,"kepada pemerintah mohon dari banyaknya komentar yang ada, diperbaiki lah ini aplikasi... ini aplikasi rusak dan tidak layak digunakan"
1,"Tidak bisa login, butuh perbaikan"
1,buruk
1,Developer taii
1,Jgn bikin kita buang buang pulsa lah email aktivasi nya ngk masuk² ni
1,"Di perbaiki lagi aplikasi djb nya dah, buka situs di google bisa open. Tapi di aplikasinya tidk bisa di akses alias busuk. Di bantu uang rakyat untuk pajak jangan kasih yang buruk dong pelayanan nya."
1,kacau
1,Kode OTP ga muncul muncul terus
1,"Aplikasi mobile dan webnya bermasalah mulu, untuk aplikasi mobile kirim verif kode lama sampai harus di spam, untuk aplikasi webnya selalu habis session harus login, tolong perbaiki, ini aplikasi mobile dan web, habisin berapa M ?"
1,"Aplikasih milik siapa sih ini.. Login pakek wbst bisa, klo pke apk gk bisa.. Bkin aplikasi kox gak jelas"
2,"Yang seharusnya mempermudah malah bikin kesel, udah beberapaa kali log in untuk pengajuan efin malah gagal terus."
5,Bagus sangat Bermànpaat
5,Top
1,Kenapa saat validasi data Nik dan foto selalu gagal? Selalu saja balasannya tidak valid. Padahal semua sudah sesuai
1,Buat apa ada aplikasi kalau ruwet dan ga bisa lapor
1,Aplikasi pemerintah? Bukanya mempermudah malah mempersulit. 1.pembuatan akun npwp sulit minta ampun 2.untuk log in sulit 3.figtur ampas g bisa jalan (contohnya laporan SPT tahunan. Fiks aplikasi ter ampas yang pernah saya download🤡
1,"Logout sekali utk ganti akun pajak, malah gk bisa login disemua akun. Nonor NPWP dan kata sandi sudah dicek berkali-kali, tapi tetap salah"
5,Bagus n menarik
1,lgi ngebug/gangguan....no npwp bener pasword bener gk bs masuk...tolong diperbaiki....klo login d google chrome bisa
1,criptical error occured !
1,Aplikasi tidak jelas sandi nya benar tapi tidak bisa masuk aplikasi tidak berguna
1,"Daftar lewat aplikasi ga bisa, daftar lewat browser belum melayani operator 3"
1,Masukin nik cuma bisa 15 angka saja
1,Eror tidak bisa di buka
2,"Bintang 2 dl dech, gmn nich apk, tiba2 erorr, mnta restart tp erorr ""Critical Error Occured!"""
1,"tdk bisa login sandi nik/npwp sudah benar , fitur banyak yang eror, peru banyak perbaikan"
1,"Mohon ke Developer web pajak terdapat bug sistem pengisian pendaftaran NPWP online jeda waktu yang terlalu singkat, perlu durasi pengisian formulir butuh waktu lebih lama beberapa detik berikutnya, jika terlambat beberapa detik mengakibatkan bug sistem harus mengulang berulang kali berulang ulang login logout"
1,"Kelasnya Penjala uang rakyat, bikin apk untuk rakyat saja seperti main main....Gunakan uang rakyat untuk memperbaiki apk ini supaya memudahkan rakyat membayar keringat kalian. Kelasnya Kemenkeu apk bobrok."
5,Ok mantap
1,Kirim OTP via sms susah amat
5,Oke
1,"Payah aplikasinya, masak kita g bisa login kembali, tolonglah dperbaiki lagi"
5,Sippp👍👍👍
1,"Tidak bisa log in, padahal NPWP dan password sudah sama dengan yg di Web"
5,Bantu buka ka
2,"Npwp sama pasw udah bener tp di aplikasi tetep salah, padahal kalo login pake npwp+pasw yg ada di web bisa masuk, di aplikasi tetep disalahin 😭😭😭"
1,"Jangan didownload afk ini tolol, daftar nggak bisa juga. Pasti gagal dilangkah ke 2nya. Aplikasi yang sebenarnya harusnya mempermudah, malah bikin orang buang2 waktu. Salah satu aplikasi sampah yang ada di flay store.🖕🖕"
1,Masuk di web bisa tapi di aplikasi nggak bisa. Perbaiki lagi fitur login nya masak nggak sinkron sama web nya
1,Tidak bisa buat login
1,Sandi dan nomor NPWP sudah sesuai. Lewat browser bisa. Tapi lewat aplikasi ini malah gak bisa. Tolong perbaikannya
1,"Ga bisa login mobile, padahal di web nya bisa."
1,"Aplikasinya parah banget, sama sekali tidak bisa login😡😡😡😡😡"
5,"Sangat terbantu sekali,,terimakasih"
1,Sudah update tapi tidak bisa dibuka. Ujung-ujungnya tetap buka di web juga
1,Aplikasi ga bisa di buka Pemerintah yang tolol.
1,Ini gimana sih aplikasi sama websitenya mau login udah ketik NPWP sama sandi udah benar semua masih ada yg dibilang salah
1,"Mau login di aplikasi tdk bisa, padahal kalau melalui websitenya bisa,aneh sekali aplikasinya"
1,Apk g jelas... Udh beberapa kali ngajuin epin.. Sms ny g muncul2 halah bikin kesel
1,Sangat tidak mudah daptar npwp online
1,Niat hati mau bantu bayar pajak malah aps kek lite. Lain kali duit pajak jgn d korupsi biar benarin ni apps
2,Ini kek mana mau log in ga bisa. Masukin nik belum selesai dah mentok aja. Tolong lah pemerintah perbaikan buat aplikasi ini
1,Ribet poll masa mau minta efin aja susah gk lengkap buat apa klau dsni gk lengkap
2,"Kok klik mau daftar pengguna baru ga bisa d klik ya,"
5,"Min, data alamat kok nggak bisa diganti, padahal sudah pindah alamat 😂😂😂"
2,"Katanya ngisi no NPWP atau Nik, ketika isi NIK tidak bisa karena hanya bisa 15 digit"
1,Gak bisa download
1,"Saya baru mau daftar, pas udh tahap 2 trs tiba2 keluar sendiri, pas coba login lagi gak bisa karena userid dan ps salah, padahal udh bener, trs coba bikin lagi pake email yang sama gak bisa karena udah digunakan, gmna solusi nya? Saya mau ttp pakai email sebelumnya"
1,Tidak ada riwayat pembayaran ya???. Saya mau screen shoot buat lapor SPT. Jika di browser chorme juga tidak bisa muncul keterangan tidak di temukan. Tolong dong perbaiki dengan baik
1,"Daftar aja dibuat susah,kalo buat apl yg bner dkit"
1,gabisa dibuka aplikasinya mental terus 😂
5,Mantaap
1,Kode verifikasi tidak muncuuuuuuul di email... udah dicek di semua folder
1,Saya selalu gagal untuk minta evin pajak
1,Nyusahin orang
1,"Ini aplikasi dulu sempat bisa di gunakan, tapi sekarang aplikasinya tidak berfungsi 🤣🤣"
1,Sangat tidak membantu
1,WOI BETULIN ITU. MASA NIK NYA GABISA 1 DIGIT LAGI DIKETIK. ANGGARAN DOANG GEDE. APLIKASINYA SAMPAH
1,"sekelas djp gimana sih, apk nya error gabisa login, di website sama aja kayak gitu"
1,Tolong di perbaiki lagi masa iya gak bisa buat daftar
1,"Nomor dan paswod NPWP sudah bner tapi ga bisa login, sampai di ulang skian kali pun ga bisa.. Haduuuuu.."
1,mau lapor pajak aja ko ribet amat
1,"Minta kode efin saja ribetnya minta ampun, mau reset password juga ribet kali.."
3,"Assalamualaikum... Kalau mau ganti nomor kontak gimana caranya? Soalnya kode verifikasi efin ternyata dikirim ke nomor kontak yang lama, terima kasih."
1,"Validasi otp dari zaman dinasti ming sampai skrng ndk masuk2 ke sms,,gmna mah daftar"
1,"Aplikasi membingungkan, msih banyak error,"
1,"Aplikasi buruk warga diminta tertip tapi aplikasi layanan publik seburuk ini, loginnya susah"
1,Gk ada guna aplikasiny
1,kenapa saat memasukkan no nik cuma dibatasi 15 digit? Alhasil tidak bisa login Segera perbaiki
5,Sangat membantu 🙏
1,Aplikasi nya jelek tidak bisa login ribet ga mudah di akses
5,Memudahkan dalam pelaporan SPT tahunan
5,"Buat yang kemarin kemarin kecewa sama aplikasi ini, sekarang sudah beda ya, sat set cepat dan mudah sekali dalam penggunaan nya, mantap djp dan tim IT nya"
5,Sangat membantu sekali
4,lupa pasword dan efin gimana ya...
1,Susah kelek aplikasinya
1,Gk bisa d gunain
1,Aplikasi gak jelasss input NIK kok kuarang 1
1,Pantesan gagal terus ternyata emang dari awal udah tidak bersedia untuk melayani
3,Bagus
1,Noob
1,Aplikasi ga jelas. Sekalian orang mau lapor pajak masuk nya susah... Gaguna
1,"Aplikasi taiiii,,,brengseekk"
5,Terima kasih atas aplikasi M-Pajak ini karena sangat membantu dam mempermudah dalam membayar pajak
1,"Hapus aja aplikasi ini, buka ngk bisa forceclose terus"
5,"Gagal mengirim data, padahal data sudah benar, tolong di perbaiki lagi"
4,Good
3,Itu login nya di perbaiki.. Ya tidak bisa masuk wong mau kasih masuk nomer NIK hilang satu angkanya. Mau diketik tambahin angka tidak bisa
5,Good
1,"Sumpah ini aplikasi pajangan aja , daftarin pakai email tulisannya email sudah terpakai, padahal di check blm terdaftar .coba siapa yg sukses daftar pakai aplikasi ini"
3,Kenapa login pakai NIK kok tidak bisa/ ketersediaan untuk menulis NIK kurang
2,"Di web bisa login di aplikasi tidak bisa,tolong diperbaiki. Padahal sudah saya update"
1,"Aplikasi tidak bermanfaat, pas mau masukin NO NPWP malah ga cukup"
1,Ini aplikasinya kenapa? kok tidak bisa buat akun
5,Ok
1,Aplikasi ga bisa digunakan
1,"Aplikasi ga jelas, login aja susah"
1,Gak jelas aplikasi nya gak bisa di pakai sama sekali
1,Gk jelas ruwett awal masuk daftar pilihan gk bisa d buka
1,"Fungsinya app ini apa,toh mau upload data pajak juga harus pake versi web"
1,Tolong perbaiki! TIDAK BISA LOGIN!
1,No recommendations
1,"Gajelas banget, suruh masukin nomer kk, giliran di masukin slot nomernya kurang 1,,"
5,Ok
1,"Budget anggaran untuk maintenance aplikasinini gede banget tapi aplikasinya tidak berfungsi dengan baik, Kalau belum siap dengan layanan online jangan bikin aplikasi deh, hemat anggaran"
1,"Error terus, sangat menyusahkan"
1,Ngurus EFIN masih ERROR. Ini uang pajak bikin aplikasi gini aja cacat. Mau coba ngurus pajak malah begini ribetnya. Tolong pihak playstore hapus aja nih aplikasi.
1,Parah Banget Aplikasinya Padahal Punya Pemerintah.Masuk Gagal Terus Padahal Udah Bener Loading Terus Ujung Ujungnya Malah Ke Blokir.Diulangi Sampe 3x dan 33nya Akunnya Ke Blokir.TOLONG DIPERBAIKI !! Baik di Website ataupun Aplikasi Tolong Diperbaiki Percuma Orang Mo Daftar Online Kalo Gak Bisa Di Akses
1,"banyak yg harus di perbaiki ,ibarat nilai 0-10 gua kasi 0 BESAR ,LOGIN SAJA TIDA BISA ,bukannya nambah mudah malah RIBET ,tolong di tingkatkan lagi"
5,Kurang bagus
1,"Login GK bisa.. GK di web atau di apk, sama saja.."
5,baik aplikasi yang mudah di pahami dan membatu untuk menambah wawasan pengetahuan
1,"Bodoh, aplikasi rusak, login ga bisa bisa, waktu pengajuan lupa efin data sudah benar malah gagal terus berkali kali, ini gimana ini bukannya mempermudah malah mempersulit, lagian ya.. pemadanan NPWP itu kan program pemerintah pusat harusnya ya anda kalian yang harus sinkronisasi NPWP sama nik nya, kalian digaji negara untuk apa?"
1,"Dibikin ribet,... Org mau bayar pajak ko dipersulit utk login.... Harusnya cukup masukan no NPWP aja harus langsung auto detect... Org sadar mau bayar pajak susah amat... Ya udalah... UNDELETE sajahhhh....."
1,"Kembangin dulu ni system parah, masa provider 3 gak bisa, yakali harus beli kartu baru buat daftar. Mau dapat otp dari mana eyy. Haaa Indonesia ku 🥰 seperti biasa ngurus apa-apa susah institusi web pemerintah"
1,"Apaan si, nunggu verifikasi SMS seharian juga gada kode masuk, aneh."
1,"Ini aplikasi apaan tak jelas, nampak kualitas sdmnya KKN sehingga hasilnya pun jelek mau sampe kapan negara ini maju kalau pemerintah nya pada korup. Dasar payah gak jelas."
1,"aplikasi gak jelas, password salah terus, tulisan lupa password sebenernya button apa cuma hiasan kok gak bisa dipencet-_-"
1,Susah banget mau daftar aja Nomor otp gk dapet2
1,Buruk
1,masyarakat jangan dibuat terlambat mendaftar ataupun memperbaiki data nya dong min...aplikasinya saja tidak dimantenance dgn bagus karena saat memverifikasi untuk efin lupa nomor HP selalu dianggap gagal oleh apknya... tolong perbaiki bug nya...saat mengisi biodata karena lupa EFIN selalu FC terus...
1,ini cara lapor tahunan gimana ya tampilan aplikasi baru kok malah membagongkan
1,Aplikasi bodoh
1,tidak bisa input npwp
1,"Nomor NPWP dan Password sudah sesuai, di web sama aplikasi tidak bisa login, dengan alasan tidak sesuai. Saya ajukan Lupa EFIN tapi sama saja, data ditolak, tidak sesuai. Padahal semua sudah benar dan sesuai. ANEH!"
1,Gagal verifikasi EFIN terus tanpa dkasih tau sebabnya dimana padahal udh sesuai smua. Payah.!!!!!
1,LENAPA GA BISA DI BUKA MENDING HAPUS INI APK GA GUNA
1,Gak bisa apa-apa
1,Verifikasi data selalu gagal.. Aplikasi gagal..
1,"Sudah sulit reg situsnya jelek .....mau daftar di persulit,kalo ada rating nol saya nol dah"
1,"𝐑𝐢𝐛𝐞𝐭,𝐬𝐮𝐬𝐚𝐡,𝐬𝐮𝐥𝐢𝐭 𝐰𝐞𝐥𝐥𝐥 𝐦𝐞𝐧𝐝𝐢𝐧𝐠 𝐮𝐧𝐢𝐧𝐬𝐭𝐚𝐥 𝐚𝐣𝐚"
3,Ok
1,Aplikasi menyedihkan musingin orang awam
1,"Bintang 1 untuk live chat di web dan ribet ,lupa sandi doank di persulit 🖕"
1,Mau login pakai NIK kok digitnya cuma 15?
1,Verifikasi efin gagal terus
1,"Aplikasi yang membagongkan.... Kalau belum punya akun ga bisa akses semua menu, giliran mau daftar pengguna baru malah ga bisa. Tombol Daftar disini ga bisa di klik. Trs gimana mau pake aplikasi ini. Dasar...."
1,"Sudah daftar, gk bisa login, sya daftar gara² creator Udah mintak nik lah kk lah, Huuu entalah malah sudah aku hapus semua nya 🥵"
4,tolong diupdate jenis setoran pajaknya kode 920 dll msh blm ada🙏🙏
1,Semua akan ada pertanggung jawabanya
1,Mohon ditambahkan menu perubahan data jadi memudahkan tanpa perlu datang ke kantor pajak
1,Indonesia lagi butuh orang pintar
1,Padahal udah k daftar masuk malah error' lewat browser bisa .giliran aplikasi ngg bisa masuk .aplikasi ngga jelas
1,Aplikasi terburuk di planet ini
1,"aplikasi apa lah ini, bnyk bug nya, buat akun baru ga bisa, kemana devlop nya ini cuy😅"
1,Lupa efin sudah di isi giliran verifikasi muka app terhenti terus gk efisien kalo memang gk bisa gak usah dikasih menu lupa efin
1,"Aplikasi gak jelas. Mau minta permohonan lupa efin tapi verifikasi selalu gagal entah salah dimana. Diulang berkali-kali sama aja. Kalau harus urus ke kantor pajak langsung, ngapain bikin aplikasi sih? Diperbaiki tolong, masa aplikasi pemerintah kayak gini"
1,"Di web bisa dibuka kok, knp diaplikasinya ada yg salah satunya ngga bener password/npwpnyaa!!!"
1,"Gimana ini, stlh masukkan NPWP lupa kata sandi, lalu disuruh masukkan EFIN, pdhl EFIN jg lupa. Ketika masuk melalui menu EFIN krn lupa EFIN dan setelah memasukkan data diri sesuai E-KTP malah Verifikasi Gagal, aneh. Ribet banget sihh"
1,"tidak membantu yang jadi pertanyaan saya buat apa sih ada EFIN segala ? dan ini saya coba untuk ke menu lupa EFIN gak pakai di analisa dulu, langsung gagal padahal tujuan saya download apk ini mau gabungin NPWP dan NIK tapi di persulit, lagian pihak pajak bisa kerja dikit gak sih, kan datanya sudah ada kenapa kita yang harus gabungin gaji tinggi pekerjaan cuman malak"
1,Gimana mau taat dan patuh. Ini mau daftar susah bener. Klau bukan karena pekerjaan. Saya tidak mau repot-repot seperti ini
1,"😅😅 ini suruh masukin nik, sejak kapan nik cuman 15 digit, gimana mau login kalau nik yg bisa di masukan cuman 15"
1,Mau nya gimana sih? Giliran pajak cepat nagihnya di rakyat. Giliran rakyat pakai aplikasi untuk memudahkan malah di persulit. Verifikasi gagal. Sinyal ok. Data valid. Tapi gagal terus. Giliran duit rakyat cepat di potongnya
1,"Gagal verifikasi terus, payah"
1,Aplikasi gk pernah jelas
1,"Anggaran doang digedein, aplikasi sama web sama² butut dan suka eror! 👎🏻 Semoga para koruptor anggaran miskin harta sampe keturunan²nya, dan mati mengenaskan! Aamiin 🤲🏻"
1,Halo admin. Saya sudah isi form lengkap untuk mendapatkan npwp pribadi namun sampai kini tidak ada kelanjutan. Saya coba login app disuruh nik/npwp. Lalu saya coba isi nik saja. Namun kolom isian Mash kurang lengkap 1 digit. Aneh banget app milik negara kok seperti ini. Erroor atau kurang biaya Tah?
1,"Gak jelas, sudah diisi gakbisa pencet apapun"
1,Biaya untuk sistem nya dikorupsi. Aplikasi babi
1,"mungkin tahap uji coba, makanya gagal terus. 🤭"
2,Knapa salah terus password nya idpadahaldah bner
1,Buruk
1,"Kalo kata Rocky Gerung, ini aplikasi DUNGU! Tim IT nya suruh pindah posisi aja jadi admin gudang, yg cuma ngedata barang keluar masuk kalo gak becus jadi IT!"
1,"Sdh dipadankan nik & NPWP, pas m masuk ke aplikasinya koq ngga bisa?? Aplikasi ngga jelas"
1,"Aplikasi ga ada manfaatnya, buat nulis nik aja kolom ga cukup. Yang bikin bocah magang kali"
1,Parah banget gak bisa masuk
1,"Sulit banget,kalo mau secara online ya jangan dipersulit loginnya."
1,Suruh orang bayar pajak tpi apknya lemot udh di coba di hp sama laptop tetep lemot gajelas orang pajak emang
1,"Saran aja ini ya, buat aplikasi ga usah muluk muluk. Kalian buat login harus memakai captcha tapi captcha ga keluar. Punya aplikasi itu di urusi Jagan buat asal jadi terus di biarkan"
1,"Setiap sampai kode verifikasi sms tidak pernah masuk nyoba sampek puluhan kali ,gimana sih ini ? Percuma di update ,mau taat pajak saja susah nya minta ampun🤦"
1,"Ribet jga yaa, pdhal mau laporan pajak"
1,Aplikasi buat habisin anggaran..bobrok..sebobrok moral pejabat konoha..yg penting..cuan..cuan..cuan..
1,Aku daftar NPWP pribadi buat kerja kok susah ya? Sebentar kantor offline yg menangani masalah ini dimana sih?
1,JOKOWI SDH KELAMAAN MENJABAT HARUS DIGANTI PARTAI LAIN.SISTEM BOBROK.MAU MINTA EFIN AJA DIPERSULIT.NEGARA ANJIHINGGGG
2,Gimana mau ambil foto kalau keluar sendiri
1,Loe olang memang PANTAS.. Memang pantas untuk OE HANTAM 👩‍🦲👊👊👊 baru bikin akun sudah keblokir... phei phei phei
1,"Aplikasi gak jelas, mau login gak bisa, karakter limit utk NPWP/NIK. Selalu gagal login karena NPWP/NIK tidak bisa ditulis dengan lengkap,, wkwkwk anehh anehh"
1,"Kns veripikasi nyari no efin gagal terus sih ,jelek banget aplikasinya"
1,"Kecewa berat susah buat daftar online, bufering ujung ujung nya link nya ilang gak terjangkau lagi, 2 x coba masih sama,"
1,"Apk/webnya gak jelas mau daftar bikin npwp kga bisa bisa ribet pula, fungsinya serba online itu mempermudah bukan mempersulit, developernya ngambil dari mana kali sekelas bumn loh ini!"
1,"Jelek x pecat aja yang buat. Ganti aja slogannya . ""Pajak kita untuk kami"""
1,Aplikasi bosok jlek gak guna mau masuk salah pasword & salh NPWP bodoh bngt yg bikin ini web hrus di abtude yg lbh bgus
1,Jelek
5,Bagus
1,"Aplikasi pajangan doang fitur nggak bisa apa2, kata mau era digital pemerintah buat aplikasi begitu aja ribet"
1,"Untuk saat ini belum bisa dikatakan bermanfaat. Login pake NIK, kotak ga cukup, kurang 1 angka. Pake NPWP, password salah terus. Klik lupa password, apk cuma diam ga respon apa2. Trus ni apk buat apa? Belum siap kenapa dilaunching, servernya aman ga nih? Kenapa lagi2 aplikasi punya pemerintah selalu bermasalah? Kalah dgn aplikasi swasta. IT-nya gimana nih?"
1,"Apps tidak guna,lupa efin verifikasi gagal terus.lol"
3,"untuk masuk akun pakai NIK masih blm bisa, 1 digit terakhir nik tidak bisa masuk. Mohon segera perbaikannya, demi kenyamanan bersama. terimakasih"
1,Sebenarnya pengen menghina habis-habisan untuk app ini...
1,"gagak jelas,minta lupa EFIN melalui M-PAJAK VERIFIKASI GAGAL TERUS,PAYAH"
1,"Ini apa apaan sih, tolonglah yang jelas kalo bikin apk. Yakali gabisa buat sign in ?"
1,"Apa gunannya pemerintah bikin aplikasi online, kalo mau ngurus efin keterangan di web di arahkan di aplikasi, di aplikasi gagal terus, lewat telpon 1500200, malah di arahkan ke KPP langsung,"
2,Lewat website bisa login tapi kenapa lewat aplikasi malah ga bisa hmm
1,"Tujuan nginstal buat lupa efin, giluran mw request lupa efin malah error melulu"
1,"Payah mau minta EFIN. Udah pengajuan detil pengisiannya dicoba berulangkali tetap aja Gagal ferifikasi ..Aneh! Ini system pemerintah tapi aplikasinya payah bgt, lalu kerja kalian apa? Kukira dipermudah ternyata diPERSULIT!"
5,Bagus
1,Login pake nik tapi angkanya ga cukup..
1,Banyak yang ngeluh tapi dari pihak app nggak ada yang ngerespon 🙆🤦🏼‍♂️🤦🏼‍♂️🤦🏼‍♂️
1,Emang ada aplikasi atau Web pemerintah yg lancar.???
1,email aktivasi gak pernah dikirim
1,Cacat
1,Aplikasi edan. Makan uang rakyat tapi bikin aplikasi nya ga becus
1,Baru buka udah eror
5,Sangat membantu bikin darah tinggi dan emosi. Masyarakat di suruh digitalisasi sistem tapi pelaksanaan pelayanan untuk masyarakat sangat mengecewakan sangat buruk di berbagai bidang termasuk ini wajib pajak wajib pajak tapi menyulitkan ribet
1,"Aplikasi karya anak bangsa, server kentang proyék selangit🤣"
1,"Tolong lah buat pemerintah aturan dan layanan di sesuaikan jangan hanya aturan saja yg di tingkatkan tapi pelayanan buruk , aplikasi pajak kok seperti aplikasi sampah di buka selalu Erorr 👎"
1,Error mulu
1,"Parah banget, ngga bisa di buka aplikasinya. Mau regis lewat web juga ngga masuk otp ke nomor saya."
1,Pemerintah ini gmna ya. Padahal kan jg uang pajak banyak. Masak aplikasi Website nya g jelas gini. Kan harusnya pelayan di bagusin ya. Berapa sih buat Website dan aplikasi yg bagus. Bukan korupsi nya d gedein.
1,"Aplikasi pemerintah yang sangat jelek, tidak bisa memasukan NIK 16 angka, pemerintah bodoh"
1,Pake developer mana nih... Luar biasa
4,Mantap
1,Tidak perlu
1,aplikasi masih cacad udah di release. 🥲
2,Di download mening lama bgt geraknya padahal sinyal bagus....bikin peraturan buat umum tp pas mau perbaikan via online malah susah..
1,Ini mau daftar baru kenapa baru mau isi email yg aktif kolomnya harus huruf kapital semua anjir
1,Ribet.
1,APK gagal untuk Submit NIK tidak bisa. Dikarenakan Submit di batasi
1,"Aplikasi pemerintah emang selalu gagal😓 Udah lebih dari 5 kali ngirim OTP, udah ditunggu lama tapi gak masuk masuk. Percuma ada aplikasi kalo emang masih bikin ribet."
1,"Lupa efin, isi data selalu gagal, solusinya di suruh ke kantor. Guna aplikasi ini untuk apa?"
1,"Mau login padahal udah bener akun sama password, nulis kode keamanan juga bener masih aja di bilang salah kode. Mau login doank di persulit. Benerin itu website nya!"
1,"aplikasi gak guna, aplikasi pemerintah kagak ada yg bener, input nik max cuman bsa 15 digit, ya jelas gak bsa login, error trs..ngaco emng"
1,"Mau Daftar ribet banget, ngabisin pulsa doang berkali2, masa iya rapcha udh di ketik bener masih salah trus."
1,"aplikasi ngaco, mohon diperbaiki jangan hanya minta uangnya saja"
1,Ribet bikin bingung
1,ini saya buat efin tapi kok sampe sekarang belum di kirim ya email nya
1,Ga jelas. Susah d klik aneh
1,"Login pakai NIK KTP tapi yg bisa di ketik cuma 15 angka, 😆 gk bisa dipake app nya"
1,"Kok mau lapor dan bayar pajak malah di persulit dgn aplikasi yg tdk berfungsi, beberapa bulan ini selalu bermasalah"
5,Kerenn
1,"Ini tempat pelaporanya gak ada yang jelas.kita punya pertanyaan gak ada tempat buat pengaduannya,..aplikasi online tapi kaya offline"
1,Data dah bener semua masa salah 🤦
1,"Aplikasi aneh, daftar gak bisa lupa sandi pun gak bisa di klik"
1,"Sumpah ribet gak memudahkan malah bikin pusing. Efin lupa, mau ngurus ribet, gak di urus tapi penting. Kenapa sih selalu di persulit"
1,"Masa NIK NPWP kan 16 nomor tapi pas mau login maksimal 15 karakter yg bisa diketik, gimana loginnya?"
1,Parah pokoknya..
5,Luar biasa
1,"Ku pikir d permudah rupanya sama saja, Sudah input data 3 kali masih tidak valid, padahal sistemnya yang otomatis isi."
1,Klik lupa pasword ga bisa. Gmana nih yg buat aplikasinya?
1,Tidak bisa login nomor NPWP maupun NIK karena kolom angka kurang satu. Aplikasi aneh
1,Developer nya siapa sih masa g bisa login pk nik KTP (maks 15 angka)
5,Gak bisa login ini gimana NPWP
1,"Aplikasi gak jelas, suruh masukkan nik/npwp giliran di ketik ga bisa sampe full, npwp nomernya banyak lebih dari 16 dan ada tanda titik,sambung, tapi di aplikasi gak bisa ngetik angka lebih dari 15, trus gimana???? alhasil ngetik nik cuma 15 angka, dan ada notifikasi error mendapatkan npwp😡😡😡"
5,Ok
1,Masuk pale nik masa kurang 1 digit.... Gimana mau bener. Pasti salah terus lah
1,Tidak bisa login dengan NIK
1,"Niat kerja gk sih ini dev nya, masukkan nik dan npwp gk bisa full digit ya gmn mau login Pemerintah klau ngerekrut pegawai jgn main² lah, masa bikin aplikasi modelnya kyak gini, habis aja uang negara buat gaji org² gk jelas dan gk kompeten"
1,"benerin lagi dl aplikasinya eror""eror mulu"
1,parah verif efin gagal mulu salah mulu padahal udah sesuai ktp percuma
1,Aplikasi miskin menu
1,Lemot gilak
2,Ini aplikasi gimana sih ..kode verifikasi lewat SMS GK sampai sampai
1,Ribet banget sumpah nyusahin orang.
1,Tidak membantu sama sekali. Hapus aja
1,"Lupa E-FIN dan sudah masukkan data dengan benar tapi pas submit data ada notif error ""verifikasi gagal"" tidak bisa mengirim data. Kapan diperbaiki aplikasinya??"
1,"Error validate ktp, maunya apa"
1,"Yakali pak, id udah bener, pasword udh bener. Masih aja gk bisa masuk karena salah pasword."
5,Sangat bermanfaat
1,gk heran klo app yg dikelola pemerintah
2,"ribet sekali hanya untuk daftar npwp. Pergi ke dinas setempat disuruh daftar lewat app, sungguh membingungkan."
1,Aplikasi ga jelas minta efin ajh susah bnget .. pdhal data bner foto selfi jga bner smbil bawa ktp npwp .. perbaiki lah
2,"yailah untuk daftar aja sulit stengah gila,masih ala2 online.jelas dri dlu klw pke online slalu bermslah dan gk berkembang alias nyaman dngan lemotnya sistem yg tdk di perbaharui. please lah klw mau pke sistim online2 perbaiki sistem nya,masa bgini mau dibilng maju.kapan..?"
2,"""Tombol"" Buat kode billing ndak aktif terus... 🤦 tolooong!!!!"
1,"Wah aneh nih aplikasi,, mau login pakai NIK eh malah digitnya nggak cukup, pakai NPWP juga kagak bisa masuk,, 👎👎👎"
5,Mohon arahan min...sy setelah mengisi kolom lupa efin..setelah mau verifikasi kodenya kok terkirim ke nomer sy yg lama tidak aktip..bagaimana cara merubah nomer hp untuk mendapatkan kode verifikasi ke nomer yg skrg masih terpakai
1,rusak aplikasinya
1,"gak bisa login pakai NIK, pas input cuma bisa 15 karakter sedangkan NIK mempunyai 16 karakter"
1,"aplikasi kentut, lelet dan banyak iklan"
1,"Aplikasi maupun web pemerintah selalu saja jelek, lemot, ribet, beda dengan milik swasta sat set sat set tambah mau menyampaikan kritik namun webnya tidak bisa disubmit."
1,"Login di persulit,, sandi di masukan sudah benar,, tapi tetap salah dari sistem,, sangat mengecewakan"
1,Aplikasi asu
3,bolak balik mengisi data lupa kata sandi katanya suruh cek email tapi ttp tidak bisa masuk.. aplikasi parah banget tidak bisa membantu memperlancar.. membingungkan.
1,"Tidak Jelas, melakukan pengajuan lupa Efin selalu gagal verif padahal semua data sudah sesuai dicoba berkali-kali tetap eror terus."
1,"log in berkali2 gk bisa,sudah melakukan validasi data log in pakai NIK tak bisa"
5,"Banyak bug, terlihat app ini dipaksakan dibuat, lucunya app ini adalah app yg mengelola uang kolektif seluruh masyarakat untuk pemasukan negara tapi bikin dan ngurus app segini aja kaga beres, kalah sama app pinjol yg meresahkan😂😂"
1,Aplikasi taaaaeeekkkkkkkk...... udah itu aja...
1,"Mau foto Selfi utk klaim efin aja sering keluar sendiri, wa admin cabang Kuningan Jaksel Mala cmn di baca , itu karyawan makan gaji buta njing"
1,Sdh Di download malah ga bisa masuk
1,"Haduuuhhh mau bikin NPWP aja susahnya minta ampun, tahap 1&2 nya sudah beres giliran isi formulir tingkat 2 nya yg data pribadi itu susah bgt dari smlm sampe skrg ga bisa terus pas verifikasi data padahal data kenceng."
2,"maaf, karena ada pemadanan sekarang login bisa pakai nik, tapi di aplikasi ini max char length di NIK/NPWP hanya 15. jadi untuk login ke djp pakai app ini belum bisa pakai nik. tolong tambahkan max char nya"
1,Sdh di isi sesuai permintaan tetap salah terus
1,Aplikasi ini bikin jengkel orang aja NPWP / NIK dan Pw udah bener ... eh ... katanya salah Jadinya kan bikin kesel orang
2,"Jumlah input karakter nik untuk login kurang 1 , sehingga nik yg diinput/diketik tidak akan komplit bagaimanapun caranya. Ini entah disengaja biar gada yg login dulu atau ada kesalahan nulis script kodenya ya 😅 ?"
1,"Aplikasinya tidak user friendly, berat udah kaya main game gede, interface juga g enak di lihat"
5,"bagus,,"
1,aplikasi aneh
1,"Mau daftar aj susah bnr, dibilang akun sudah terdaftar pula"
1,"Apa dananya disedot lagi,. Mau login pake nik/npwp tpi karakternya kurang 1. Ambe semua aja"
1,"Kode otp tidak kunjung masuk, sudah 2 jam tidak ada sms juga."
1,Aplikasi pemerintah emang gada yang bener. Makanya kalo ada anggaran buat teknologi jangan korupsi Mulu. Perut di gedein. Percaya aja sama developer gausah banyak protes boomer
1,KORUPSI TRUSSS....
1,Tidak bisa daftar akun
1,"Bayar pajak ko ruwet, ka gak jelas, nyusahin orang"
1,Apk rusak
1,Kenapa force close terus waktu ambil foto diri
1,"Ga bisa login, jumlah digit kurang"
1,"Zaman dah canggih. Tapi masih aja harus ke kantor. Ngurus ini ngurus itu, baru bisa login. Birokrasi masih nggak bisa hilang tah di negra ini? Hadeeeeh, ini to yg namanya modernisasi dgn kearifan lokal?, sudah digital tapi birokrasi harus tetap ada. 😈"
4,Sangat membantu
1,Aplikasi babi padahal nomor telepon dah bener tapi ga bisa anjg
1,Aplikasi nya tidak sesuai dengan yang diharapkan.. Selalu gagal untuk meminta efin
3,Kira kira lah bikin aplikasi tadi vaild..buka lagi engk valid...
5,Mantap
1,"Aplikasi cuma menampilkan data dan ajakan giat, minim fitur, mohon diperbaiki"
1,Aplikasi TOLOL ! Mau masuk aja susah
1,Sekelas lembaga riba eh pajak masa ga bs buat aplikasi bagus.. heran.. anggarannya lari kemana..??
3,"dua bulan ini ""tombol buat kode billing"" ndak aktif, mau buat kode billing ndak bisa, sebelumnya lancar"
1,Ini kode verisikasi efin itu dikirim pakai apa ya? Kok lama bgt ga muncul². Ga pakai pos kan?
1,Login dengan NIK KTP kolom tidak cukup untuk mengisi nomor NIK KTP
1,"Setlh update, Nama alamat tdk bisa diisi. Sebelum update, jenis setoran yg gak muncul. Aplikasi jelek banget. Mohon segera diperbaiki."
1,"sangat parah,aplikasi tak bermutu,pelayanan tidak memuaskan,mempersulit masyarakat"
1,Apps yg asalan saja
1,"Verifikasi gagal terus pulsa kepotong terus padahal kode otpnya sudah benar tapi gagal terus,kalo ga bisa bikin aplikasi mending gak usah di buat Buang2 anggaran aja"
1,Aplikasi jembut rontok susah
1,"Mending gausah bikin EFIN dah kalau lupa susah banget nyari² si EFIN, lewat apk keterangan gagal ERR_SMSGW, lewat layanan telpon 1500200 coba menghubungi petugasnya ga bisa tersambung sama petugas malah di matiin telpon nya, lewat chat bot website ga bisa yaudahlah caranya biar gampang dateng ke kantor KPP"
1,Minta efin gagal terus apk payah
1,buruk
1,Loginya pas pengisian nik/npw angkanya kurang 1 digit jadi gak bisa login
1,"Susah login, verifikasi gagal terus hadehhh"
1,Kurang bisa dimengerti
1,Loh in susah bgt gblok bgt suruh taat pajak tapi ribet
1,"Mau login disuruh isi EFIN. Lupa EFIN disuruh ngisi data diri tapi gagal terus, tertulis gagal mendapat no HP padahal gak ada sama sekali isian no HP. Ribet"
1,Aplikasi goblokkkkkk
5,Good job! :)
1,aplikasi anjingg mempersulit kebanyakan erorr monyett
1,aplikasi gk jelas pas daftar malah bilang nik tidak terdaftar didukcapil.aneh gk mungkin tau orang baru berapa bulan lalu urus kk dll smua bisa dasar
2,Udh daftar mau masuk ke akun malah tidak terdaftar malah udh daftar 2x adeh
1,Aplikasi sampah!
1,Bukannya benerin web malah bikin aplikasi
1,Buat login pakai NIK tidak bisa. Kolom pengisian kurang/tidak di izinkan.
1,"Aplikasi yg mempersulit masyarakat,,maunya terima uang pajak aja,tapi kita mau login begitu di persulit,,aku masukin nomer mpwp malah gak ditemukan,,"
1,"Tidak bisa masuk karena lupa efin di tlpn ke cs minta d bantu malah lempar sana sini, pelayanan nya sangat buruk!"
1,Cabca tidak cocok terus. Kacau aplikasi djp 😇
1,Apk bodoh
1,"jangan mempersulit untuk apa ada digital online kalau harus ke kantor pajak,tinggal merubah no npwp ke no nik ktp aja susah banget.data sudah lengkap"
1,"buruk,pengen liat efin sama login aja susah dipersulit kok gini banget"
1,Gagal terus buat EFIN
1,Aplikasi dangak2...
1,Minimal mobile appnya dikembangin dulu sebelum ngerepotin rakyat
2,"Kenapa ketika mau mengajukan lupa efin di aplikasi, aplikasinya selalu keluar sendiri? Tolong bantuannya"
1,Ampas.
1,"Sangat tidak bermanfaat, karena tidak berguna untuk pendaftaran orang pribadi. Harus ke kantor pajak. Apa gunanya aplikasi online? Harusnya memudahkan bagi yang punya inisiatif untuk membuat atau memiliki NPWP pribadi dan bisa bayar pajak. Bagaimana mau bayar pajak, secara pribadi tidak punya NPWP?"
1,Jarang update sulit login ngelag
1,Susah masuk Tambahin scan QR biar enak tinggal foto
1,"payah aplikasinya, gagal terus, mau ajukan efin susahnya minta ampun. gagal2 terus padahal data yg di isi sudah benar."
5,Aplikasi mantul bosqoue
1,Apl ga jelas fak kata gue teh . Link bapuk bang*t
1,Aplikasi aneh
1,"Aplikasi sampah,,, mau bayar pajak aja susahnya,, login GK bisa ini salah itu salah,,, bikin males bayar pajak,, buat kalian jngn mau download aplikasi ini yaa biar GK nyesel"
2,"Ga bisa login pakai NIK, field ID cuman 15 karakter, sementara nik ada 16 -_-."
1,"GAK BISA RESET PASSWORD, anehhhh, gak usah bayar aja lah"
4,Redownload
1,"Ga jelas knp sih ini aplikasi udh bener password yang saya masukin ,saya catet loh tapi tetep ga bisa login aneh ,aplikasi rusak"
1,"Slow respon, ga guna selalu gagal kalau mau login, gw bayar lu pakai uang bukan pake daun sat"
1,"Merugikan waktu,"
1,Daftar Efin ga pernah bisa..ngapain juga buat aplikasi payah spt ini..
5,nice
1,apk tai lemot
5,Terimakasih sangat membantu program pemerintah
4,Semoga mempermudah
3,"Sebaiknya baiknya alat adalah yang di buat dengan penuh kebaikan "" jika tidak ada kemudahan di dalam nya seperti membalikkan telapak tangan "" dari atas ke bawah "" untuk apa di luncurkan "" perbaikilah semua fungsi nya Agar hidup penuh kebahagiaan "" jangan di sembunyikan kebenaran jika sudah mengetahui Karena Allah hanya menyukai kebenaran tertinggi diseluruh alam semesta ini."
1,"Aplikasi aneh, mau masuk berulang kali salah password terus, sdh masuk malah gak bisa diapa apakan menu menu didalam ya, bener bener aneh, ayolah pemerintah masa satu aplikasi begini aja gak bener. Gmna mau system' online berlaku"
1,"Uang pajak di korupsi, aplikasi gak bagus"
1,Di update kok malah tidak bisa di buka???
1,Ga bisa login walaupun npwp dan pasword sudah benar
1,"Daripada ribet, itu efin mending hilangkan saja, kenapa?? Aplikasi ga berguna, lupa efin aja ribetnya minta ampuuunnnn! Harus ini itu, tapi aplikasi ga mendukung, buang-buang anggaran saja! Bilang aja tinggal datang ke KPP masing-masing, ga ush pake aplikasi segala! Beres!"
1,"Aplikasi pemerintah,,nasib nasib"
1,Ga guna. Ngga bisa login
3,"Inikan aplikasi milik pemerintah,jadi tolong dong jangan eror melulu dan tolong segera diperbaiki,jangan bikin malu pemerintahankami selaku warga sangat mendukung"
1,Aplikasi gak guna 👎
3,Masuknya aja ribet gmn mau bayar pajak
1,"Aplikasi nya parah mau login lemot bngt GK BS"""
1,"Gk ngaruh, gk berguna, pelayanan gk ada jaminan... Bobrok.."
2,"Tolong perbaiki lagi app nya,, semalam bisa di buka knapa pagi ga bisa masuk status error"
1,cacat
1,"Aplikasi yang mengecewakan, katanya di suruh taat pajak, giliran kita sudah taat tapi malah di persulit. Log in aja gk bisa, gak usah nyuruh rakyat taat pajak, gak usah nagih2 pajak kalau sistem nya saja belum beres. Kalau mau nyuruh rakyat taat pajak bukin sistem yang sederhana yang mudah di fahami. Kita cari makan tdk di bantu negara jadi mohon di permudah kalau ingin rakyat taat pajak."
1,Ga bisa buat kode billing. Aplikasi ga jelas. Gmna mau byr pajak.
1,Ni aplikasi rewel bgt
5,𝕊𝕒𝕟𝕪𝕒𝕥 𝕞𝕖𝕟𝕕
3,Mau lupa efin keluar Mulu pas dana udah lengkap keluar
1,"Kenapa saya tidak bisa login di apk ini, saya sudah klik lupa pasword dan sudah saya masukkan no npwp, efin dan kode keamanan setelah submit malah di suruh ngisi ulang 😡"
1,Dodo ga bisa masuk
2,"Ini gimana mau login aja susah,padahal sudah d masukkan dengan benar npwp dan paswort,tp tetap saja nggak bisa login & salah terus"
2,Lah ko habis di update ngga bisa masuk pake NIK ya. Cm bisa ngetik 15 angka. 1 angka lagi ngga bisa diketik. Aneh..
1,"aplikasi ampas, buat memperbaiki lupa efin aja susahnya minta ampun. suruh taat pajak, tapi bikin aplikasi aja masih banyak msalahnya dasar kagak becus bekerja kalian ini"
1,"Coba untuk Buka akun yg diblok dipermudah untuk buka kuncinya, terlalu ribet"
1,Mau proses pengajuan efin karna lupantp tidak bisa dikarenakan pas mau foto aplikasi langgung keluar sendiri
1,"Pengajuan lupa efin error terus, ini gmn sih punya pemerintah biaya aplikasi guedeee tp erorr"
4,Maruzani
1,Dapatar aja susah bener udah 30 sandi aku coba yg beda² tetep ngga bisa
5,"Asal kita paham cara pake aplikasinya pasti terasa mudah, sipp"
1,"Coba tolong diperbaiki. Verifikasi selalu gagal, data yang diisi sudah benar!"
1,"error data nik gk ditemukan, gimana ceritanya ini"
2,Eror wae
5,Kenapa belum bisa login pakai KTP
1,"Aplikasi ga guna, baru di instal udah error, muncul notif update pula"
1,Aplikasi ga guna
1,Error mulu.. Hadehh
5,Mantap
1,"Sekitar 1 tahun yang lewat ini aplikasi ini bagus dan baik saja digunakan, makin sekarang dan makin di upgrade kok malah rawan erorr. Padahal nomor NPWP dan kata sandi / password sudah pas dan juga sudah bolak balik diganti waktu sewaktu mau login buat laporan SPT. Chat dari WhatsApp bolak balik masuk terus, sementara dari link dan aplikasi tidak bisa login. Aneh memang aneh."
2,Saat mengisi npwp online karakter huruf email jd kapital semua.. jd gak bisa daftar.. bagaimana ini dirjen pajak padahal saya pingin jd warga yg taat
1,"abis update malah makin lemot, erorr, mau bikin billing buat bayar pajak kagak bisa2, atau GA PERLU BAYAR PAJAK AJA ATO GIMANA NIIH... GW MALAH SENENG...😌"
1,"Aplikasi pemerintah selalu gak bener, pejabatnya gak bener kerjanya."
2,Ini error ga bisa masuk mohon perbaiki
1,Saat minta kode billong malah gak bisa di ketik kolom setelah nama
5,Bagus sekali
5,Ok
1,"kagak bisa loggin.. nik/npwp... kotak nomornya kurang satu, aya aya wae"
5,Ajarin
1,Aplikasi buruk susah percuma diinstal
5,Oke.
1,erorr terussss
3,"Kode Verifikasi gagal terkirim, mohon petunjuk dan arahannya.."
1,"Aplikasi ga jelas, bakar aja ga guna ga bisa login"
1,Apk gk jelas
5,Top
2,Applikasinya setelah terinstak..selalu error..minta restart..tapi malah ga bisa juga
1,Di upgrade malah error... Gimana sih
1,Aplikasi lambat dan tidak bisa di buka
4,bagus
1,"bingung, d suruh lapor spt , pas isi data error mulu, nyampe nge WA ngirim surat hadehh.."
5,MANTAB lanjutkan sobat
1,Not Worth It aplikasinya. Mending via website aja. Mohon dihapus aja aplikasinya klo dipersulit begini mau login.
5,Bagus ....
2,NIK/NPWP Login kurang 1 digit. Jadinya gak bisa masuk error karena jumlah angka kurang 1
1,Tidak bisa minta kode effin padahal data udh sesuai
1,setelah update malah error terus.. segera perbaiki!
1,Buang buang duit aja bikin aplikasi ga guna
1,error melulu tiap kali buka aplk nya....ga bener pilih vendor aplikasi nya......lemah....ga profesional.....kalah sama aplikasi ojol
5,Good app
1,Namanya biaya pemerintah yakan sudah wajar banyak kendala hahahaha Capek saya yg niatnya mau bikin npwp sebagai warga wajib pajak
1,"Mau bayar pajak bulanan, jenis pajak dan jenis setoran tidak bisa di akses tolong diperbaiki."
1,"Sering server error, tolong diperbaiki la"
1,Tiap login selalu fatal error g jelas banget
1,"Aplikasi apa ini, dibuka aja gk bisa, disuruh restart trs"
1,"Ketika aplikasi sudah terinstal dan dijalankan muncul sebuah pesan ""unexpected error occured"", dan meminta restart, dan begitu terus ketika sudah direstart apknya. Bantu dunk"
1,"Kalo bisa aplikasinya dihapus aja gak guna sumpah,minta verifikasi buat efin pas udah diisi malah kodenya salah,begitu aja trus,tolong lah ini bukan mempermudah malah menyusahkan."
1,"Ini aplikasi gmn sih, mau login aja error mulu, padahal udh punya akun tp mau masuk aja gk bisa bisa 👎"
3,"Parah nih,kg bisa bikin apk udah sosoan mau mendigitalkan pajak,untuk mendapatkan efin saja sulit nya luar biasa"
3,"Sangat mengecewakan,terlalu banyak persyaratan,untuk mendapatkan Efin saja sangat sulit."
1,"Parah ini aplikasi , mau buat kepentingan malah gak bisa ke buka . Ket restart restart trs, pdahal udah sy perbarui. Mksdnya apaaaa????? 💩BRENGSEK MALAH GK BS DI BUKA SAMA SEKALI , APLIKASINYA MATI AP GIMANA WOIIIIII , buat pnting ini"
1,"Duit update system ,dipake buat beli rubicon apa?"
1,"Mau bayar pajak aja susah, heran :("
1,"Waktu login error terus,, padahal nomor dan password nya udah bener,, heran,, tapi kalau masuk di website bisa login,, cuman di apk ini aja ga bisa.."
1,Apk tolol
2,"Makin parah,malah nomer npwp gk kedaftar😴,gimana mau update nik ke npwp kalo gini,masa sekelas nasional,buat aplikasi kayak gini,tuh liat ratingmu,lama lama kalau makin parah,tunggu aja rating mu turun ke 1 ,benerin lah,masak kayak aplikasi pinjol ilegal ratingnya😑"
1,Tiap tahun rakyat bayar pajak. Aplikasi masih kek gini????
1,"Lupa efin ,sudah mengikuti prosesnya, dan pas di akhir menunggu pesan otp tidak muncul2"
1,"Masa iya sih dirjen pajak gak mampu hire pengembang yg profesional, ini aplikasi benar2 buruk, cuma bisa lihat2 menu doang, giliran input data hasilnya zonk, bahkan untuk login saja gak bisa, mendingan di takedown saja deh dari playstore."
1,Aplikasi semua pemerintah itu aneh data semua udah bener untuk lupa effin malah salah terus ! Berulang kali taaik
1,Aplikasi ( tolol) . Maaf kemarin aplikasi sebelah pengurusan ijin berkemudi online yang saya komentari .sekarang ini juga sama saja. Tinggal verifikasi online via email apa susahnya dengan sistem yang dikelola swasta. Sekelas pemerintah saja pakai aplikasi bikin susah
1,Aplikasi ngga guna
1,"udah 2bulan ini tsk bs bayar pajak,entah ada gangguan apa aplikasi ini,nanti jgn salhkan sy gak bayar ya pak,aplikasinya aja yg tdk mumpuni"
1,"di app nya gk bisa masuk, tapi di web bisa, bneran gk guna jd nya"
1,App dan website sama aja pendaftaran online gk bisa krn kode captha salah teroooos Sama aja gk bisa. Bkin online dong kalau kyk gni
1,"perbaiki dulu woy pendaftarannya, wajib bayar pajak tapi nyusahin di pendaftaran hadeh"
1,"Aplikasi sampah, buat login aja susah"
1,"User sdh terdaftar tapi mau login gagal terus Padahal aplikasi punya pemerintah, tp kok gini amat 🙄"
1,Baru aja dibuka udah force close.. Sm j2 prime betulin android 6
1,"Harusnya mempermudah, tapi ini justru mempersulit. Kenapa susah sekali login, padahal sudah jelas benar email sama paswordnya"
1,Gak bisa dipakai masih bagus yg sebelumnya
1,pajak udah di bayar server malahan lemot parah dasa !
1,Eror nee aplikasi nyaa dari semalam di tanggal 02/11/2023 sampai hingga saat ini pagi jam 6.26 Hari d tanggal 03/11/2023 gimana kementrian keuangan pengelola Perpajakan??
1,BUAT APLIKASI RINGAN AJA GABISA.. TOLOL!!!
1,"blum apa2 udah app error, pasti bukan w doang yg heran kenapa aplikasi buatan pemerintah yang harusnya bagus malah jadi abal2 begini, pihak pengembang yang serius lah bikin aplikasi besar begini, ini lebih mirip aplikasi yang masih Alpha version.. tingkatkan lagi,nanti kalo udah jelas, baru dirilis ulang!!!!!!"
1,"02/11/2023 tumbang server ga bisa akses , server negara"
5,kom
1,Kode Vertifikasi kok lama banget
1,"Bikin web yang bener , kalo gk bisa di akses gausah bikin , makannya jangan kebanyakan d korup jadi nya gk maksimal"
1,"APLIKASI APA SIH SEBENERNYA INI HADEUHHHHHH, sebesar itu nama djp, tapi bikin apk kok begini 🥲"
1,"Jadi jelek dang gak guna karena nggak bisa dipakai. Masih mending dulu, walaupun harus ribet berulang kali login kalau mau pake. Berharap pembenahan tapi kayaknya mustahil. Terlihat dari rating yang nggak sampai 3."
1,"Aplikasi Tidak Bisa Login,Di Chrome Bisa...Bisa Buat Aplikasi Tidak"
5,"Tolong di perbaiki, kadang eror di saat mau login"
1,"Sangat sangat 👎, tidak bisa di akses"
1,Apk erros terus untuk pemutahiran nik ja dan pelaporan SPT ngga tau yg mana
1,"Udh diklik tetap aja ga masuk"" Server eror terus masa?"
1,"Registrasi sudah berhasil tapi kartu fisik belum di kirim,, dan saya cobak login ulang malah data tidak di temukan.. Payah aplikasi negara kok letoyyyy"
1,mulai kemarin error terus
1,Tidak bisa mengklik jenis pajak saat membuat kode billing
1,aplikasi ga guna . mau log in d apk aj gk bisa . note no npwp pasword tidak trdaftar . pdhal msuk d website nya bisa lancar no npwp sma pasword nya udh bener. buat ap d bkin apk klo g bisa d pake . sistem nya apa admin nya yg kerjanya tidur gk d prhtikan perfom dri apk ini . 😂 indah nya negriku
1,Apk apaan 10kali coba kirim verivikasi aja gak dikirim kirim gak jelas
5,Wajib
1,Aplikasi negara kok begini... Tim ahlinya NGACO
1,"Proses langkah ke 2 selalu gagal..catatannya FLOW TIDAK BENAR ( SESSION TIDAK DITEMUKAN ) ,Aplikasi buatan orang Indonesia ngak ada yang beres...kebanyakan korupsi anggaran biaya😠😠😠😠, masukkan kode captcha salah trus ..yang salah mataku apa yang buat aplikasi nya yah"
2,Mau isi SPT kok susah banget...data sudah di isi pas akhir gagal melulu...banyak bner alasannya....knapa ga di permudah SJ buat pelaporannya...rumit...itu jg lewat web...lewat aplikasi error' tp mlulu...gimana mau jalan perpajakan..klo mau lapor SJ sudah susah
1,Tidak bisa di pakai utk lapor pajak aplikasinya. Minta restart trs
4,Lebih mudah aksesnya
1,"Kaya gak guna aja apknya,, buat cetak kode biling aja gak bisa,,, menunya jg gak lrngkap, banyak yang eror,,,menu menunya jg beberapa dialihkan ke web,,, harusnya sekelas dirjen pajak apk dan layananya harus wajib diperbaiki,,, masyarakat yang udah sadar pentingnya pajak harusnya dipermudah bukan dipersulit bayarnya tau tau dapet surat denda🥴🥴🥴"
5,Good
1,"Aplikasinya gak bisa d operasi kan, coba buat log in pun gak ada respon"
1,"Aplikasi jelek, ga bisa masuk"
5,Ok
1,Pelayanan live chat pajak an IVAN sangat amat burukkkkkkk .....
1,Mau dapatkan efin karena lupa pasword sudah isi data sesuai ktp tp verifikasi gagal terus. Aplikasi gak guna saya mau bayar bukan mau narik uang pak bu dirjen
1,Belum berfungsii
1,"Kok verifikasi aku gagal terus, Kalau mau aplikasi ini lancar,cara kerjanya jgn di persulit Mulai dari nama, sampai yg di perlukan sudah semua,dan sudah di pastikan ga ada kesalahan,tapi verifikasi gagal terus 😡😡😡😡😡😡😡😡😡👹👹👹👹👹👹👹👹👹👹👹👹👹👹"
1,"Langsung unimstal,, apk CACAT"
1,Gimana masuknya sihh ko salah Mulu eror Mulu padahal udah aktifasi kartu udah ada tapi tetep aja salah Mulu heran
1,"Coba pemerintah tolong rekrut orang yg pintar untuk menjalankan aplikasi ini... ini aplikasi sama sekali tidak berguna kalau begini,... Setiap saya mengajukan nomor efin yg lupa selalu gagal verifikasi nya... sumpah gak ada guna nya aplikasi ini kalau bgini"
1,sangat lambannnnn
1,Aplikasi terhenti stuck
1,"Ribet tetep aja ujung2nya harus kecabang buat minta efin hanya untuk sekedar login saja,ngakunya terintergrasi dengan nik tapi tetap sampah"
1,Lupa efin tapi saat verifikasi foto gagal terus.
3,"Mantab, tapi kok saya ga bisa nmr minta efin dari apk ini gagal berkali2"
1,kode otp ga masuk2 gjlsss
1,"Apk gk guna.. Pengguna baru. Daftar disini nya gk bisa di klik. mau tau kode EFIN aja ribet banget prasaan lebih dari 10x saya coba.. Jawaban nya undefined terus. Kalo toh ke kantor pajak, untuk apa guna nya APK ini. Kalo kantor pajak dekat dr lokasi kita tak apa.. Ini jauhnya bukan 😡😡😡"
1,"Puluhan Verifikasi gagal terus, serius gak di ini aplikasi"
5,NICE & RECOMMENDED
1,"Mending manual datang k kantor pajak, pulang tinggal nunggu kartu fisik npwp, dari pada online tpi tidak berguna, daftar selalu gagal.. mau meng onlinekan npwp lama fisik) pun susah.. sedangkan zaman skrg mesti login k aplikasi dlu"
1,Kenapa saya gagal saat kirim kode padahal saya benar memasukkan kodenya
5,Aplikasi mudah untuk di aplikasikan.
1,Rudet cacak dek mayar
1,Saya mau daftar npwp baru..pas mau daftar d suruh masuk web pendaftaran..udah d isi form nya tp pas minta kode otp gak ada sms masuk ke no saya..udah bberapa x d coba tetep gk bisa...perbaiki lagi sistem nya biar bisa lebih mudah
1,"Kok aplikasi pemerintah pada gajelas. Gabisa daftar, gabisa dapet efin. Tapi maksa bayar pajak wkwkwkwk"
1,Gagal trus apk ga layak
1,"Ribet daftar nya Padahal.. Efin sama NPWP sesuai Salah,, salah,, Ganggu kerjaan ajh Lazada ajah cuma 2 menit daftar selesai"
1,"Ini aplikasi untuk laporan pajak atau cuma buat kode billing aja,gak jelas aplikasinya,klo usah ada kode billing trus lapornya dimna? Polsek,kantor camat,kantor desa,atau kemana?"
5,Sangat betul
3,Kenapa sih tiap buka aplikasi sll aza kluar lg sndr n tulisannya eror.. Tolong donk diperbaharui agar lbh nyaman pake nya Klo udah bagus saya tambahin ya Bintangnya.. Makasih
1,"Pengajuan lupa efin gk bisa2,gagal terus 😴"
1,Pelayanannya sangat buruk..untuk apa ada layanan online.jika proses lupa efin aja harus dtg ke kantor pajak..k
5,I like you👍
1,"saya mau mendaftar npwp, tetapi ada kendala di tempat domisli itu kan otomatis di isinya jadinya gak bisa di ganti dari wibsitenya kode pos 71570 harusnya di sini 71572 jadinya saat di tekan lanjut itu gak bisa data tidak di temukan hasilnya mohon di bantu"
1,Ribet!!!! jadi faham ma kerjanya pd bobrok semua!!!
5,Ok
1,"Pas daftar krim kodenya lama, klau salah cepat dapat info salahnya tapi klau benar tiba"" Heng lalot ,,, perasaan daftar aplikasi lain lancar jaya sekalinya daftar berkas negara pasti dipersulit entah dari oknum maupun aplikasi nge heng🫢"
1,error
1,Gae akun e angel eram gak ndang dadi² ngentekne pulsa tok cok!
5,Sangat membantu
1,Ribet banget
1,Mau daftar aja ribet kali....
1,"""KEMUDAHAN"" APANYA ,,INI BUAT ORANG YANG BELUM SAMA SEKALI PUNYA NPWP MAU DAFTAR SUSAH BANGAT ,,MANA SERVER DI WEB GAJELAS ,,KADANG NOMOR NPWP CABANGNYA SALAH KADANG BENER"
2,"Dari 2022- sampai 2023, mau login di DJP ,onlain ko status eror Mulu,nh tak coba lagi 29-09-2023,kirain dah beres , sandi dah benar, klik ganti sandi malah kaga bisa ,ini gimana pak/Bu ,apa sudah di buat onlain buat laporan SPT,untuk mempermudah masa masih di persulit juga, harus tetap juga ke kantornya taaah . Okelah saya akui pas bikin NPWP ,sangat mudah karena covid kali yah bikin lewat onlain 2 hari jadi di Anter Ama tukang pos"
1,Gabisa login
1,"bikin emosi sekali, udah banyak captcha ngelag parah, udah gitu gabisa login daritadi anj emg"
1,"Cuma mau minta nomor efin , pas isi data salahan mulu padahal udah sesuai 😴"
1,"Sangat mengecewakan, sangat sulit di operasikan, sangat ribet dan sama sekali tidak efisien, padahal apk pemerintah, seharusnya membantu, ini sangat mempersulit, bagaimana orang mau taat pajak kalaw sulit bgini, tolong d evaluasi bpk2,"
5,Pengalaman kali pertama pengunaan aplikasi namun saya agak kesulitan utk masuk
1,Bikin aplikasi yang bener lah
1,"Aplikasi gak jelas... EFIN EFIN apaan lah Mending kalo mudah buat dapetinnya lagi ini mah prosedurnya repot... Ga bisa bikin sistem gaya""an mau secara online.. SAMPAHHHH"
1,"Semangat Indonesiaku, aplikasi nya gaada yang bisa membantu"
1,Parahhh gabisa login d web bisa 😭
1,"Sudah mau login selalu email dan password nda sesui ,padahal udah cocok !!!!"
1,Ribet tgl kirim otp aja paje syarat ga bs krtu axis xl tri aneh
1,Gini amat aplikasi bug sana sini
1,Apaan sihh apk gajelas mau daftar juga gabisa di klik daftar npwp nya duhh
5,Mantul
1,Pas udah ngisi semua mala gagal
1,GK jelas pdhl lupa password sama efin pngn rubah Kya nya ribet amat udh ikutin semua step malah error' di ending nya padahal udh sesuai klo gini jdi males bayar pajak heran mau lapor juga ribet gbs ubah password
1,Loginya gagal bae
4,Membantu
5,Coba dulu
4,Redownload
1,"Buat bayar pajak aja di persulit, Layanan untuk OTP Tri tidak tersedia"
1,Lemot sekali bisa di perbaiki tidak kalau tidak hapus saja aplikasi ini !!
1,"Cuk kimay pajak bikin rakyat bangkrut, bubarkan pajak ulah menteri keuangan anda yg gak benar!!!!, rakyat di bebankan pajak sangat besar."
1,Ribet otp segala.. Capca segala.. Hadehhb.. Persulit sekali
5,Baik
1,"Susah login, sudah dapat kode lewat email tetap dianggap salah...."
5,Bagus
1,penilain buruk semeua
1,Sistem sangat buruk
1,Sistem BUSUK!!! tidak mempermudah tapi malah mempersulit hidup!!!
1,"Aplikasi kurang cerdas,saya sudah terdaftar di djp dan sudah sukses,namun setiap mau login di app djp ini sllu aja tertulis npwp/psword salah /errorr.padahal login di web djp lancar2 saja. Gak beres ini aplikasi tolong diperbaiki biar memudah kan costomer mu lg. Saya unistal saja dah."
5,Alhamdulillah
1,APLIKASI SAMPAH KAGA BISA DI KLIK DIEM DI LOGIN
1,"Sangat buruk sekali saya mau daftar sudah di bagian verivikasi tidak bisa di klik sama sekali,tolong perbaiki sistem nya"
1,crash dan bug mulu dah
1,Mohon maaf aplikasi setiap mau daftar kenapa tidak bisa masuk data sudah di kirim dan benar semua kenapa masih error dan gagal terus verifikasi mohon di benarkan
5,Mantp
2,"Mau masuk aja sulit nya minta ampun , mau buat laporan spt aja sulit nya minta ampun, udah masukin NPWP dan pasword nya salah mulu, minta kode EFIN aja di suruh melengkapi data lagi. Waktu pendaftaran NPWP kn sudah lengkap, aneh"
1,mw bikin npwp aja susah bgt payah👎👎
3,"Mau masuk aja susah,NPWP pisik sudah ada tapi di aplikasi NPWP tidak tercatat"
4,Sangat bagus
1,"Tolong diperbaiki, susah banget untuk login. Padahal sandi sudah bener tapi tidak bisa login. Mau atur ulang sandi tapi ribet nya minta ampun. Yang serius dong !"
1,"Sistem CACAT, maksa banget bikin apk begini setengah"", Yang sulit malah makin sulit KOCAK"
1,Input Nama wilayah nya dibikin susah buat nyari
1,"Apk bobrok gk ada fungsi nya,apk itu untuk mempermudah bukan mempersulit tks"
1,"Sistem buruk, login sulit, gagal terus. Payah"
2,"NEGARA INSTANSI NYA GK BERMUTU. UDAH NARIK IURAN,UPETI,PAJAK... INI PELAYANAN NYA GK LENGKAP. HADUH"
1,G bisa daftar kocak bnget aplikasi jelas g niat bikin aplikasi nya kocak kocak
1,"Salah satu aplikasi dari pemerintah yang sampah, sangat mepersulit....dana terus aja di korupsi buat aplikasi masyarat juga"
1,Di coba berkali2 untuk permohonan efin gagal terus
1,Ga bisa discrol... Hadeh... Aplikasi gurem. Buat pajak lo ini...
1,"Susah log in , pdhal email sandi udah tercatat & benar .."
1,"Kalau tidak bisa bikin apk pajak, lebih baik tidak usah bikin apk pajak. Saya tekan bikin akun gk bisa, login akun NPWP saya malah gk terdaftar/password salah, saya tekan lupa password pun gk bisa dipencet. Banyak banget kekurangan dari apk ini. Padahal hp saya bagus lho~ ram 8gb rom 256gb tapi buat mengoperasikan apk pajak ini gk bisa sama sekali sumpah."
1,Kenapa pendaftaran isi formulir ini susah banget ribet. dari semalam Pribadi Nama Email Kata sandi. No hp Otp Pertanyaan pribadi Captcha ( berulang-ulang gak selesai2 ) Pulsa Habis disedot wkwk Nyari2 di sosmed Banyak banget Callo 😆😂 Massa di aplikasi resmi nya rakyat mau di peras juga Tolong dipermudah lagi trimakasih
1,"Jujur saya sangat kecewa , krn apa. Terlalu banyak. Permintaan dan aturan login , haruspake kode efin lah , apalah . Dulu gak Seperti ini Gini kalo terlalu banyak aturan jadinya gak efisien, di. Minta melalui live chat , ada alasan gak tersambung dengan jaringan , Yang ada lah username tidak sesuai jelas2 itu sudah kita masukkan akun sewaktu mendaftar, adalah no npwp tidak terdaftar tapi sudah ada npwp, Gak jelas😡😡😡😡😡😡😡😡😡😡😡😡"
1,susah dan ribet
1,"""Tidak bisa melanjutkan validasi data"" Saya kira tujuan adanya aplikasi sbg mempermudah registrasi, ternyata semakin mempersulit kondisi. Payah sekali huuuhhhh....."
1,aplikasi sampah
1,Onle malah gagal
1,Aplikasi sampah .... Udah isi data sesuai untuk mendapatkan efin malah di tolak
5,Mantap
5,Susah banget minta efin
1,"Saya mau cek efin kg bisa# ya, gagal trs"
1,Verifikasi gagal terus
1,Terlalu ribet daftarnya dan suka bug saat daftar udh gitu email-nya malah nyangkut terdaftar parah bener
1,"Aplikasi jebol, memalukan pemerintah bobrok, kebanyakan korupsi, kebanyakam utang sampe bengkak, harga2 semuanya jadi pada mahal 10 kali naikim harga bbm, rupiah melemah, segala2nya impor, pupuk dll sulit, najis. amit2.. sue."
1,SUMPAH GA GUNA BGT.
1,"Aplikasi eror, tidak bisa d buka"
3,"Sangat membantu,cukup dari rumah sudah selesai. Cuma saat registrasi tetep harus dipandu google"
5,Baru bikin NPWP Password anda salah Sabar aku kak Harus pake Kode EFIN mau ganti password ^_^ kode EFIN Dateng ke kantor yah ?:) Hehe
1,Fitur lupa efin gak berfungsi cuma pajangan doang.
1,Pelayanannya sangat lambat juga ribet seharusnya pendaftaran npwp maupun pengaktifan NPWP tidak harus ribet sepeti ini
1,Ngak fungsi lupa password ga bisa. Sekelas djp aplikasinya giniamat
1,Bisa ga di aplikasi penting kaya gini tuh di urusin?
2,"Harusnya bisa bayar pajak langsung di sini, gak perlu bolak balik ke kantor pos/bank"
1,"Aplikaai apaan ini. Percumah di adakan aplikasi kalau ndaftar mesti datang ke kantor mbuang""- biaya dan waktu. Aplikasi begini pret lahh"
1,Hari ini gak bisa ke buka tiba-tiba keluar sendiri kaya ada error atau bug
1,"Saya baru mendaftarkan npwp online dan sudah jadi ketika saya mau login pada akun npwp saya sudah memasukkan Nomer NPWP NIK dan juga password dengan benar sama sekali tidak bisa sudah coba berulang kali tetap saja gabisa masuk, tolong dong dibenerin sistemnya agar dipermudah yang utama itu setelah terdaftar dan terverifikasi ketika sy mau login ke akun saya malah gabisa dengan keterangan (username dan password salah) dan akun terblokir mksdnya gimana? sy cek npwp sy ada tapi kok login aja gbsa"
1,Persulit aja semua ancur ancur dah makin males gua ngurusinnya
4,Semoga bisa
1,Mau bayar pajak untuk negara kok susah kali
1,Mau update data ke nik.. dipilihan lupa efin nunggu verifikasi nulis 10x gagal terus.. mau bayar pajak aja ribet banget ya.. kalo nggak bayar pajak kita yang disalahin
1,Pokok nya aplikasi yang berhubungan milik PEMERINTAH gak ada yang BENAR BENAR MEMPERMUDAH. saya bukan orang GAPTEK klo soal LOGIN malah gak bisa MASUK dan TERBLOKIR. saya lakukan berbagai cara dgn mengisi ulang data yg di MINTA malah Bla Bla Bla Bla... Saya bukan menjelekkan PEMERINTAH malah saya BANGGA menjadi WNI. Tp klo aplikasi milik pemerintah KEBANYAKAN SAMPAH mempersulit MASYARAKAT nya. Masyarakat sdh TAAT tp aplikasi nya MEMPERBURUK keadaan.
1,Untuk daftar npwp aja syulit
1,Buruk
5,Terima kasih M-Pajak
1,"Sekedar masukan aja untuk developernya tolong diperbaiki masa login lewat aplikasi kata sandi nya salah terus sedangkan lewat web bisa,terpaksa di uninstal dulu"
1,"SEMUA PRODUK APLIKASI DALAM NEGERI AMPASS. GITU NYURUH ANAK BANGSA BUAT APLIKASI MANDIRI? KALIAN YANG DI BIAYAIN NEGARA AJA KERJA GA BECUS 3 KALI DAFTAR VERIFIKASI GAGAL. DATA SUDAH SESUAI KTP, APK RUSAKKK"
5,Ok
1,Buruk sekali
1,"Jaman digital bro,pake fitur lupa EFIN dah sesuai semua,malah gagal gagal terus ga jelas emang lah"
1,"Maunya apa sih lu.? Instansi sekelas pemerintah negara tapi abal , maknya jangan banyak"" Korupsi ribet banget ngurus gini doang"
1,mana SMS verifikasi nunggu lama lama
1,Aplikasi pemerintah meresahkan semua tapi gaji yang buat di luar nurul
5,Akibat banyak koruptor ...mau memberi uang aja sulit...nasib2 NKRI
1,"Ini aplikasi pemerintah tapi kok tidak berjalan dengan baik ya. Tidak memudahkan sama sekali. Mau daftar pakai email aja, email nya huruf kecil semua dia formatnya huruf besar semua. Hahahaha. Gimana ini dong, ngisinya? Verifikasi emailnya ga masuk-masuk ini"
5,Top
5,Ok jga untuk mengurangi penyimpangan pjak
3,"Ampuuuuuun dah, web dan apk sama aja email riset pin. sampai ulasan ini aku buat udah 10 x permohonan riset pin namun email riset pin gak kunjung di kirim. Kerja bagus untuk petugas dan system djb,.salut saya😘😘😘😘😘🤩🤩🤩🤩🤭🤭🤭🫢🫢"
1,Cuma blank putih saja. Ngabisin kuota sia sia
1,"Buruk banget, Baru bikin akun npwp otp susah, udh bisa bikin npwp ga bisa masuk akunnya, Password salah lah, d reset bbrpa kali tetep gabisa, d cek npwpnya tidak terdaftar, ga ngerti sistemnya gmna, ganiat bikin online ini sih mempersulit bukan mempermudah"
1,"GAJELASS GAPCHA NYAAA,salahh muluuuuu perbarui lah APK bknny mempermudah malah mempersulit!!!"
5,sangat membantu dan mudah digunakan 🙏
1,Data udah bener tapi gagal di input
1,"tidak menyediakan fitur nomor tidak aktif dikarenakan sudah tidak aktif dan gada fitur live chat cs, malah hrus nelpon telpon kantor🤦🏻‍♂️"
5,"Penting,,,"
1,Aplikasi abal² alamat udah sesuai sm KTP.tp verifikasi gagal terus.nanan ah ngapain juga ganti no npwp ke nik.klo sistem ga bagus....
1,Aplikasi parah
1,Mau daftar NPWP kok susah banget OTP nya gak datang-datang padahal udah di coba berkali-kali
1,"Nyesal Download, auto unistal"
1,"Gimana klo lupa efin trus nomer nya udah gak aktif lagi, sumpah hiduo dinindonesia sulit banget tiap tahun gak bisa lapor pajak jadinya di kenain denda muku tiap tahunya padahal disini lagi nganggur"
1,Sangat mempersulit
1,"Sungguh tidak berpungsi,,"
1,Proses daftar lama
1,"Susah skli Dftar smpai k lngkah 2, rquest OTP ggal2 trus Pdhal krtu sim aktiv, jg ad plsa, pkai krtu tlkomsel jg, urus d kkp trdkat gk bisa bntu hrus ssuai wilyah KTP msak cman urus kita byar pjak msih d prsulit"
1,Aplikasi ndak ada gunanya
1,Terlalu ribet
1,"Bayar pajak mahal, aplikasinya ampas, ngisi capta g kelar"" d korupsi tros blok"
1,App ngak berguna....no npwp bener pswd bener ttp g bisa masuk.....klo g biaa bikin app gausah bikin sekalian
1,Mau login aja susah..login di web bisa..
1,Error terus kenapa ya
1,Memang bikin susah aplikasi pemerintah
5,Tehnik mesin
1,Susah bgt minta efin . Data udh bener sampe diUlang2 . Lebih teliti udh bener ttp Gagal . Aplikasi Ga membantu 🥲
5,Sangat mbantu
5,Good joob m-pajak sangat memudahkan dalam transaksi pajak secara online dan daring.
5,Tertib pajak
2,"Mau bayar pajak aja, aplikasi nya tidak ramah user Mau di bayar apa enggak nih ... Mau taat bayar pajak tapi belibet aplikasi nya Kita ni mau bayar lho, bukan mau minta"
1,susah masuk aplikasi nya loading terus gak ada muncul apa apa pisan parah 🤦‍♂️
5,padahal mudah digunakan login lancar dari sekian komen hanya mencela...benar sih kata org2 SDM kita masih rendah
1,Kau makan uang haram aja kerjaannya wkwkw. Ayo beli rubicon lg ngab biar indonesia ini makmur damai sejahtera
1,Website sama aplikasi sama aja nggak ada yg beres . . Mau login aja susah amat dibilang npwp sama password salah mulu . . Mau minta Efin ehh malah dikirimnya ke yopmail padahal semua juga pakainya gmail . . Lagian mana ada yg pakai email yopmail . . Hadeehh makanya duit rakyat dipakai yg bener donk diilangin tuh yg korup2 biar bisa bikin akses online yg memudahkan buat rakyat
1,"Lebih mudah daftar ML. Miris banget di web error, di apk error, sinyal padahal bagus, tapi selalu error."
1,"Aplikasi gajebo, lupa password, buat baru, lupa efin ga bisa diklik, Ama duitnya cpt banget perbaiki dl aplikasinya ,"
5,like
5,mantapp
1,"Kena denda gara2 lelet, bales wa sueee"
1,Ribet banget dongok mending ga usah bayar pajak gw
5,Sangat membantu
1,Eror an
3,3 dlu
5,Mantaap
5,Goood
5,Mantap x pun
1,"Aplikasi g berguna,lupa efin udah di isi semua sesuai dengan permintaan begitu di submit verifikasi gagal."
2,Efin katanya sudah dikirim ke email terdaftar tapi cek email gak ada. Bagaimana ini?
1,Ga membantu sama sekali
1,"Orang mau bayar pajak yg notabene penghasilan negara aja dipersulit, KASIH SOLUSI DONG BUAT ORG YG PROVIDERNYA 3, AXIS DAN SMARTFREN !!! JANGAN DISURUH GANTI NOMER LAIN, ITU NOMER UDH BERTAHUN2 DIPAKE MASA SURUH GANTI. LANGSUNG KE KANTOR PELAYANAN NYA PUN GK ADA SOLUSI. GAK USH DI BAYAR SEKALIAN KLO KAYAK GINI PELAYANAN NYA !!!"
1,"Aplikasi dancok, aplikasi ae sibuk , Aplikasi pemerintah kok koyo siput"
1,"Yaampun gabisa login dong, padahal di websitenya bisa login loh...perbaiki dong!!!"
1,"Fitur aplikasi gk bisa di klik, kek org bodoh nih yg buat"
2,"Udah seneng bisa buat e-billing dgn cepet sewaktu-waktu, tapi aplikasinya error, klik jenis pajak dll gak muncul pilihannya, ngadat. Sungguh mengecewakan, mau pakai aplikasi lain ada biaya admin pula"
1,Bagaimna Sih Ini aplikasi 1500200 untuk tanya solusi mau terhubung dengan Call Center malah cukup potong pulsa langsung dikasih mati...kalian niat kerja tidak.. kita minta bantuan ko susa sekali
5,Good aplikation
1,Menurut saya aplikasi pajak ini di ganti saja judulnya menjadi aplikasi mempersulit masyarakat . Miris padahal di kelola negara bikin susah rakyat aja lupa efin pun seperti mau mati
1,Good job buat djp!
1,Gua sampe 4 x bikin aku google tetap tidak bisa ya segala reques otp nya ngk ada masuk pesan nya trus pas kita mau bikin lagi pakai aku yg lain no hp nya ngk bisa lagi hadeh di aplikasi bukan nya mempermudah jadi memper sulit apalagi pas jaringan nya buruk
1,Lupa sandi GK bisa Daftar baru GK bisa Nyuci piring bisa kau?🤬😡
1,Aplikasi error terus
1,INTINYA KITA DIPERSULIT UNTUK AKSESNYA DAN LAMA2 GABISA MANTAU TAU2 PAJAKNYA MEMBENGKAK 🤣
1,🤮
1,"Uangnya di korupsi mulu... Noh betulin aplikasinya dan di webnya,.. masuk aja sulit lelet minta ampun niat bikin aplikasi kagak haa"
1,Susah kali sih buat NPWP gua habis 15k pulsa kebuat akun aja belum
1,Sulit untuk masuk katanya nik ktp sulit ditemukan
5,Baik
2,"Masukkannya kalau bisa untuk pelaporan SPT bisa melalui aplikasi ini juga ya, ditunggu updatenya Terimakasih"
1,Velidasi data susah bnr ampun dh dr mlm sampe pagi cuma ngisi data aja ga bisa bisa
1,"Uang pajak rakyat yang banyak itu kemana aja? Seharusnya uang pajak rakyat itu sisihin juga buat memperbaiki aplikasi ini coy, bukan buat masuk kantong pribadi kalian. Sekelas pemerintahan pajak yakali aplikasinya busuk kek gini! Aplikasi busuk"
5,Terima kasih !!
1,Yang membuat aplikasi ini pasti orang LOL TO mau ganti kata sandi nungguin email 10 kali nggak ada masuk
1,Aplikasi tidak berguna
1,"seharusnya di aplikasi pajak ini bisa sekalian lapor SPT,tapi gak bisa harus ke web djponline.go.id.jadi aplikasi ini gak bermanfaat utk semua ttg pajak.seharusnya di aplikasi ini semua bisa."
1,Mau masuk saja sudah di persulit apl apaan ini
1,Kenapa ya setiap aplikasi tentang instansi pemerintah pasti bobrok gak bergunaa
4,Membantu
4,Mmbntu
2,"Lupa efin, suruh ngisi data. Sudah ngisi data malah dan tetep gak bisa alhasil ujung ujungnya suruh ke kantor pajak terdekat.... Hemmm"
1,"Pusing banget ingin bikin NPWP juga,"
1,Error mulu
1,Tolol
1,Kenapa tidak bisa masuk apk ..padahal baru mau daftar efin
1,G niat buat aplikasi
5,"Cara lihat Spt th 2021+2022 untuk diprint gimana caranya di amplikasi apa ,apa bisa minta kantor pajak untuk ngirim ke email saya"
1,PARAH BUKAN NYA DI PERBAIKI MALAH NAMBAH BURUK
1,Aplikasi gak guna tu yang kerja IQ nya nol.aplikasi gak mutu sering eror mulu
5,ok
1,"aplikasi gajelas. dipikir nya kita2 ni punya byk waktu buat mampir ke kantor pajak ? online tujuannya biar enak, eh aplikasi nya jelek. kalo ga lapor, dikenakan denda ?! salahin lah aplikasi kalian knp jelek. huh. kalo pake link internet biasa, haduuh ribet dan ga mudeng. pdhl enak bgt kalo log in pake effin dan no npwp gtu lhooo, ga repot. lagian nomor npwp kan pasti setiap org beda ya ?"
1,"GK bisa masuk ke aplikasi,,unexpected error occurred ,trus restar2 terus"
1,"Ribet, lebih mudah registrasi situs bokep dripada lapor pajak."
1,Busuk percuma buat aplikasi tidak bisa menyelesaikan masalah
1,Buat billing gak bisa
1,"Aplikasi nya kaya di kelola anak smk , cape2 ngisi lupa efin, lgsg error wkwkk gak niat bikin applikasi"
1,Aplikasi bugnya membagongkan... selalu gagal pas udah ngumpul dokumen untuk EFIN selalu gagal
3,Lumayan 👍
1,"Emang bener di komentar kalau aplikasi ini mempersulit, pas saya coba emang mempersulit, data sudah lengkap, punya negara kok gini sistem nya, kemana uang kami bukan nya bekerja dengan benar malah asal asalan"
1,"Kalau fitur belum bisa dipakai lebih baik dihapus, katanya bisa minta kode effin tapi sudah coba berkali kali tidak bisa."
1,"Mau daftar npwp sulit, web dan aplikasi sama sama gak jelas, ""data gagal di simpan, eror constrait database, silakan hubungin adminisiator.... Tidak ada penjelasan kesalah dimana. Hubungin CS isi bot gak dan berbayar pulsa tidak menyelesaikan masalah."
1,Biasanya lancar skrg malah gak bisa dipake.
1,"efin aja harus ke kantor,..thn 2023 masih kaku aja..."
1,"Sangat miris ya, app penting dan dikelola pemerintah bisa error dan gak fungsi, mau daftar tidak bisa, lupa password tidak bisa, lupa efin pun tidak bisa di registrasi/perbaharui!"
1,"Begitu masuk akun langsung eror tdk bisa dibuka, aneh ya masa tidak bisa buat aplikasi yg bagus? Dengan dana yg besar seharusnya mudah. Apa perlu di outsourcing ke swasta saja?"
1,"Maunya download ini untuk ganti kata sandi,taunya ribettt amat,gagal terossssss..tolong dong kita juga mau lho lapor SPT,tapi dipersulit seperti ini kan jadinya males ya"
1,"Udah disuruh bayar pajak, disuruh ngurus administrasi sendiri, masih sistemnya ribet e polll. Ampun dah"
3,"Untuk kelebihannya itu ialah 1. Memudahkan masyarakat dalam membayar pajak 2. Masyarakat dapat menghemat waktu dan biaya tranfortasi 3. Aplikasi ini dapat memberitahu kepada pengguna tentang tanggal tempo pembayaran pajak. Untuk kekurangannya ialah 1. Aplikasi ini rentan terhadap masalah kegagalan sistem, mengganggu pengguna dalam proses pembayaran pajak. 2. Keterbatasan dalam hal fitur 3. Keterbatasan dalam mengakses aplikasi m-pajak"
1,sampah tidak bisa di gunakan
1,Habis dipake korupsi
1,"Cara dapatkan no efin susah, untuk identitas sudah benar"
1,"Lupa efiin,dmnt memasukan data dngan lengkap,stlah ngisi dengan lengkap sesuai KTP Tp verifikasi data gagal melulu"
1,"Masuk saja susah banget, sampe 3 kali ga bisa, app belum beres jangan dilaunching dong, langsung uninstall"
1,Sistemnya sangat buruk
1,"Susah banget daftar npwp doang, axis kgk bisa di buat otp lg, trus mslh otp kgk masuk² sumpah suaah bner mo bikin npwp doang"
1,Kenyang ya kalian
1,"bukannya semakin terbantu malah nyusahin, sekelas negara bikin apk kurang baik. Ini no sama passnya udh bener gaa bisa login"
1,"Gw daftar npwp lewat situs web, tapi pas mau bikin, malah dipersulit, karena harus pake pekerjaanlah, usaha lah, dan tektek bengek! Kalo dipersulir gini, gimana mau bikinnya lah bgg"
1,"Jujur saja saya download aplikasi ini cuma ingin ngasih keluhan, bahwa bikin NPWP online sangat lah menyulitkan saya sudh seminggu ttp tidak bisa masih mentok di dashboard, bukan nya di permudah tapi di persulit dengan sistemnya yang ga jelas, pulsa saya habis 5000 buat validasi OTP tapi tetap tidak bisa, tolonglah gunakan uang pajak kami semua buat perbaiki sistem kalian yang ga jelas itu."
1,Payah validasi OTP aja gk bisa bisa ... Udah seharian nyoba tetep aja gagal ...
2,"Setiap login sllu yg muncul ""data gagal atau belum terdaftar"" pdhl kalo cek NPWP sllu valid status nya, dan sudah aktif, NPWP jg sudah kluar brti kan uda valid data2 nya sewktu daftar,, bingung saya gmn cara nya mau login aja gak bisa²... solusi nya apa nih?? Buat aplikasi doang gak ada solusi nya nih"
1,"Konyol, di website error data server tidak bisa save, disini masuk harus pake npwp, aneh. Makanya yang korup2 dikurangin, masa website ga beres semua"
1,Aplikkasi bapuk
1,"Ni siapa si yg bikin app jelek amad, baru download malah gabisa di buka."
1,baru nyoba dibuka aplikasi Error
1,"Aplilasi tidak berguna di android 7.0 ke bawah, hanya bikin sampah."
1,"Aplikasi selalu error, niat engga sih buat Aplikasi??"
1,Gak bisa di buka aplikasinya Critical Error Occured !!! Apaaaanini
1,"Bagaiamana perasaanmu jika uang pajak yg kita bayarkan di korupsi & di hambur2kan oleh oknum pejabat & wakil rakyat yg kau pilih, & selalu terulang. Dan disaat yg sama banyak rakyatnya yg hidup dibawah garis kemiskinan. Sungguh tragis !!!"
1,Aplikasi ga berguna
1,"Aplikasi pemerintah kayak gini? Korupsinya aja banyak tapi buat app gak becus, namanya mobile app harusnya praktis bukan ribet, sekarang g bisa diakses pula,,, parah"
1,"Gak bisa di pake kebanyakan di korupsi duitnya . Selamat datang di aplikasi sarang tikus, menyediakan tikus berdasi dengan slogan "" orang baik bayar pajak """
5,Josssssss
1,Ora jls
1,Aplikasi tidak bisa di buka eror
1,Nyampah doang gak bisa di buka
1,fatal error JS function. malu malu woy
5,Baik
1,Korupsi mulu si sistemnya jdnya lemot
1,"Sekelas kementerian aplikasi sama situs nya payah mau daftar bayar pajak buat negara aja susah nya minta ampun, padahal anggaran buat beginian gede, kalah sama situs judi bikin akun nya detikan jadi"
1,Ribet mesti isi nomer efin
1,"Sistem burukkk sekali, daftar pulsa kepotong ga bisa registrasi tahap 2"
5,Bagus
1,1 bintang aja
1,"Sudah sesuai npwp sesuai ktp tetap di coba berapa kali pun sama, VERIFIKASI GAGAL. SISTEM YANG ANEH"
1,"Nih orang pegawai pajak. Orangnya laknat semua gajih sm tunjangan nya gede2. Tp apk nya bobrok. Sya mau bikin npwp bukan mau korupsi,ribet nya minta ampun."
4,Ok
1,"Kocak langkah 2 pendaftaran tidak bisa, developer pemerintah gini yaa"
1,Nggk bisa kebuka.. payah...
1,Aplikasi yg sangat jelek
1,Tolong pegawai pajak untuk memperbaiki sistem aplikasi maupun administrasinya agar lebih efisien. Kalau sudah diperbaiki & jadi lebih baik saya bintang 5.
1,"Tampilan elit, ngurus apa-apa syulit"
1,Kenapa capcha nya salah mulu
1,"Kenapa ini?? Mau login aja gabisa :( terus ajaaaa username pasword salah!! Pdhl udh ada email kl npwp udh jadi, username otomatis keubah sndiri tp pas kupake malah gabisa :(((((( gmn cara bayar pajaknya dong"
2,ga di website ga di apk nya sama sama aneh.
1,Aplikasi tolol gagal mulu dongo. Pemerintah korup mulu idopt
1,Apk paling buruk yang pernah aku temui
5,Ok
1,"Aplikasi sampah, daftar sulit. Sebenernya yg bikin ini mau kaya apa tidak, klo mau kaya tolong dipermudah ."
4,rumit
1,Erroran
1,Susah bgt deh pokok nya
5,Luar biasa
1,"kocak, aplikasi buat pajak crash force close. pajak masyarakat gunakan lah buat perbaikan penyempurnaan pelayanan masyarakat. kita masyarakat wajib bayar pajak, tapi aplikasi nya begini??? ga bisa dipake."
5,Mantap cuman belum lengkap
5,Mantap
2,Kurang praktis
1,"A. Pengambilan EFIN harus datang sendiri ke KPP asal. 1. Apa dikiranya semua KPP itu mudah dijangkau, terutama bagi rakyat pedalaman dengan kondisi jalanan hancur, yang KPP terdekatnya berada di ibukota kabupaten lain? Contoh: Rakyat kabupaten Landak, Kalbar, harus ke KPP Sanggau. 2. Apa dikiranya semua orang punya waktu untuk datang sendiri ke KPP asal? Contoh: Warga Kulonprogo, DIY, pindah domisili jadi warga Kab. Bandung, Jabar, dan belum ada waktu pulkam bertahun-tahun. B. Kerja 2x"
1,Masuk akun tidak bisa
1,"Aplikasi rusak,nyusahin aja"
5,Sangat bermanfaat
1,APLIKASI CACAT.... BUKAN MEMPERMUDAH MALAH MEMPERSULIT....GK ADA GUNANYA DI DOWNLOAD.... EROR TERUS
5,ok
5,Best
1,Tolong di perbaiki saya mau minta efin gagal terus padahal jaringan lancar dan data juga udah bener
1,Bener² ga jelas sistemnya
4,Mantap
5,Sangat memuaskan
1,"Gak usah d instal, apikasi merepotkan pengguna, terlalu banyak isian, sistem pencarian yg payah, pokokx aplikasi yg menyebalkan, bikin esmosi jiwa🤣🤣🤣🤣😄😄😄"
2,Saya sudah daftar tapi ketika validasi formulir nik & KK keterangan bahwa sudah terdaftar gimana solusinya
1,Aplikasi terbodoh yg ada di indonesia
5,"Min mau tanya cara tahu nomor efin gmn,? klupaan"
1,"Gak berguna, data nik diambil, tp verif gagal"
1,Gajelas ga bisa klik daftar
1,"Sistem dibuat bukannya untuk mempermudah bukan?, ini apa? Kita untuk daftar npwp harur klik satu persatu yang berjumlah 83.762 entry untuk mencari nama desa kecmatan dan kabupaten, seharus nya kalian itu kan manusia² yang berakal, buatlah sarana yang mempermudah lagi, bukan mempersulit."
1,"Aplikasinya konyol, bayar pajak dipersulit tapi dipaksa bayar,,, JANGAN DIKORUP TERUS LAH WAHAI PEJABAT"
3,Semoga bisa ditambahkan fitur e-SPT PPh 23. Agar ga pindah pindah aplikasi. Satu aplikasi untuk akses semuanya.
5,Sulit banget daftar NPWP online di DJP online
1,"login daftar dulu, utk daftar harus registrasi dlu, msukan no npwp dan efin.. nah efin nya mesti ke KPP. lah.. mudah sekali kan."
5,"Terima kasih! Sangat memudahkan untuk lapor pajak secara online, meskipun awalnya bingung-bingung, tapi akhirnya berhasil juga 👍 Satu dari 10 aplikasi pemerintah yang sangat membantu masyarakat sadar pajak 👍👍👍"
1,"Sandi lupa aja dipersulit tolong perbaiki lagiiiiii, pake efin efin ga muncul di Gmail terus cari dimana -_"
5,👍Top
1,Payah
1,Njelimet. Bertele tele.
1,"Aplikasi nya ribet diluar nalar, pegawai pajak korup. nagih pajak elit laporan pajak sulit"
1,Aplikasi gak bergunaaaa
5,Best
1,Mau daftar NPWP lelet sekali
1,"minta lupa efin , uda isi data semua lengkap ,foto diri juga tapi ga bisa gagal,GAK JELAS BUAT APLIKASI."
5,Mantap
1,Aplikasi yang di olah sama pemerintah ga ada yang bener. Kerjanya ga ada yang becus payahhbb
1,Gini amat dah aplikasinya
5,Sangat baik
4,", SD a ay ccxxxx by vgax"
1,kenapa verifikasi selalu gagal?
5,Alhamdulillah sangat membantu.
5,Sagat membantu
1,"Tolong dimatengin aplikasinya!! Kita anak muda yang biasa verifikasi apa-apa gampang, harus bantu orang tua buat ngisi ginian. Bisa-bisanya data baru selsai diisi, verifikasi langsung gagal. Ini yang anak muda ngisi aja emosi, kalok orang tua yang gaptek ngisi sendiri ya udah emosi sampe nangis mungkin."
1,"Perpajakan lagi guncang, spt apk nya yg baru bbrp detik dibuka langsung error"
1,Mempersulit saja
1,Ga guna
1,"PERCUMA SUSAH""PAKAI APLIKASI INI UJUNG""NYA DIALIHKAN KE GOOGLE CHROME JUGA👎"
1,ga jelas malah dipersulit
1,Semoga semua pajak masuk kas negara 😅
1,Sengaja gw kasi bintang lima supaya dilihat orang... Gini nih contoh kinerja yang dananya habis dikorupsikan
1,"Udah buat npwp.. Udah 5 tahun ini ngisi e filling, eeetahun ini mau log in gk bisa bisa, dengan sebab gak jelas. Ribet banget aplikasi ini."
1,aplikasinya kurang bagus setelah foto selfi gagal verifikasi terus
5,🤙
1,gagal terus tiap buat efin
1,kode otp pas minta efin ngga masuk dah berkali kali di coba
2,"Kode verifikasi lupa efin kok tidak masuk"" ya?"
1,Payah
5,Hendry Hartanto
1,belibet
1,"Aplikasi kacau gini.... Lupa efin udah masukin semua data yg diminta tetep aja error'. Pendapatan pajak tinggi, bikin aplikasi nihil"
1,Apk bisa di pakai sama sekali mohon bantuannya
1,"Saya lupa email dan efin tapi sulit amat buat daftarnya, mau bayar pajak aja sulitnya minta ampun berasa kaya mau minjem duit"
1,"Sangat sangat tidak profesional!, Tidak di APK, tidak di WEB sama ribetnya!. Mau login saja susahnya minta ampun!, Trus bagaimana kita mau menunaikan kewajiban kita sebagai pembayar pajak kalau sistemnya seperti ini!? Pelayanan yang sangat buruk sekali!!"
5,Belum ada pengalaman
1,App nya buruk sekali sama kayak si tersangka M
4,bbaik
5,Sangat membantu sayang loadingnya lama
1,Keseringan errornya
1,LEMBAGA TOLLLOL
5,Sangat bsik
1,Aplikasi ga jelas verfikasi Gagal mulu sdh sesuai data untuk me ajukan Lupa EFIN😴
1,"Parah aplikasi ga ada fungsinya, lupa efin data kita salah bolak balik gitu mau laporan pajak gmn kalau begini terus"
1,Rubicon nya mana nih??
5,Bagus banget
4,Puyeeng kalau permula
5,Ok
1,"mengajukan EFIN sulit ketika sudah mencapai tahap kirim kode verifikasi, karena dari SMS hingga saat ini tidak masuk"
3,"Ayolah dibikin biar gak logout mulu, setiap bulan mo bayar mesti login dulu"
5,Semoga membantu nice.
1,"Apk nya ga guna,. Ga bisa di pake, minta efin aja gagal terus,."
1,"Kemarin belum update benerin efin, dikirim lewat sms, ga di kirim. Sekarang update galal verifikasi terus. Dana begitu banyak ngurusin aplikasi ga becus."
1,Aplikasi Bangke !!!
1,"Siapa yg bikin aplikasi ini, buruk banget"
1,Data sudah Benar.. tp tidak bs diproses.
1,"Setiap klik profil aplikasi langsung eror diminta restart, agar dapat diperbaiki"
1,Busuk busuk Kok ada aplkasi kek gini?anggarannya kebanyakan di....
1,Kenapa masuk catatan langsung error ya?
1,sangat buruk. aplikasi lemot dan error. bahkan untuk verifikasi pun sering gagal. sekelas layanan pemerintah tapi aplikasi noob. giliran korupsi uang rakyat cepet
1,Aplikasi aneh
1,"Sistem sangat buruk, seharusnya sistem itu mempermudah.. bukan mempersulit.. untuk validasi data cukup menggunakan NPWP dan NIK saja, tidak perlu mengisi banyak Data.. Data diri kitakan sudah terdaftar diDatabasenya DJP.... Untuk Team Developmentnya, diperbaiki lgi sistemnya.. agar lebih mudah digunakan"
3,"Tolong perbaiki lagi, gagal membuka aplikasi"
5,Gak bisa di buka
5,Keren
1,"Aplikasi BUMN gini amat ya, kebanyakan di korupsi ni anggaran Buat aplikasi, Verifikasi gagal mulu, gk jelas Bego parah."
5,ok
5,Pelayanan WP semakin transparan 👍
5,ok
1,Update bukan baik malah jelek bugs dimna2
1,"Tolong instansi terkait, buat apk tu yg memadailah, pajak bayar terus, apk yg memudahkan warganya saja kayak gini. Ini saya mau melaporkan pajak pribadi saya tidak bisa. Tidak dilaporkan nantik didenda. Tolong dinote ya kritik dan sarannya. Bukan mempermudah malah mempersulit."
1,Mungkin pas bikin aplikasi tambahan menu effin terkendala karena pimpinan pajak nya kena proses oleh polri yaaa. Soal nya gagal terus udah ngisi pulsa kirain kaya apk bank yg pake pulsa...
1,Ribet dan sering error
5,Mantap
1,"Apk sampah,pengen duitnya doang.tapi apk ngebug ...."
1,Mau riset kata sandi aja susah. Aplikasi negara indonesia kan ini ya?
1,Verifikasi selalu gagal padahal data sudah diisi dengan benar Mohon ditingkatkan untuk fungsionalitas app nya
5,Oke
5,Sippp
5,Sangat membantu dan ok...aplikasinya..
1,Gak sinkron saat narik nik pas lupa efin
1,Seharusnya kalau gagal itu dikasih keterangan penyebab gagalnya.
5,Semoga membantu
1,Lupa efin aja error terus aneh padahal data sudah sesuai dan di cek berulang kali masih belum bisa diproses. Di cek lg dan perbaikan lg bag dan erorr server atau service API
5,Sangat bagus
5,Bagus
1,"Tolong di perbaiki, saya mau bikin efin, namun ketika tahap input kode otp, saya tidak menerima kode otp nya dari sms ataupun wa."
1,Aplikasi bangsatt
1,Aplikasi ini apakah khusus untuk menjawab verifikasi gagal ??????? Puluhan kali coba gx berguna
1,Gimana cara lapornya!!!!
2,"Coba buat aplikasi yang mudah agar pengguna nyaman, untuk buat laporannya enggak bisa 😇😇😇"
1,"Mau lapor pajak aja ribet minta ampun, kring pajak di telp sibuk satu harian ga bisa di hubungi, pas pengisian data gagal terus, padahal anggaran besar"
1,"utk fitur lupa efin verifikasi gagal terus. Payah, aplikasi buruk"
1,"Login di aplikasi dan di website susah, padahal sebelumnya gampang laporan pun tinggal kirim tapi menunggu kodenya lama giliran di cek lagi harus login kembali tapi ketika login ada notif kata sandi salah terus yang sebelumnya kenapa bisa??? Ketika di coba lagi kenapa eror mulu??? Pelayanan yang tidak memuaskan"
1,Ga guna
1,"buka aplikasi aja susah,mental mulu.. ini aplikasi pemerintah woooy anggaran selangit."
1,minta efin ajah ribet banget..kode verifikasi kaga dapet dapet sms nya
1,aplikasi parah gak guna.
1,selalu gagal verifikasi efin
1,"Lupa efin, masa kirim no verifikasi aja pake no tlp. No tlp kan sudah berubah. Mau lapor pajak aja ribet amaaaattttt. Bener"" deh"
1,"Ini yg makan duit proyek aplikasinya siapa nih, mending perbaiki servernya dulu. Jangan mempersulit diri dengan fitur2 kurang penting"
1,App gk jelas ...sampah
1,"Verifikasi gagal, dimana gagalnya ga dijelasin, ga jelas"
1,Busuuuuk
1,Saya mrngunakan aplikasi lupa efin tapi setelah upload foto malah gagal2 terus
1,Gagal terus minta efin.
1,"Beberapa kali verifikasi Efin Gagal terus, aplikasi ga guna.. Mau jadi warga yg baik aja dipersulit.. Live chat nya juga sama selalu sedang sibuk.. Ujung² nya harus datang langsung ke kantor.. Payah!!!!"
1,Aplikasi penipu
1,Apk nya ribet. Apk yg gak guna
1,"Aplikasi apaan gajelas gabisa konfirmasi kode EFIN lamaaaaa ga masuk2, sengaja kah? Biar pada kena denda"
1,Kok gak ada menu robicon?
1,"Mau lapor aja susah eror mulu, aneh memang pajak di negri wakanda"
5,👍🏼
1,GAGAL MULU
1,"Aplikasi sampah, gagal terus"
1,Jangan kan ngisi data. Aplikasi nya saja tidak bisa di buka
1,"Aplikasi murahan ini , Mw regis Efin aja gak bisa2 !!! Uang pajak di pakai buat benarin ni aplikasi !!!"
2,Fasilitas Lupa Efin gagal terus
5,Memuaskann
1,Kakehan gaya pake online..APP baru setengah jadi udh d up ke playstore..wkwk
1,"App ga guna, dibuka g bisa, pas tanya ke pegawai pajaknya, mereka bilang pake web aja, jangan aplikasi Ya kali terus ngapain ada di playstore appnya"
1,Cuma habisin anggaran apk tidak maksimal
1,apliksi apa ini. efin aja ngurus nya susah banget .. ribet .. perpajakan tolong lebih di permudah agar yang mau bayar pajak nyaman dan cepat clear ..
1,"Msh menganut slogan kalo bisa susah ngapain di jadiin gampang. Mau minta efin nya aja susah, tp dikejar suruh lapor pajak. Kan lawak."
1,VERIFIKASI GAGAL TERUS
1,Sumpah ini aplikasi kayaknya belum siap saya pusing 100x dari kayak punya utang di rentenir hufff tolong di permudah
1,Password sudah benar tidak bisa login.... Apk. Gagal
1,"Mana kasih solusi EFIN tapi ga bener, kocak negeri wakanda"
1,"apk ibab, gak guna"
1,Selalu gagal. Yang begini ini gaji pada gede doang!!
1,Gaje bngt app nya ... verifikasi data lupa efin gagal mulu...klo seperti itu buat apa nih app ? Cuma ngabisin anggaran negara doang
1,gak jelas efin apaan mau masuk susah bener semua salah kayak gak niat buat aplikasi
1,"Aplikasi busuk, verifikasi efin aja gagal Mulu, jadi males deh bayar pajak. Paling-paling buat beli Rubicon!"
1,"aplikasi sudah bagus, tapi minta efin yang susah"
1,"Ga punya akun efin pas lupa efin, malah gagal verifikasi"
1,Nomor NPWP dan password sudah benar tapi pas login malah gak bisa keterangan NPWP atau password salah hadeh...apa ini akibat sering makan uang haram jadi aplikasinya gak guna
5,Cocok untuk kemajuan
1,kodenya manaaaaaaaa
1,"mungkin yang buat masih newbie kali ya,saya udah coba 7x selalu gagal"
1,Kaga ada kode Verifikasi via e-mail ampe detik ini
1,Aplikasi ini sangat buruk Minta kode efin verifikasi gagal terus Mana tlf di no pengaduan sibuk trus Pejabat nya banyak yg berkasus
1,Aplikasix sangt jelek tra berfungsi ....
1,"Telpon sibuk, live chat diarahkan kesini, dari sini g bisa verifikasi"
1,Apk ga guna
5,Oke Mantap
1,Fitur untuk laporan SPT nya kok gak ada ya?
1,sangat tidak membantu eror terus
5,Baik
1,Aplikasinya Ga Membantu
1,Foto waktu verifikasi karena lupa EFIN kok gelap terus. Sudah dicoba berulang kali. Piye iki bro
1,"Masa mau lapor masalah lewat aplikasi juga harus pakai pulsa sendiri, aplikasi pemerintah kurang bermutu ga bisa di pakai lapor pajak"
1,APLIKASI SANGAT BURUK DAN TIDAK MEMBANTU
2,Belum mendukung pelaporan efilling pajak
3,"Request efin sudah ada notifikasi berhasil, efin sudah dikirim ke email pas check email tidak.ada email masuk .. nnti klo sudah masuk bintang nya aku tambahim"
1,Gagal trus
5,Mantep
1,Ribet
3,"tak kira dengan adanya online, malah mudah, yg ada mumet otak rek, pusing pusing gusti 🤦‍♀️🤦‍♀️🤦‍♀️"
1,"Verifikasi Efin selalu gagal,bodo amat sma lapor pajak,bad banget"
1,"ga tau dikirim ke email yg mana kode efinnya, udh daftar udh verifikasi dan verifikasi hrs pake pulsa, sekali sedot biaya hampir Rp. 1.000. gmn sih? asal bersinggungan dgn birokrasi pemerintah pasti ga jelas..... hadehhh"
1,"Layanan pemerintah kok gini amat ya,pajak woy!!!"
1,"mau lu apa verifikasi evin gagal terus,kalo bikin aplikasi cuma buat ikut2an lainnya,tapi fungsinya ga ada,mending ga usah lah,ngabisin angaran aja 😅🤘"
3,"Saya lupa EFIN, mau dapatkan EFIN kembali, selalu verifikasi gagal"
1,"Nyesel gw download ga liat ulasannya dulu, alhasil beneran dong apk buruk"
1,Kode verifikasi untuk lupa effin ga smp² ke nomor telfon yg terdaftar. Udah berkali² isi form lupa effin nya. Kode verifikasi ga muncul²
5,Gimana ya cara verifikasi efin mohon bantuan
5,Keren banget. Langsung dapet efinnya. Pokoknya harus siap siap pulsa ya :)
1,Aplikasi ga guna banget...
1,Perbaiki situs kalian!!!! Ngurus web aja gak becus
5,Baik
1,"Tak lengkap, tidak bisa daftar spt"
1,Pengajuan EFIN selalu gagal
1,Begitu sulit dapatkan mpin
1,Masa nomor efin dikirim ke sembarang email bukan email yang didaftarkan. Ini aplikasi apaan ? Apakah ini aplikasi hoax ?
1,"Aplikasi yang sangat sangat membagongkan, sudah ratusan kali mencoba aplikasi ini tetapi selalu gagal."
1,Jelek bngt..berkali2 upload gagal mulu..cape
1,"Data udh benar dan lengkap tp selalu gagal verifikasi, pajak adalah amanah bukan bercandaan. Tolong dipermudah untuk rakyat kesulitan login dengen keperluan laporan pajak."
1,No coment cek bintang aja
1,Kita ini mau bayar pajak lho...bukan nyolong atau korupsi...kenapa aplikasimu kayak gini????....tidak membantu sama sekali...dapat trilyunan uang pajak tp bangun aplikasi yang compatible aja gak bisa!!!profesional dong!!!
5,"Mudah , sangat membantu . Pastikan sinyal kalian bagus ya gaes ."
1,Ciri2 aplikasi pemerintah itu! Biaya pembuatan MAHAL Kualitas Jelek.
1,"Aplikasi jelek, verifikasi gagal terus"
1,"Saya menggunakan fitur lupa efin dan telah memasukkan data yang sesuai, tapi saat verifikasi selalu saja gagal dengan pesan ""gagal mengambil data NIK...."" saya ingin memberikan masukkan supaya fitur reset password juga mungkin bisa dipermudah lagi kedepannya, terimakasih"
1,"Aplikasi dak jelas Sdh isi data yg benar masih aja verifikasi gagal, org dak bayar dan dak lapor di kejar kejar.. Giliran mau lapor mintak efin malas sulit."
1,"masih heran sama aplikasi yg dibuat pemerintah, padalan anggaran besar, buat aplikasi saja masih kalah jauh sama aplikasi swasta 1. verifikasi gagal, tapi gak ada notice penulisan yg salah yg mana 2. pemberitahuan dikirim lewat email, tpi gak dikirim2 sampai coba nulis ulang tetep sama 3. live chatnya di web juga gitu, udah nunggu luamaaaaaaa gak ada respon"
1,aplilasi pemerintah kok seperti ini!!
1,Aplikasi sama web sama aja susah gak
4,Buat
1,Mau bayar pajak susah sekali .. buang buang waktu malah makin ribet pake djp onlinenya.. banyak pertanyaan ini itu yg sulit dimengerti kita org biasa ..hadehhh
1,apps apaan nih
1,Sangat rumit. Apa itu efin? Kenapa masuk aplikasi harus serumit ini? Aplikasi tujuannya untuk mempermudah. Ini memperibett
5,Sangat membantu
1,Kode verifikasi tidak sampai ke perangkat saya padahal butuh untuk meminta efin. Registrasi SPT sulit. Dll
5,Ok nyaman
5,good
1,Birokrasi utk pegawai
1,"Pindah kpp juga ujung2nya di suruh ke lokasi, jdi ya siq2 kuota & waktu, tlg sediakan dana dan otak kalo buat aplikasi, jdi biar simple org byr pajak."
2,Sangat membantu
1,Jelek
1,Kenapa apps pemerintah gada yg beres ya
1,"apk tampilan bagus,tapi fitur minus,bantuan sok sibuk semua,mau lapor pajak gak ada menunya,malah lewat web lebih baik,warga taat pajak,tpi dampak taat pajak minim dirasakan,malah org pajak yg merasakan."
1,"Tolong diperhatikan lagi aplikasi nya ini milik pemerintah loh susah banget buat verifikasi efin disitu udah coba berkali kali tetap gagal. Gak tau dah aplikasi lain lancar registrasi, sinyal ok, software udah pembaruan gak tau dah apa yang susah. Ini mau daftar aja ribet arus ada efin dan daftar efin aja gagal Mulu bagaimana mau daftar."
1,Ini csnya sibuk terus knp yah?
5,Sekarang kalau lupa efin bisa lewat aplikasi ini. Mantabbb
5,Aku galtek Gagal maning
1,Tidak penting tetap masih banyak korupsi
1,"Gak berfungsi, gak bisa dipake utk ambil EFIN. Selalu gagal verifikasi, apk asal asalan."
2,Gak bisa lapor spt
5,mantap
1,"Aplikasi ngaco !!!!! Gw mau lapor spt tahunan ribet nya ampun.. lupa sandi, kudu masukin efin, lupa efin kudu pengajuan hari kerja, lewat live chat g guna, lewat aplikasi m-pajak verifikasi antara data npwp dan ktp ga bisa diverifikasi sedangkan data sudah sama semua!!!! Mau nya gimana sih!!!! Permudah bukan persulit !!! Sudah dipotong pajak tpi dipersulit dengan kewajiban tambahan ini!!!"
1,Aplikasi gak guna
3,Kasian semoga amanah lagi
1,"Tujuan penggunaan aplikasinya sih bgus yaa cuma pas d pakai tuh aslinya ribet 😂 mau minta efin aja nunggu kode verifikasinya gk masuk² udah 3x coba ttap aja gk masuk² heran kn 😬. Emang lebih mudah pas covid sih, tggl wa pelayanan kantor terdekat selesai sudah cm skrg sudah tidak ada jadi yah fix lah bkin susah harus mesti ke kantornya apalagi pas lg sbuk²nya kerja ini."
1,🤦
1,Anjir ribet bgt nih aplikasi kode efin Efin w dah ikuti tp ttp gagal
3,Coba dulu
1,"Sudah mengajukan lupa Lupa Efin, tapi gagal verifikasi. Entah dimana salahnya gk di jelaskan. Kita niat mau bayar pajak tapi di buat susah"
5,Lengkap
4,Trima kasih...bagus aplikasinya
5,Sangat ringkas & simpel. Saran juga mohon di mudahkan utk chek/rechek NPWP an. WP BADAN .....
4,Lebih cepat dan mudah
1,Mang ga ada yg lebih sulit lagi!
1,Apakah Pajak ini sama dengan Palak?
5,Kurang simpel
5,Sangat mempermudah mengakses PPH
1,Susah buat daftar gagal trs
1,Buruk parah Apps nya. Verifikasi wajah masa gagal mulu... Niat baik mau taat pajak aja di bkin ribet dasar negri konoha.. Giliran yg mau makan uang pajak aja di permudah... Haduuhh mai negri mai negri... Kusut
1,hanciik.. cek angele.. jarene ono menu efine.. mbelgedes.. angel sisan verifikasi
1,Ribet x Mau lapor pajak Ja.... Padahal pegawai pajak nya kaya2 .... Tolong di permudah lah org utk lapor pajak.
1,"Saya sudah 2x minta kode efin. Katanya sudah dikirim ke email, tapi pas di cek tidak ada."
1,Bad
1,Di Update malah ga bisa dibuka
1,Ini fitur lupa efin nya gmn dah? Kaga ngebantu..nggk bisa2 tuh...
2,Masih coba
1,Setiap kan input kode verifikasi selalu gagal. Padahal jaringan oke
2,"Lupa efin, tp saat dikirim kode verifkasi malah tidak masuk masuk kodenta di sms"
1,Aplikasi paling bodoh ini lupa password masukan efin lupa efin kirim ke nomor HP untuk verifikasi yang jadi masalah nomor HP ganti lupa bagaimana... Dibolak balik aja kamu pikir dong nomor efin itu panjang mau daftar keterangan nya sudah daftar... Bodoh nih aplikasi kasih akses yang mudah donk Lupa efin kasih pilihan melalui email atau no HP karena e-mail lebih mudah dan ga gampang hilang Jngan diputer-puter diefin pasword no HP Bodoh banget sih kamu bikin aplikasi bikin pusing
1,"Sangat buruk, produk gagal, mau bayar males kalo di korup 👎"
1,Aplikasinya gak jelas🤣 Bukannya mempermudah malah bikin makin sulit🤣🤣🤣
5,"Bisa dong kalo efin nya verifikasi lewat sms,,, kan sekarang jaman canggih masa harus datang ke kantor pajak kan belum tentu kami punya waktu kesana"
1,Mau isi spt aja susahnya minta ampun.. ruwet ruwet
5,mudahan sesuai harpana
1,Ribet
1,sandi sama no npwp udh bener masa salah gimana si!!!!
1,"Ampun deh ribetnya, mau lapor spt, mau minta efein susahnya minta ampun, harusnya bayar pajak itu dipermudah biar orang awam sekalipun tdak kesulitan mau bayar pajak, giliran telat lapor spt di denda, pelayanannya dulu di permudah..."
1,tolong tambahkan menu laporan SPT tahunan....lengkapi fitur seperti di web....
5,Mantap
1,Punya Negara kok kayak aplikasi amatiran.
1,"Maunya apa sih, masukin password aja susah, pdhal sudah sesuai aturan minimal 10 digit pake anggka pake kapital sama ...,, Bikin ribet"
1,"Aplikasi taaeeekkkk...!!! Udah jelas nomer npwp sama sandinya giliran login dibilang tidak valid, buka dibrowser juga sama Bad bad bad"
5,ok
1,Susah buat login
1,Ini aplikasi sebenernya data base singkron apa enggak dengan data diri. Dari NPWP sampai NIK dianggap salah semua hadehh.
1,Apk nya blm layak pakai
1,Sumpah kesel bgt mau masuk pasword y salah Trus padahal udh bener
1,"seharusnya aplikasi dipermudah mumpung orang mau bayar pajak, ini aplikasinya ribet, npwp password udah bener tetep gak bisa login, parahhh"
1,Apkx eror Mulu
1,Verifikasi gagal terus padahal data sudah sesuai KTP/NIK
1,"mau daftar akun aja, gk bisa di klik"
5,Aplikasi yg paling dimengerti
1,"Verifikasi gagal terus tapi ga tau apanya yang gagal dikira dukun kali bisa nebak apa yang gagal, apapun yg diurus pemerintah selalu buruk"
1,"kalo orang disuruh bayar pajak, coba tolong aplikasi nya mendukung, disuruh lapor pajak tapi aplikasi ga mendukung"
1,"Tolong di permudah dalam pembayaran laporan pajak. Kami masyarakat karyawan di PT. IWIP tambang Nikel terbesar di Asia merasa sangat sulit mendapatkan nomor EFIN saja. Tidak pernah ada perhatian dan sosialisasi yang jelas dari pemerintah. Sudah kena pemotongan pajak kok masih suruh lapor? Aneh sekali. Negara yang tahu berapa gaji yang kami terima, tapi kami harus lapor juga. Jadi apa gunanya ke pemotongan pajak??. Sudah di potong gaji kami untuk pajak."
1,Byr pajak dong saya mw beli rubicon
1,Dipaksa laporan SPT. Wajib setoran. kemudian uangnya di maling buat beli robikon sama moge. Pamer kemewahannya ke rakyat sedangkan modalnya hasil nyolong uang rakyat. Kan bang$add
1,"Mau lapor spt aja susah masa tinggal kirim verifikasi code aja gak masuk"" ada apa dengan dirjen pajak ini?"
1,"Kenapa aplikasi-aplikasi punya pemerintah buatnya kayak gk serius, asal-asalan."
1,Aplikasi susah
1,Gabisa di gunakan aneh
1,Kamera blank pada saat verifikasi wajah. Sangat menghambat
5,"Sudah masuk terverifikasi lalu log out pas mau masuk lagi 3hari kemudian malah disuruh daftar lagi, sekarang semua bank pakai Nama berkatepe dari disdukcapil jalan sendiri sampai disiruh balik lagi sama disdukcapil akhirnya ke kantor pajak Pemda dan Kecamatan Jonggol Juga ktp saya data pribadi saya sudah dijalani sejak 2010 Lapor sana sini sampai jahitan lahiran berdarah darah"
1,Susah sekali melakukan pendaftaran
1,Gak di web sama aplikasi sama aja ribetnya.. email/nomor NPWP sudah bener password-nya tetep aja gak bisa masuk²..
1,"aplikasi bobrok.. masak udah sesuai g bs masuk, sementara klw pakek web bisa..."
2,"TOLONGLAH UNTUK MENDAPATKAN NOMOR E-FIN DIPERMUDAH, MASAK UNTUK DAPAT NOMER E-FIN SAJA SUSAH. NGGAK MALU APA SAMA PAJAK YANG UDAH DIKORUPSI !"
5,Bagus untuk di gunakan
5,Bagus
2,"D perbaikin dong aplikasi nya, jgn mau duit nya doang"
1,Dari sore sampe ketemu malam Ku daftar di sesi 2 kelik tombol daftar gagal mulu. Di website juga sama aja. Belum lagi masukin capcha katanya salah padahal udah bener.
3,dicoba dulu
1,Susah banget mau buat NPWP nya otp GK dapet2.. payahh
5,suka
1,"Tlong lh sy udh bnyk hbiss plsa bkin ini,di blng no otp berhsil truss di blng no hp valid gamn sih"
1,"Sulit bngt minta code verifikasi ... Bikin tercekik, susah bngt ribet. Lapor pajak pake web atau aplikasi sama buruknya. Nggk pernah ada code verifikasi, biar pun d tunggu seharian. Kerja yg buruk bngt"
1,Udah daftar sampek isi data ke sepuluh balik sendiri dan slalu akun salah lah apalah
3,Lumayan membantu
2,"Kenapa gk bisa di download aplikasi nya tolong lah, Saya lgi butuh aplikasi ini"
1,"Susahnya mau bayar pajak, terlalu berbelit"
1,Banyak bug
5,Ok
1,Ribet bos. lupa pasword login disuruh isi EFIN. Lupa EFIN diarahkan ke twitter. Di twitter blm direspon. Tar kalo udah beres kasih 5.
5,Sangat baik dan diperlukan
1,"Buat npwp garus masukin nomer pas Daftar otp mesti bayar 500,- pulsa udah abis 10000 masih belum masuk kode otp, udah direktoratnya pada ga bayar bajak"
5,Mantap
5,Bagus
1,Ribet
1,"Merepotkan,"
5,Membantu dlm pelaporan pajak online
1,Aplikasi tidak berguna. Ga bisa buat lapor spt ga ada layanan untuk pengaduan ga ada bagus bagusnya ini apk. Sampah banget
1,Aplikasi gak berguna. Di buat hanya untuk menggugurkan tugas aja. Biar lerlihat mengikuti perkembangan jaman
1,Sekelas Indonesia bikin apk kayak gini aja ribetnya kaya lagi program nuklir. Anj
1,Saya di suruh lapor SPT tahunan tapi kantor pajak jauh dari lokasi saya & saya coba lewat online dan ternyata Setelah saya coba & coba lagi untuk kesekian kalinya saya tetap tidak bisa login pada aplikasi DJP. Entah apa salah Dan dosaku
2,"Apa gunanya mendaftar online jika harus kekantor pajak untuk mengetahui Efin? Sangat tidak efisien, yang harusnya memudahkan malah mempersulit, dengan apalagi dengan status pekerja butuh yang harus di wajibkan masuk kerja tanpa boleh ada izin saat bekerja."
1,"Di tlp ga bisa,di chat pelayanan sibuk terus,seharian nunggu agar bisa terhubung nihil...payah pelayanan !"
1,User pw udah bener. Masih aja tidak bisa masuk
5,Keren nih aplikasi
1,useless
1,"Tolong Perbaiki server, sering ga bisa di akses dan ga bisa di pencet mohon di fix segera"
1,Membingungkan
1,Brengsek
5,Bagus
1,"Sangat jelek,LOLA pake data seluler LOLA pake WIFI LOLA beda HP juga LOLA + ribet, lupa pasword aja suruh paje effin sedangkan effin ngga di kirimkan di email, ujung ujungnya suruh ke KPP Sedangkan KPP terdekat berjarak 40 km jadi fungsinya online buat apa kalo ujung ujungnya suruh datang ke KPP SANGAT TIDAK EFISIEN DAN MERIBETKAN MASYARAKAT"
2,"Gak bisa buat catatan bulanan, yang keluar tulisan ""terjadi kesalahan"""
1,Bikin nomor npwp aja sulitnya minta ampun...
3,Susah login sudah ubah password tetep ga bisa masuk tolong dibantu
1,Lapor spt di mna letaknya.aplikasinya malah membingungkan
1,"Mau bayar pajak tapi ntar jadi Harley Davidson atau Rubicon,jadi pikir pikir,mending bantu ke yang membutuhkan saja"
2,"Pendaftarannya terlalu merepotkan, niat mo bayar pajak, jadi males, gara² pendaftaran yng bertele-tele, kenapa semuanya gk bisa di urus secara online saja."
1,Aplikasi buat bayarin anak pejabat Harley dan Rubicon
5,Sebagai warga yang baik taat pajak
1,"Aplikasii gak jelass udah di sesi 2 ribett amat. Sampe habis pulsa pun gak bakall bisaa Nyesll we downlod. Niat gk si bikin apk, bukan nya mempermudah malah di persulit. Udah habis bnyk pulsa ttp ae gk bisa"
1,Mari bayar pajak
2,"Gangguan server mulu, selalu struggle"
1,"Saya harap sistemnya dipermudah lagi. Seperti pembuatan sandi yang ribet, Padahal akun pajak gak sesensitif itu sehingga keamanannya harus super duper kuat. Dan untuk ubah sandi kenapa harus pake nomoer EFIN padahal saya baru buat akun dan sandinya salah mulu padahal perasaan sudah benar. Seharusnya untuk ubah sandi cukup verifikasi email, kan gunanya email tertaut seharusnya difungsikan.. Sumpah ribet parah, Seharusnya sistem online itu mempermudah bukan sebaliknya..lk"
5,Ok
5,Makasih
5,Mantap
1,"Buat sandi akun saja sulit sekali. Sudah diubah berkali-kali, pake huruf besar, pake angka, pakai simbol berbeda2 atau ga pakai simbol, sama aja gabisa. Bisa ga sih buat NPWP d sni? Haa?"
1,Aplikasi yg bagus untuk mendukung karyawan pajak punya rubycon
1,Tidak ada layanan buat SPT. sangat mengecewakan.
1,"Kalo diharuskan bikin online harusnya di permudah bukan nya makin sulit seperti ini ,gak semua org bisa mengakses lewat internet dengan baik."
3,Kenapa ga bisa login di apk maupun di DJP onlin selalu error jadi gabisa lapor spt
1,Menyusahkan. untuk login saja ribet
1,"Tolong sistemnya diperbaiki lagi ya, saya daftar NPWP online tapi saat mau isi nama suami selalu tidak bisa diisi! Lah gimana mau buat NPWP kalo kayak gitu caranya, capekk!"
1,Rakyat bayar pajak. Tapi uang nya beli Rubicon dan Harley
1,"Mau daftar npwp dan bayar pajak aja susah amat, puluhan kali gw daftar di captcha salah mulu, sekelas negara aja punya aplikasi jelek amat"
1,Cara validasi nya kayak taik lama banget dan ngk bisa bisa tolol
2,"tidak /belum bisa buat catatan harian euy😭,padahal menu tsb ada di app loh.mohon di tingkatkan agar bisa diperbaiki oleh developer kak"
5,Oke
1,"Mau bayar pajak aja dipersulit negara, dan negara bilang penerimaan pajak sedikit. Sungguh aneh"
5,Oke
1,Mau daftar aja di bikin susah
1,Apakah pegawai pajak bebas pajak?
1,Aplikasi sangat lemot dan mudah crah saat si buka
1,"Aplikasi lemot,,jgn didownload menyusahkan"
1,LOADING LAMA PADAHAL INTERNET WIFI SAYA KENCANG! DI GOOGLE JUGA SAMA LEMOT SEKALI! SANGAT DIPERSULIT SAYA KEHILANGAN PEKERJAAN KARENA NPWP!
1,Tidak membantu tujuan masuk menggunakan aplikasi ini supaya mudah tetapi ujung²’a ke website
1,"Gak ada menu ""LAPOR"".. ujungnya harus pakai browser buat lapor spt.. aplikasinya gak worthit"
1,Aplikasi tolol parah ga guna bakar aja servernya
4,Baru coba laporan pajak online
1,"Apliakasi bagus...,tapi saya apus lagi kendala masuk akunnya susah...,masalahnya sama terus jaringan..,padahal main cod ama ml lancar"
2,Sulit untuk buat laporannya. Tidak seperti dulu. Tidak praktis...
1,"Padahal tiap bulan gaji saya terpotong untuk bayar pajak, tapi begitu susahnya ingin tau data dari wajib pajak saya itu. Buat apa ada aplikasi pajak & web pajak online kalau mau login aja susahnya setengah mati. Bahkan menghubungi nomor daruratnya saja jawabannya server kami sedang sibuk."
3,Bagaimana cara merubah nomor NPWP ke NIK ? Bisakah lewat aplikasi )
1,Aplikasi buruk daftar sulit gini kok suruh bayar pajak
1,"susah banget lewat PC bisa , lewat aplikasi malah ribet lupa sandi aja npwp tidak terdaftar. ANEH"
1,Sering error
5,Terima
5,Mantap
1,1500200 pelayanannya kurang tidak memuaskan
5,Mantabz
4,Mudahkan jaringan ini
5,Bagus dan mempermudah. Yang mau daftar harus dapat kode efin bisa di dapat di kantor pajak dahulu kemudian di masukkan di menu daftar aplikasi ini.
5,good
1,Begitu masuk broser tak mudah untuk melanjutkan validasi data nunggu paket internet hbs x juga masih blm kelar NEGARA INI harus banyak belajar rakyat sudah mau peduli malah masih direpotkan dengan APLIKASI yg masih banyak kurangnya. Mohon dipermudah.......diperbaiki lagi
5,Mantaaap
5,Good
5,Good
1,Di hapus saja aplikasi nya karena server busuk
1,"Mau gnti paswod susah nya minta ampun dah, eror mulu"
5,👍
5,Sangat membantu 👃👃
5,⭐⭐⭐⭐⭐
1,Jelek
3,Blm bisa login pkek NIK
5,Ok banget
1,"Anying... ribet bener mo bayar pajak. Simple in la bangke. Bnyk bet birokrasinya. Bukannya gamau bayar, tapi ribet bgt sat..."
5,"Appsnya ga bisa simpen history pembayaran mandiri UMKM yg bulanan itu... Mungkin appsnya ini bisa di upgrade bisa untuk bayar langsung tiap bulan itu dan saat laporan SPT tahunan itu datangnya ngeLink, sehingga kami tinggal update harta dan sedikit lainnya... Sehingga UMKM yg baru merintis dan yg ingin mencoba berwirausaha tidak merasa susah untuk melapor... Tolong yaa tuan Dirjen pajak 🙏🙏"
1,HAPUS AJA BRE GA GUNA
5,Bagus
1,"Aku daftar kmaren pakai gmail, sekarang disuruh pakai no. NPWP tapi knp g muat?.."
5,Keren
1,Tidak lengkap dan ribet. Gak jelas ni aplikasi
1,"Susah login,,, ngga kaya dulu"
5,mantap
1,Dari awal sy gunakan aplikasi ini ga bisa untuk lakukan lap or spt
5,Oke
1,"Mempersulit rakyat, mau bayar pajak aja di buat bingung"
1,Seharusnya loginnya udh bisa pakek NIK..kok belum bisaaa..pieee tooo
5,Masalah pajak ya djp online
1,Payah parah.
5,Mantap jiwa.sedikit kemajuan
1,Aplikasi bobrok !!! Bikin emosi tingkat dewa !!!
1,"Proses ribet ,mau lapor spt lewat online banyak sekali pertanyaan ,mana bingung mau jawab apa ,mau ke kantornya jauh ,memakan biaya belom lagi kalo sampe ada masalah di jalan ,sangat tidak mengerti keadaan rakyat ,udah gajih kepotong buat pajak mana suruh lapor tiap taun ,ribet skali si aturan pemerintahan ini ."
5,sangat membantu
1,Aplikasi banyak bug
2,Setiap login selalu aja no NPWP salah dan back ke awal lagi padahal no NPWP nya sudah benar..
1,Aplikasi rudet online online....server lemot....
5,Ok
1,Setiap aktivasi akun selalu gagal *pesankesalahan : reg028 Ribet banget suruh kirim ulang lunk aktivasi tetep sama aja pesan kesalahan lagi hadehh
5,👍😎
4,Sangat membantu... 😊😊😊
1,sangat sulit pelayanan di kantor pajak.
3,"Selesai verifikasi, mau login kenapa username dan password salah. Padahal udah cek berkali kali tetap aja salah juga. Solusi nya tolong terimakasih."
1,Kacau banget daahhhh nggak niat
1,Tidak bisa update data pribadi. Padahal ini sudah akun saya. Jangan mempersulit orang lain lah!!. Nanti kelar hidup loe!
1,Ribet banget sangat membingungkan aplikasi ini... sorry no recommended...
1,Lemot
1,Kebanyakan ngelem yg bkin apk
5,Oke
5,"Mantap,sangat membantu"
1,"Mau bikin npwp tapi tiap mau daftar, ga pernah dapet email link buat ke tahap ke 2. Coba daftar lagi pake email lain ya sama aja. Bapuk bgt. Heran deh"
5,ok
1,"Lupa Kata Sandi, Email Aja Gak dikirim.. parah.. ahahahah... Gaji Gede.. buat APK Gak Becuss"
1,Dari tahun kemarin kesel sama app ini. nyoba lagi masih bikin kesel. ga di perbaiki2. padahal di lempar ke web 🤭
1,"Kenapa setiap abis isi formulir selalu masalah server ? Capek ngulang trs, bagus nya emang gausah bayar pajak udaah .. Mau daftar online aja susah nyaa.."
1,"Piye pak piye pak piyeeeeeeee web e angel di akses,aplikasi ne yow angel...... Angeeeeel..... Angeeeeeeeel.....wes.... 🤣🤣🤣"
5,Josss
2,"Kode aktivasi dikirim ke email, pas minimize HP liat kode aktivasi terus balik lagi ke apps DJP ngulang dari halaman awal Kan gobs....."
1,Ribet bukan gampang tpi makin ribet ud 2 email tp gk ada balasan konfirmasi.d masukin lagi buat daftar ket email sudah pernah di pakai.
3,Datang ke kantor Jumat SD jam4
5,Terimakasih atas ada nya aplikasi m_pajak sekarang jadi gampang untuk bikin NPWP
5,Ok
1,"Bagaimana mau login, daftar NPWP-nya aja gk bisa, registrasi menggunakan email, langkah pertama sukses setelah itu gak ada email untuk lanjut ke langkah kedua 🤬🤬"
5,Saya sangat terbantu dg ada nya aplikasi ini👍👍
5,Saya mau login d apk ini kok gk bisa ya ! padahal semua sudah sesuai & benar
1,"aplikasi nya MATI, rugi bayar pajak ke elu, padahal anggaran besar"
1,"Tolong untuk pelayanan informasi di cabang serang, banten. kalau ada orang awam tolong dibimbing langkah-langkahnya dengan baik, bukan direspon dengan nada tinggi. kalau memang tidak sanggup menjadi pelayanan informasi resign aja atau mutasi jabatan."
1,Mau bayar pajak aja susahnya minta ampun daftar aja serengah mati loadingnya tolong di perbaiki masyarakt kecewa kalo pelayananya gini bukan di permuda tapi di persulit
1,kok gak bisa login pake NIKpadahal sudah di validasi?
1,"Bener-bener nyusahin rakyat, udah bagus kita mau bayar pajak online tapi kok fasilitas untuk bayarnya gak memadahi alias aplikasinya bobrok. Nih aplikasi kocak bet dah, login pake npwp dan sandi yg bener masak dibilangnya salah terus. Dan gak cuman satu dua akun ya, tapi emang banyak yang punya problem yg sama. Tolong dong segera diperbaiki kalo gak mau rakyatnya telat bayar pajak."
3,Sixal lelet
5,Mantap
1,Server eror 500. Mohon hubungi administrator
2,warga mau bikin npwp aja susahnya minta ampun
1,Malah ribet tampilanya
5,Ok
5,Sukses selalu dan mempermudah layanannya
1,Aplikasi sekelas milik negara kok kayak gini sih...😂😂😂
1,"Repot daftar akunnya, minta effin harus datang kekantor pajak, pekerja kya saya harus minta cuti/izin karna antrian 🤦 Permudah lagi untuk daftar akunnya"
1,Tombol bikin id billing error melulu😭
5,"Sangat membantu aplikasi djp,,,,,,,,,,,,,,,, 👍👍🤝"
1,Susah gak bisa masukin nama suami
5,Siiip de....
1,"System perpajakan di indonesia sangat kacau terutama PKP untuk para pengusaha, server yang lambat, pelayanan AR yg kurang maksimal, yg paling bikin jengkel sebenernya servernya yg sangat lambat dan ga cepat reponsif, ketika perusahaan bayar pajak langsung berhasil uang langsung terkirim, tapi ketika perusahaan laporkan NTP dari hasil bayar pajak tadi lamanya nauzubilah, kadang smpai besoknya pun masih erorr ga bisa dilaporin, ujung2nya, sampai kelewat akhir bulan akhirnya pelaku usaha kena DENDA"
5,👍👍👍👍👍
1,Sementara 1 dulu... slnya Error saat buka salah satu menu
5,Okay
1,"Daftar npwp online pdf gk diberi kartu gk dikasih, sudah nelpon 1500200 masih ruwet"
1,Mau di web mau di app sama2 smua lemot. Kalo blm sanggup memberikan fasilitas online harusnya bisa lah dbuatkn lewat kantor pajaknya. Validasi selalu lama dan tidak bisa muter2 trs
1,Kenapa ini aplikasi susah di donwloat aplikasi lemot bangke
5,Ok
5,Mantap
5,Ok
1,Sangat tidak membantu aplikasinya.tolong di perbaiki lagi...susah login padahal kata sandi benar. Susah aktivasi efin juga..
3,lumayan bagus
4,Verry Good
1,"Kirain bisa dimanfaatkan ketika djponline sedang error, ternyata sama aja, bikin billing pun susah"
1,Bikin NPwp aja ribet minta ampun.. validasi data cuma bengong aja . Tidak selesai-selesai. Ayulah jangan dibikin susah. .
1,"Ga bisa masuk, udah ngisi nomer npwp, efin udah sesuai. Tetep ga bisa. Dari pada capek langsung uninstal aja."
5,Ok
1,Jelek sekali. Mau liat spt tahunan yg didaftarkan saja tidak ada. Menu lapor juga gak ada. Yg muncul bukan e-Filing malah e-bill ing
1,Aplikasi bagus syarat² yg dibuat ribettt
2,Tolong di bantu kode verifikasi. Saat mendaftar. Di situ tertulis kode sdh terkirim di gmail. Tapi kok tidak muncul kode nya
1,Kolom jenis pajak dan kolom jenis setoran.. Tidak bisa di pilih alias kosong.. Mohon di perbaiki..
2,Sebenarnya sangat memudahkan tapi perlu diperhatikan hal2 berikut: 1. Mengapa tdk langsung sinkron antara aplikasi dengan versi web? 2. Mengapa kita buat billing tdk dapat dilihat kembali histori nya maupun cetak ulang?
1,Coba rekruitmen IT ya yg pinteran dikit.
3,kalau membantu saya tambahin
5,Mantap Mentong
5,Mantap
5,Lupayan bagus
3,Kenapa profil saya error
4,Good👍🏻
5,Sangat memudahkan penyimpanan dokument..trimakasih pencetus..
5,Sangat bagusss
5,Aplikasi sangat baik
3,"Di Gambar NPWP,nama saya tertutup barcod,kenapa bisa begitu ya......"
1,Gak niat bantu masyarakat 👎
1,Gak semudah aplikasi yg lain dlm pengisian... Terlalu rumit ... Cb diupdate lg... Agar siapapun bz dgn mudah dlm pembuatan pajak online... Gmn mau pd mudah membayar pajak kl seperti ini
2,"Untuk Pembaruan data belum bisa di update, tolong perbaiki lagi utk kedepannya. Digit 15 / 1 Januari sudah tidak berlaku, dan login menggunakan nomor NIK. Dan untuk login dgn no NIK harus update dulu. Terimakasih"
2,Kode Verifikasi tidak muncul
1,"Tolonglah buat login knp harus min ta efin kan sdh ada nomer npwp knp harus dibikin ribet kita ini pekerja klo ke kpp hrs ini otomatis gaji juga d potong,permudah buat daftar"
1,"pake crome bisa , pake aplikasi ini ga bisa , dasar aplikasi ga jelas"
1,"Siapa pembuat blog djp.? Ko di buat serumit mungkin, biar orang pada susah bikin npwp dan ngurus pajak ya? Mau buat npwp ko malah terus terusan ditanya no npwp berapa?"
1,"Saya kesulitan daftar akun baru,link pendaftaran akun baru di aplikasi tidak berfungsi"
3,Saya suka
1,APP RUSAK. GA MUDAH DI PAHAMI DAN SUSAH DI GUNAKAN. SAYA YANG TERBILANG MUDA AJA PUSING. APALAGI ORANG ORANG LANJUT USIA YANG MENGGUNAKAN APP INI. SEMUA APP NEGARA ANEH ANEH. GAPAHAM LAGI SAMA +62
5,Tiap login eror padahal login via web bisa..solusinya aplikasi diperbaikin lg
1,BURUK
1,"Bikin NPWP online skrg ribet. Harus foto langsung dll, verifikasi lama jg. Ribet bngt"
1,Bukan mempermudah rakyat ni aplikasi hapus aja ga guna
1,Server Ampas
5,Oke
5,Sangat membantu 👍👍
5,Good
2,"Tombol pilihan jenis pajak dan jenis storan gak bisa di klik ketika mau buat kode biling,.. mohon diperbaiki kakak. Untuk tampilan sudah cukup bagus dan simple."
1,Aplikasi ga guna mau daftar aja susah
1,mau bayar pajak aja susahnya minta ampun.
3,"Saya ke bank BCA, dia minta NPWP saya ke bank Mandiri dia juga minta NPWP jadi saya tanya apa itu NPWP? Mereka jawab NPWP yg wajib membayar pajak Pk kalau bpk tidak memiliki NPWP bapak harus kekantor pajak. Oke saya ke kantor pajak sekali di kantor pajak pratama mereka malah bingung, bapak mau bajar pajak apa? Saya jawab saya juga tidak tau, sedangkan saya tidak punya rumah dan tanah pk, kendaraan saya juga tidak punya, jadi apa yg harus saya bayar pk yaa? Trimaksi"
1,"""PATUH PAJAK"" MAU LOGIN AJA SUSAH NYA SETENGAH MATI APLIKASI GK NIAT BUKANNYA MEMPERMUDAH TAPI SULIT"
1,Belum memuaskan
5,Ntaps
1,Terlalu ruwet
1,Bayar pajak disini tak semudah bayar di tokopedia. Padahal aplikasinya bagus. Harapan saya bayar pajak tuh kayak transfer duit via bank... atau semudah top up gopay atau ovo atau shopee... Contoh untuk bayar saja kita harus tentukan jenis pajak dll seharusnya tinggal klik objek pajaknya trsu tinggal bayar aja. ganti profil foto aja ga bisa...
1,Heh gimana sih ko bisa password salah di browser aja bener bisa masuk ko di sini keterangannya password salah yang bener aja kalo buat apps
5,Now easy login and editing profile
5,Oke
1,Tlong di perbaiki aplikasi nya baru mau buka sda di bilang eror .
1,Kok gak bisa di buka
2,"aplikasi error, mending gausah bikin aplikasi. dri website aja sudah."
1,"Aplikasi error, apa sedang gangguan?"
1,"Eror eror mau masuk keluar sendiri eror minta restat aplikasi trus, padahal sebelumnya lancar2 aja"
5,Tingkatkan terus
1,aplikasi eror
1,Apk gak bisa di buka
1,"Aplikasi tidak bisa di buka, mau login Aplikasi error Kalu udah ok baru kasih bintang 5"
1,Bolak balik di instal tapi tetap masih eror. Kerjaan kalian apa sih sebenar nya.
1,Tidak bisa di akses pas masuk ke Appnya malah blank/kosong
1,Aplikasinya tidak dapat digunakan
1,Kenapa ngelag terus...fatal error..bla.bla.bla...🤷‍♂️
1,"Server lagi maintenance kah?? Plis perbaiki secepatnya, jangan hanya menagih pajak saja bisanya"
1,Aplikasi TDK biasa buka dn tidak berguna
1,Error
1,"Parah sih ini, GK bisa di buka, minta restart malah error'..."
1,Password udah sesuai kok tulisannya password slaah trw..by HP by PC gabisa maunya apaaa
5,Mantap Bisa membantu
5,Bagus
1,Ga bisa daftar online
5,Bagus..
5,Ok
1,"Mau bikin billing code pajak aja gabisa, app gaje emang."
1,Masih banyak yg perlu di perbaikin. Lemot pas di buka apk nya. Cek profil juga ga bisa
1,"Aplikasi payah, gak guna, gak bisa dipakai"
1,Aplikasi tdk jelas ? Untuk apa kalau ingin mendaftar pindah lagi ke wab terus apa guanya aplikasi ini ?
5,Good
2,"Kalau belum siap mending jangan di publis ini, mending buka lewat browser."
1,"Duit rakyat di pake bikin aplikasi sampah,tidak berguna,daftar npwp online susah amat,terus aja minta validasi data,dan loading"
5,Memberi dan Menerima
1,"Tidak bisa login padahal password udah benar. Tapi keterangannya salah password mulu. Saya coba login melalui chrome bisa. Giliran di app password salah, padahal password sama dengan apa yang saya gunakan saat login melalui chrome."
5,"Sengaja bikin ulasan buat maki2 aja ,daftar cuma muter2 aja trus g ada kejelasan aplikasi g guna ..pegawai pemerintah tolol makan gaji buta kerja g becus"
5,Baik
1,Aplikasi tolol
3,Menyusahkan
5,"Kenapa saya tidak bisa update data di kolom profil,,,? Dengan adanya aturan baru nmr npwp awal nya 15 digit menjadi 16 digit seharusnya aplikasi ini bisa update data secara mandiri, Sekian dan terima kasih"
1,"Aplikasi gajelas, gabisa login padahal di website bisa, yg bikin aplikasinya payah!"
5,Sangat membantu untuk mengingatkan Laporan SPT Tahunan
1,Pusing
1,"saya tidak bisa login, sudah mencoba lupa pasword tetapi tidak bisa login juga"
1,Setiap mau log in susah bener padahal password sama NPWP sudah bener coba benerin lagi systm nya wahai aplikator
5,Mantap
5,"Terimakasih,, sangat membantu.."
1,"Susahnya mau bayar pajak, app ini tidk bisa membantu,, mau buat kede billing tak bisa.. tak ada kah cara yang paling mudah untuk bayar pajak.."
4,Good
5,Ok
5,BISMILLAH...
1,"Aplikasi ini bagus tapi kurang membantu, karena pilihan jenis pajak dan pilihan jenis setoran pajak tidak bisa terbuka.."
5,oke
1,"Lah mau daftar npwp ribet bgt, ngesave data eror terus, nyoba datang ke kantornya ndak ada tanggapan , malah bilangnya ""memang begitu"" , tidak mutu"
1,"G jelass,APP AP INIII,APP BUAT RAKYAT SUSAH.TAMBAH SUSAH.,,,via link/browser masuk,email n passwordnya,VIA APP NEHHH MANA KESALAHAN TERUS.,,,APP G JELAS.APP G GUNA. #MAAF UNINSTALL.G GUNA RIBET N BUAT BIKIN PENUH MEMORY HAPE"
5,Bantu
1,Layanan bobrok TDK dpt di instal
1,"Gak bisa login ya Allah,,,,, knp"
1,Aplikasi apaan gk bisa di pake.
5,Server kurang baik
5,Bagus
1,Buat apa bikin aplikasi kalau gak guna sama sekali?!
5,Bintang 5 tuk staf di meja informasi KPP Ambon. Serta staf lainnya
1,"Ga bisa login, diweb bisa. Gajebo nih apk... Entah siapa yang salaaahhh... Kutaktahuuuu..."
1,"Mengapa aplikasi ini jadi tidak bisa di buka via browser.. Niat hati ingin Registrasi dan dapat login. Akan tetapi respons nya selalu terjadi kesalahan.. Sudah 2 hari ini. Sebelum nya baik"" saja.. Mohon di perhatikan, Terima kasih"
1,"Mau daftar aja ngga bisa,susaaaaahhhh"
1,negara yg butuh ... kok suru rakyat yg ke kantor pajak ! efin di sms ke nope saja . gak ada waktu mau nyangkul baru dpt makan kami pak .🤐
5,Gemana kalau ada dua npwp
3,Keren
5,Mantaaap
2,"Ga ada yang lebih ribet Pak? Daftar itu harusnya cukup no KTP sama Emailnya aja Ngapain harus ke kantor pajak segala? Oia, kalo ada yang susah buat apa yang mudah 😂😂😂"
1,Tidak bisa up date data pribadi ( alamat tinggal )
2,Ah uy ah lier
1,Aplikasi gabisa login padahal di web bisa..
1,😂😂
5,Untuk login belum bisa pake NIK ya pak Admin
2,"Ini tolong di perbaiki, masa saya login di web bisa masuk tapi di apknya gagal login."
1,Buat kode billing g bisa kenapa dg aplikasi ini
1,Aplikasinya kurang bgus mhon diperhatikan
1,"Gak banget buat aplikasi nya, udh bikinnya di peribet, susah buat aktivasi nya lagi, ngk ada org kompeten yg bisa di rekrut ngk sih buat ngolah app ini"
5,Ok
5,mantab
1,Betul kata orang sebelah gak guna
1,Verifikasi email aja gak msuk2 ke email
4,Sudah bisa
5,baik sekali
1,Reset Password link reset ga dikirim kirim ..niat gak sih bikin layanan??
5,"Praktis, simpel, mudah, aman dan good"
1,Woy knapa jam kerja siang sampai sore lu ga mikir yang kerja pa gimana ditambah sabtu libur
3,Saya mau daftar mp wp
1,Useless
1,"Mau bayar pajak susah, mau buka akun aja minta EFIN dsb syaratnya isi formulir yg tidak digital. Setengah2 digitalnya.. kebanyakan pertanyaan. Gimana mau maju indonesia"
1,"Aplikasi pemerintah alokasi dana besar tapi tidak bermutu, semua lelet bikin kesal buang2 waktu."
1,Rumit
1,Susah banget daftar npwp online loading mulu
1,Aplikasi t*L*oL
1,Revisi lagi aplikasi mendaftar pajak. gak mau uang pajak !nanti awak bayar pajak ngamuk
1,"Gak bisa diakses!!! ,Gak bisa login !!!"
4,Ok
1,"Aplikasi tidak berguna, No NPWP dan Password tidak sesuai, sementara di Websitenya saya bisa Login. PAYAH !!!!"
1,Sangat tidak bermutu.orang mau daftar NPWP malah diminta masukin nomor NPWP pusat.lah blm punya makanya mau buat.pas udah isi identitas malah gak bisa next ataupun preview.emank blm layak aplikasi pemerintah padahal.
2,"Saya gak komen tentang aplikasinya karena sudah terwakili oleh semua, sengaja saya scroll ke bawah baca ulasan sampai tahun lalu. Kok sepertinya gak ada satu pun respon dari admin ya ? Sekian"
1,Apaan sih salah mulu password udah diganti sama aja
1,Mau aktivasi malah eror terus gmna ini ?
5,Lancar dan sangat di mudahkan❤️
5,Payah kali ngurus pajak online
5,Bagus
5,Saya suka
5,Mantap
5,Ok
4,Mau tanya ... Gimana caranya login jika saja hanya email dan password nya saja yang masih bisa di ingat
1,"Tidak bisa login menggunakan akun DJP, padalan di website DJP bisa login normal"
5,memudahkan sgalanya &di permudah
5,Good
3,"Untuk pembuatan ebiling Tidak bisa di gunakan, di klik jenis pajak dan jenis setoran tidak mau muncul pilihan. Yg bisa di di isi hanya tahun, biaya dan keterangan ."
5,Top
3,"Fitur nya gak sekomplit versi web, dimnaa tidak ada ubah profil alamat email, dan nomor hp, terus klo bisa pekerjaan bisa diubah juga denga verifikasi E-KTP."
5,Jos banget ..........
1,Buat NPWP online dipersulit
1,Ini mau bikin pembetulan Spt kok ga bisa lewat aplikasi yah? Mesti lwt web baru bisa ...aduuuh tlg diperbaiki plis
1,sungguh sangat membagongkan nik npwp sama password udah benar tapi salah terus di riset password di masukan lagih salah terus kalau engga di suruh di tempat kerja males pemerintahhan sekarang sungguh membebani rakyat
1,"Aplikasi eror, belum siap bayar pajak karena belum kerja malah gk bisa di centang, yang siap bayar malah bisa di centang, kalo saya belum kerja mau bayar pajaknya gimana? Mau pinjol? Apk memaksakan kehendak bgt apknya, klo tadi tak record bisa jadi bukti tu kalo apknya banyak erornya, saya butuh nomer NPWP nya buat daftar kerja kalo dah kerja baru bayar pajak, bukan masi pengangguran tapi disuru bayar pajak, lawack"
1,apk ini masih belum bisa digunakan
1,Minimal server benerin
1,"Sy mw laporan tahunan di thn 2021 yg blm tp gk bisa nerima verifikasi buat masuk pdhl msh ada pulsa, apakah ada batas jam nya?"
1,Bsgai mana mendapatkan kode efin saya
5,Kagak bisa login ya.
3,Baik
5,Baik sekali
1,Code verifikasi nya blm masuk² Uda 2 hari... Uda ku coba spam juga blm masuk²....
1,"segala aplikasi pemerintah pasti error sistem, yg katanya membantu mempermudah, faktanya kita harus tetapa kekantor dan laporan manua, dgan alasan aplikasi sedang perbaikan sistem"
3,Error 404 terus saat isi pencatatan umkm
1,Aplikasi nya eror mulu gmana ya
1,PERPAJAKAN PENUH PROBLEM.
5,Alhamdulillah
1,"Susah banget daftar na,,,"
1,Haha
1,"Aplikasi busuk, Sudah di ganti kata sandi masih saja salah"
1,Sangat buruk
1,Balikin data gua anjingvvvv
3,Kalau bisa di tambah fitur download kartu npwp nya
5,Keren banget Bermanfaat bagi bangsa
1,"Layanan pemerintah dimana² pasti buruk 1.sim dipersulit, digiring untuk nembak 2. Semua aplikasi plat merah mayoritas bad 3. Pajak, untuk pendapatan saja seperti ini aplikasinya 😞 4. Apa semua yang berbasis layanan diserahkan ke suasta saja"
1,Gak bisa buat log in
1,Captcha nya nyebelin bgt asli orang udh bener ngulang mulu
2,"Kenapa saat masuk kata sandi dan no npwp salah mulu, padahal di situsnya kalo mau masuk pake kata sandi yang sama bisa ajah, Ko d aplikasinya gk bisa,."
5,Ichblaboy
1,Aplikasi nggak jelas mau daftar aja susahnya seperti hubungi presiden 🤣😂
1,Kartu NPWP di aplikasi M Pajak tidak bisa diakses
3,"Tolong diperbaiki untuk menu pencatatan UMKM kode error 402 ini , percuma pake aplikasi ini kalau tidak berfungsi maksimal, kita kembali ke pencatatan manual."
1,Astagaa... Sekelas negara buat aplikasi kalah ama soppee
5,Good Aplication
5,Ok
1,"Parah, aplikasi ribet... Masa online hrs lapor dulu ke kantor..."
5,Aplikasi nya sangat mudah untuk digunakan dan sangat membantu
1,Mau login aja susah Jelas jelas udh di aktivasi di email
5,Bagus
1,Masuk ke akun sendiri aja super ribet . Mungkin harus ada uang pelicin dulu baru di kasih efin
5,"Sebenarnya aplikasinya bagus, membantu dalam pencatatan omset.. tapi data omset yang sudah saya input datanya hilang semua.. bgmn ya?"
3,"Mantap malah lebih bagus app dari pada pake web, makasi banyak ya djp"
1,Slowrespon
5,Belum mencoba masih dipelajari
5,Keren
5,Sangat membantu
1,Ngaco ini mah baru buka kluar sendiri aneh
3,Bisa membantu apa ngga aplk
1,Kasian banyak yang komplain tapi ga ada satupun yang dijawab terkait pembenahan apps nya
1,"Aplikasinya ribet banget gak guna malah mempersulit, pantas saja semua orang yg bekerja di perpajakan pasti masuk neraka ya gini emang bikin web sama apk gak ada yg bantu"
5,Bagus
5,Saya suka sekali aplikasi ini sangat membantu
5,Ok
1,Pendaftaran untuk buat NPWP tidak bisa.. caranya gimana yah
5,Ko saya ga bisa masuk ya
1,Aplikasi dan layanan kurang maksimal saya mau menganti paswor email pajak pada watu pengantian paswor baru dan setelah di masukkan pw baru server tidak dapat bekerja. Seolah2 semua itu masi ada yg tidak beres sehingga server tidak jalan dengan baik. Server yg kurang baik maka akn memberikan kesempatan oknum2 yg suka melakukan kecurangan.
1,Susah banget untuk medapatkan kode efin naya
5,Lebih mudah & praktis
2,"daftar aja sekarang harus online, bikin ribet aja udah gitu ngisi data , validasi data aja nunggu nya lama banget buruk banget pelayanan sekarang padahal di minta sama perusahaan tempat gw kerja se cepet nya"
1,"Kecewa, susah login.."
5,Mantap pokok na mah..
3,Kenapa g bisa nambah catatan utk umkm
1,Dari bulan januari sampai pertengahan april masih bisa digunakan. Sekarang dari tgl 20 april sampai tgl 9 mei 2022 tidak bisa digunakan. Hasil dari pencatatan harian bulan januari sampai april hilang. Kenapa bisa begitu ?
3,Allahu akbar....
5,"aplikasi ini sangat membantu untuk para wajib pajak sangat membantu dan meringankan seluruh wajib pajak se Indonesia ini untuk pelaporan pajak dan taat pajak, pajak untuk membangun negeri yg sama sama kita cintai. TERIMA KASIH"
2,Tolong diperbaiki karna susah login
1,"Kok ga bisa lagi ya di isi pencatatan umkm nya, dan catatan yang lama tidak muncul lagi"
5,Ok
5,Ok
1,Bikin bigung
1,"baru juga mau daftar, ngisi alamat email pertama kali keterangan chaptcha salah. ulangi lagi yg kedua, keterangan email sudah pernah digunakan 😂🤣😂 seharusnya semua serba online itu semakin di permudah"
5,Good
1,Jendela profil tidak bisa dibuka! 🤔
5,mantap
1,Sandi suda benar tetep saja tidak bisa masuk. Ganti sandi baru... Login pakai sandi baru.. Tetep aja salah.. Apk terjelek yg saya temui 👎👎
2,"Kenapa tiap kali saya download bagus, ehh pas lama lama, saat mau lihat profil itu selalu keluar sendiri, tolong perbaiki lagi ya terima kasih"
5,Sarana mudah untuk pengechekan dalam hal pajak
1,"Buat Aplikasi-nya Sogokan Dosen Ya, Kok Saat Input Data-nya gak jelas"
5,Okay
1,"aplikasi ribet bat , login gagal , kata sandi salah, lupa kata sandi tak kunjung di kirim ke email , chat wa juga ga kunjung dibalas haha dialihkan ke isi npwp dan effin mulu. Ribet bos"
3,"Sy menyimpan catatan penghasilan di aplikasi ini, tapi kemarin sy buka kok catatannya hilang semua, sy cek yg bulan sebelumnya juga hilang semua."
5,"Mohon maaf yang sebesarnya, aplikasinya sudah bagus tinggal catat lalu buat kode billing dan bayar pakai e-wallet, mempermudah pembayaran. Tetapi kemarin udah input omset warung lalu ada kendala datanya hilang semua maklum baru memulai jadi belum ada pembukuan jadi omset yang udah di catat lupa lagi, apa ada solusinya ? Maklum baru merintis meneruskan usaha orang tua. Kalau bisa biar mempermudah warung di aplikasinya sekalian pelaporan SPT nya."
5,Membantu skli
1,"RIBET, web untuk daftar NPWP sering error tidak bisa digunakan sama sekali, kalau kaya gini wajar aja orang lebih Seneng pakai jasa calo"
5,👍👍👍
1,"Tolong aplikasi di perbaikin, knapa mau proses isi form no 2, error VALIDASI ,muter muter loadingnya lama,, tolong ini awal yang baik berantas pungli,dengan sistem online ,jadi jangan di gara garain maintenance nya ngak beres."
1,"Mohon maaf, kenapa tidak bisa buat e-billing ya?"
1,Aplikasinya kurang canggih. Cara Pelaporan pajaknya bertele². Ga ada tutorialnya pula. Harus nanya sana sini
1,Ruwet bestiee
1,"Bingung, kirain bisa kebuka tanpa kode efin. Perasaan waktu dulu efin gak di kasih sama kpp nya. UNINSTAL saja lah, gak kepada juga di simpen lama²"
1,"Aplikasi tidak bagus, selalu terjadi eror"
5,👍
1,W DAH TLPN MINTA KODE EFIN SUSAH BGT NGABISIN PULSA DOANG HETDAH
1,Udah pakek 4 email ga ada yang berhasil sama sekali. Masa tiap nunggu validasi data doang sejam yang bener dong. Iya kalo jadi ini kagak
5,Mantap aplikasi yg sangat bagus sekali sangat membantu membuat NPWP ga perlu ke kantor cabang cuma lewat hape langsung punya NPWP semoga sukses selalu😘😘
1,"Lupa pasword suruh pake efin, efin itu apa aja sy ga ngerti.. baca syarat bikin efin udah mumet sendiri..hadehhhh mboh ra tak gagasss"
2,"Gua udah punya NPWP dari gojek, mau punya NPWP online udah gua download ini apk mau coba daptar eh malah diminta isi efin!!! Apa sih efin itu??? Dari mana gua dapatnya??? Dan bagaimana cara dapat nya????"
5,Mengetahui Berapa pajak saya
5,Very Good
1,"Chapca gamuncul2 di web, dfatar npwp hrs pake pungli mulu heran"
1,Pengiriman npwp fisik gk ada payah… .gk sesuai katanya online ko masih ribet
5,Keren
5,Sangat membantu
3,Aplikasinya lagi gangguan apa gmn ya kok saya login mau masuk profil trus keluar aplikasi sendiri
5,Nice
1,"Mau aktifkan akun kok minta nomor EFIN dari kantor pajak,ribet amat sih,baru saya temui aplikasi mobile kayak gini,,gmn mau pakek aplikasi ini kalo dipersulit,percuma juga Krn harus ke kantor pajak,knp gak sekalian aja downloadnya juga wajib pakek wifi kantor pajak aja,"
1,bikin npwp loading validasi nya lama
1,Mau login malah mau masukin verifikasi eh yg di kirim ke email trs ini aplikasi kg gw log out masuk lagi malah balik ke awal lagi terus aje gitu terus sampe gw pusing 😠
5,Semakin pusing mengurus pajaak
5,Top
1,Harus ke kantornya dulu terus gunanya online apa hadeh
1,"Memang dibikin ribet. Agar kita lapor harus ke kantor , setelah itu dari kantor dipersulit. Dan akhirnya lewat orang dalam yg ujungnya pun nggak GERATIS."
3,"Susah banget ,masuk nya..."
1,"Gak ada aplikasi pemerintahan yang bagus satu pun, masih mendingan swasta kalau bikin aplikasi niat, mempermudah pengguna. Ini malah punya pemerintah kalah jauh sama punya swasta...sampah beud dah"
1,Sangat buruk aplikasinya. Tiap mau masuk ke menu aplikasi langsung keluar harus ulang lagi masuk baru masuk ke menu
1,Mau daptar aja susah
1,GK jelas... Semoga hari mu senin
5,semoga berhasil lapor
5,Ok
3,Mayan
1,Eror dan tidak berguna !!!!!
1,Bukan Makin Enak Tapi Makin Rumit.
5,Aduh kmha ie teh
5,Mantap
1,"Validasi data, validasi data, validasi data gituuuu aja terus sampe presiden Ukraina joinan rokok bareng sama presiden rusia👎gak bayar pajek juga gak rugi!"
1,Mau taat tapi ribet. Bank aja urusan duit gede gak pake efin. Sudah Bayar pajak harus lapor harus ngurus efin. Ribet amat anjir
1,Server lemot sama lemotnya inovasi pemerintah...
5,Belum saya coba
1,Ribet banget mau ngurus pajak
3,Ok
5,Baik
1,"Kita juga tau kalau lapor SPT tahunan itu kewajiban dan tidak pernah tidak mau melaporkan, tapi cara lapor nya itu ribet banget kalau orang yang belum paham bener, pokoknya bukan ga mau lapor tapi perbaiki cara yang mudah, sosialisasi nya juga ga ada. Mudah2an ada perbaikan dari dirjen pajak,"
1,Nunggu kode Verifikasi e filling di web lama bener. Giliran kode dah dapet malah sesi telah berakhir. Tingkatkan lah servernya.
3,Validasi lama setengah hr gk ada kemajuan. Udh di update juga gak bisa. Datang kekantor cmn di ksh brosur trus sruh pulang. Gak di terangin cara2nya
1,Pajak wajib lapor agar tak kena denda? Sistem dipersukit agar kena denda? #rakyatkecilbertanya
1,HAPUS AJA APLIKASINYAA. PELAYANAN ONLINE SIHUK TERUS. GAK MEMBANTUU!!!
3,Ujung2nya lapor online via web. 😄
5,Paling membantu
1,Mau validasi data refresh berulang masih tetap gagal. Aplikasi terkesan tidak siap
5,Bagus
5,Ok
5,Kita sebagai warga negara Wajib pajak
5,di pelajarin dulu
1,Tidak bs dibuka....
1,Saya mau bayar pajak. Tapi masih sulit. Gak bayar saya di tagih. Mohon di buat simpel saja. Kaya login ke Facebook.. Kalau lupa efin atau belum punya efin. Bisa langsung lewat aplikasi. Gak usah repot datang ke kantor. Aplikasinya udah Oke. Cuma caranya aja masih sulit. Tolong segera di tambahkan saran saya. Supaya saya bayar pajak. Tak perlu datang ke kantor. Ngambil efin doang. Terimakasih.
1,"Hidup makin susah ajah bikin npwp ga pernah berhasil, susah jdi rakyat indonesia"
5,"Bagus ,mudah kok gk ribet ribet amat,daftar online sampe kartu sampe di tangan lancar tanpa hambatan,tapi suka kesel sama ni aplikasi,suka log out sendiri.untuk efin juga cuma tinggal email aja,efin di kirim ke kita dalam bentuk file pdf,semuanya di urus secara online dari daftar sampe tuntas,the best menurut ku soalnya kita gk perlu ke kantor lagi,yg ngeluh mungkin cuma kurang paham aja."
1,"Aplikasinya sebenarnya bagus, cuma waktu mendaftar dan memasukkan data diri pribadi selalu ada masalah di servernya,dan juga ketika data sudah lengkap tapi ketika ingin mengeklik validasi data nya gak bisa kayak cuma loading terus,sama ketika ingin login waktu memasukkan kode captcha-nya itu padahal sudah benar tapi di next selalu disuruh ulang/salah jadi harus berkali-kali memasukkan kode captcha-nya.Tolong untuk segera diperbaiki aplikasinya karena bagi UMKM ini sangat DIBUTUHKAN!! TERIMAKASIH"
5,Sangat mudah
1,"Sangat ribet padahal cuma mau bayar, bukan mau ngmbil Padahal udah sadar mau bayar pajak"
5,"1.Untuk teman2 yang susah loging pastikan saat masukan nomor npwp jumlah angka 15 digit tanpa menggunakan tanda titik atau tanda strip kurang ,2. saat sudah memasukan no npwp cocokan lagi nomor npwp yang anda masukan dengan nomor npwp yg ada di kartu anda,3.masukan kode sandi atau pasword anda,trus pencet login, Kebanyakan kasus yg susah login di aplikasi karna kurang memasukan jumlah digit di kolom nomor NPWP"
5,akses nya koq bisa secepat kilat ya.... gak seperti yg lain nya...
1,"Lupa password gak dikirim² tuh kode verifikasinya, sampek hafal NPWP & efin gr² sering masukin. Perbaikilah apknya, 2018 padahal baik² aja nih aplikasi"
1,"""WAJIB LAPOR PAJAK"" pas ngelapor malah dipersulit"
1,"Kenapa mau lapor pajak saja susah ya,nanti gak lapor salah,saya sangat menyayangkan kita sudah di bayar dari perusahaan kenapa suruh lapor lagi.sangat terlalu berbelit2 nih untuk masalah perpajakan ini.tolong pengertianya dan di perhatikan keluhan masyrakat yang taat ini.saya harap bikin mudah biar yang masyrakat awam juga bisa dengan mudah menggunakanya"
1,"Offline ribet & cuek bgt pegawainya, da gtu d suruh online dulu.. Giliran online Down mulu servernya.. Udah gtu dm g d respon.. Gini klo telat di denda.. Hadeeh.. Gini amat birokrasi plat merah.."
1,Gx bisa e-Filling yah
1,"Kita bayar, kita yang lapor. Kebalik"
1,"Aplikasi bobrok, tidak membantu sama sekali.."
4,Mantap 👍
1,Aplikasi tolol kek yang buat
5,Ok
5,Ok
1,Mau masuk login aja susah banget. Minta kode ferifikasi lewat email gak di kirimi. Gantian selang minta kode ferifikasi ke dua Yang pertama baru muncul. Akhirnya kan kode kadaluarsa. Gak bisa buat login. Minta kode lagi yang ketiga. Yanng kedua bari di kasih. Gitu teros sampe minta kode ferifikasi 10 kali. Ngapaiin coba gitu aja di persulit.. Mohon segera di follow up nya Sat set
1,"cuma gambar² doang, gak bisa di klik, gak bisa pergi kemana²... dasar vendor cupu"
1,jangn persulit kalau daftar
1,"Aplikasi nggak jelas blass, cuma berisi berita2 yang nggak bermanfaat..."
1,"Kaga bagus,..bikin puyeng pala"
1,Buang-buang kuota aja ...
4,bagus
1,Apk apa ini lapor SPT tahunan selalu eror
1,Tetap saja isi spt harus kudu mesti lewat pc. Jadinya ini aplikasi gak guna
5,Mantap
5,Membantu bagus
4,Ini g bisa buat lapor pajak y??
1,Jauh dari kata layak
1,"Sebaiknya disempurnakan tidak hanya sebatas informasi,akan tetapi di tambahkan fitur pelaporan SPT yang lebih mudah/lebih sederhana dari versi web. Karena info perpajakan bisa dengan mudah didapatkan,akan tetapi pelayanan dalam hal pelaporan SPT ini dari dahulu yang selalu sulit .terimakasih"
1,Ok
2,💪
5,👍👍👍👍👍
2,Ribet
1,"WEB E FILLING SPT HARI INI ZONK LAGI PPKM ZONK LAGI PSBB ZONK LAGI PUASA ZONK, E FILLING ZONK (KALAH SAMA BCA) payah"
5,ya bgus
4,Susah amat di hubugi dari pagi sampai 4/5jam masi sibuk terus chat juga sibuk terus
2,"Aplikasi ribet,nggk mutu,mempersulit"
1,"Jujur, ga puas bgt sm apk ni. Pengen dipermudah malah makin ribet. Selalu susah login, dan akhirnya tetep harus ke kantor pajak."
5,bagus aplikasinyaa
5,Mantap
1,Gak web gak aplikasi g guna pengen lapor SPT aja ribet banget sinyal 4g+ pulau Jawa aja kaya gini apalagi tempat lain orang it di dirjen pajak pada g mampu apa gmn buat layanan masyarakat yg memepermudah ribet lemot
5,👍
5,Ok
1,Mohon kalo online EFiN nya otomatis atau di buat paswod biasa aja. Percuma ujungnya juga datang ke kantor pajak. Apa lagi sedang di pedalaman susah akses susah sinyal. Jika tidak lapor kita juga yang di salah kan
5,Mantap
5,Good job Terimakasih DJP
5,Mantap app nya
5,Ok
1,Pajak udah bayar.. Suruh lapor.. Lapor nya ribed bgt... Prosesing terus.. Server sibuk apa gimana sih
1,"Ga ngerti aplikasi djp online yg baru ini fungsinya buat apa. Biar bisa bayar pajak online? Mohon maaf nih ya, 80% pekerja di Indonesia yg bayar pajak hanyalah karyawan suatu pabrik/perusahaan, itu juga otomatis dipotong gaji, jd ga akan bayar sendiri, kita cuma tinggal LAPOR. Masih mending applikasi yg lama, kita bisa isi e-filling buat pelaporan pajak di app-nya. Info Kantor KPP terdekat juga buat apa coba? toh klo ke kantornya kita disuruh online kok. Untung app yg lama blm aku hapus."
1,"Gak prima , gak efesien , gak bagus , mempersulit , gak bagus , memperlambat , makanya bikin aplikasi itu update ke didukcapil secara berkala jangan setahun sekali NIK aktif bilang tidak ditemukan , gak ada solusinya mending ganti aja aplikasinya yang lebih bagus kalo emang niat mau melayani dengan bagus"
1,Menu pelaporan SPT tahunan di mana?????
3,bagaimana cara untuk pelaporan bukti potongan pajak pph21 di aplikasi?
1,Ga bisa di cetak bangke
1,Pajak buat bayar aparat yang se enak nya kepada rakyat 🤑
1,daftar no kk nik benar tapi gak terdaftar ya udah kalau gak bayar pajak. jgn salahkan gw.
1,"Apa apa di persulit datang ke kantornya langsung tidak di layani, daftar lewan online gajelas, emang kalo urusan sama pemerintah apa apanya susah bikin muakkk"
5,Oke
1,Payah disuruh lapor spt tahunan tapi servernya lemot. Haduh
3,Tes dl
5,saya merasa puas
1,Eror
1,Daftar NPWP online sangat sulit
3,Kadang ada kendala saat membuka aplikasi. Lama tidak muncul
1,Ribet buat dapetin efin.mau bayar pajak aja di persulit.
1,Jelek banget parahh... Apalagi kaga bisa lapor spt... Huh
5,"Mudah"" dpt membantu"
1,ini apk resmi dari djp tapi ga ada menu lapor spt. payah..
5,Ok bagus
1,Bisa masuk tp ko gk bisa buat laporan spt tahunan... Gimana sih nih aplikasi
5,Sangat bagus..
5,Sangat bagus dan memuaskan
5,Ok banget
1,"Payah udh daftar lolos verifikasi udh dapet no kartu nya npwp , tetapi ga bisa masuk dengan alesan kesalahan data aneh"
1,Daftar online permintaan no EFIN lama banget.
5,Bintang lima
4,Sangat membantu
1,Nggak bisa isi SPT
1,Login jgn diribetin
1,"Aplikasi sangat lamban, tidak berkualitas"
1,Gk ada yg versi lama k... Ini di pake login sj gk bisa
1,Muter muter nggak jelas dan nggak bisa dipakai.
5,Ok
5,Goood
1,Tidak bisa untuk lapor pajk online
1,"tidak bisa login, padahal npwp dan password sudah benar. sebab. saya coba di web itu bisa, nah ketika saya coba di aplikasi ini selalu muncul notif bahwa npwp atau email salah, dan itu tidak 1 2 kali,"
5,Terimakasih DJP sudah memberikan aplikasi yang mudah diakses. Login menggunakan npwp dan pass djponline. Apabila belum pernah aktivasi djponline.pajak.go.id dimohon segera ke KPP ataupun lewat medsos KPP ataupun lewat admin whatsapp. Mudah bgt! Senengnya sekarang aku gampang bikin billing dan ga repot-repot. Terus diaplikasi ini ingetin aku tenggat waktu pelaporan dan pembayaran. Terus diaplikasi ini ad catatan dan record pembuatan billing aku. Bingung2 silahkan hub wa helpdesk KPP. Thankyouuu!
1,kendala saat login
5,Bagus
5,Ok jugga
5,"Aplikasi sudah baik, perlu ditingkatkan untuk link2 video youtube tutorial aplikasi pajak"
1,Gak bisa di gunain
2,Yang RAHMAT ULLAH u hav via DM agar
5,Kemenkeu perlu mengembangkan Aplikasi Akuntansi (Kasir s.d. Neraca) yang terintegrasi dengan Aplikasi Perpajakan Perorangan/Badan supaya Penerimaan Negara dari sektor perpajakan optimal.
1,Susah bgt...eror trus...salah paasword eror...akhirny lupa password pun masukin data betul...tetap eror trus harus gimana???
1,Tim IT terburuk pada sebuah lembaga pemerintah
2,Here
1,"Mw lapor SPT aja serverny bermasalah mulu, giliran g lapor ntar dpt surat cinta, tolong lah diperbaiki, banyak org kita yg pinter2 ttg IT itu direkrut, gemeesss deh"
1,Bikin ribet.. Mau login aja susah banget
1,Aplikasinya ngeselin hrus ada verifikasi email tapi pas masuk mulai dri awal trus payah
1,Menu perlu di benahi seperti adanya pelaporan SPT tahunan.
1,Petugas kurang menguasai edukasi tolong di perhatikan Untuk pelayanan tidak begitu paham di bidangnya (natar lampung). Terimakasih 🙏
1,"Kurang lengkap, harusnya juga include fitur di web biar gak dual fungsi. Buang buang anggaran, kurang praktis"
5,Sangat membantu
5,Oke lah
1,"PUNYA SISTEM KOK RIBET MAU LAPOR SPT TAHUNAN SUSAHNYA MINTA AMPUN, TELFON CALL CENTER MALAH DIBILANG SEDANG SIBUK MELAYANI. KECEWA DENGAN SISTEM PAJAK YG KURANG BAIK SEPERTI INI"
1,"Diperbaiki tim IT ini bagaimana mau login salah terus, lha wong nulis nomor npwpnya aja tidak bisa full. Ya jelas salah terus. Mau gapake simbol titik pun tidak bisa. Segera perbaiki!"
1,"Sistem di aplikasi klo bisa jangan via telp akan boros pulsa, coba pakai fitur chat juga."
1,Aplikasi ribet mau lapor SPT TAHUNAN MALAH SUSAH... Bangke
1,"RIBET ANJENG, NYURUH WARGANYA WAJIB PAJAK, MAU NGURUS AJA DIPERSULIT."
1,Kapan negara mau maju petugas pajak aja males kayak nya kasih layanan rakyat.Pecat sja petugas kayak gtu negara rugi gaji orang2 gk becus.makan gaji buta uang rakyat kau .tak laporin ke staf presiden lewat imail klian bakalan biar tau pusat sekalian mau main2 sama rakyat
1,"Ini kah yg d namakan negara maju, sungguh birokrasi bobrok apakah mmg sengaja d settimg supaya budayakan nembak"
3,Memuaskan
1,"Sudah bayar pajak, Mau lapor SPT gabisa di app, di web pun error. Hmmm. Terus kemana atuh...?"
5,Mantap..lebih memudahkan masyarakat Indonesia dalam urusan pajak.
2,"Percobaan , semoga tidak mengecewakan."
5,Ol
1,Ingin bayar pajak aja dipersulit..kalau gabayar pajak dikejar²..sebenarnya lu niat gak si?
3,"Untuk lapor pajak apakah aplikasi ini juga? Karena biasa djp online, kenapa ada perubahan ya?"
5,"Asli, aku biasanya ngga pernah bisa masuk dan dianggap NPWP dan Password salah. Kusering Uninstal karena kecewa, tapi anehnya barusan kudowload tbtb bisa login lagi, pdhl niatnya mau chat Helpdesk KPP. Seneng banget 😊"
5,Saya sangat puas menggunakan aplikasi Pajak ini. Thank you
5,Ok
1,"Aplikasi tidak bisa membantu mau bikin daftar akun DJP masuk nya setengah mati tidak bisa"" log in,kecewa berat pakek bingit🤯😵🤧"
5,cepat
1,"Aneh aplikasinya, sdh diinstal tp ga bsa dibuka. Begini aplikasi pemerintah?"
2,Tiap buka profil malah force close.
5,Ok
3,"saya gak bisa login d app,padahal no+pw sudah benar,d buka d web juga bisa ... masalah nya d mana, mohon tanggapannya...."
1,Bodo amat lah online tetep harus ke kantor pajak dapetin efin..
2,Cara mendapatkan NPWP gimana mau daftar kok malah ditanyakan NPWP
1,Udah isi semua data malah tidak bisa di validasi. Akhirnya ga bisa lanjut ke tahap berikutnya. Mohon solusinya .
4,Responnya cepat !
1,Tidak bisa isi spt tahunan
5,Oke
5,Lebih mudah bayar pajak.mantap
1,Jelek
5,Bagus
5,Mantap
5,Terima kasih
1,aplikasi gk berguna npwp sama sandi benar tetap aja gk bisa masuk tetap salah perbaiki dulu baru tambah bintang..
5,Bagus
1,Knp aplikasi pemerintah selalu buruk? Jawab jawab!!
1,efin nya kalau bisa proses online aja biar gak usah ke kantor pajak !
5,mantap
5,Sangat baik
1,Ga jelass.. susah
5,"Biar di respon sama pihak IT nye. Ini aplikasi kurang membantu sekarang, jadi serba susah. Tolong dong perbaiki lagi. Kalo memang masih maintenance. Beri pemberitahuan. Dan tolong pihak terkain kalian Aktif Respon Kritikan masyarakat jangan diem aja."
5,Mantap
2,Awalnya bisa. Sekarang login susah. Ujung-ujungnya buka pakai browser juga.
1,"Jgn di download Tidak bisa log in NPWP dan pasword sudah benar, log in pakai web lancar"
5,ok sangat membantu dan mudah penggunaanya dengan adanya app ini
5,Mantaap
1,Mohon setiap kantor pajak menyediakan fasilitas foto copy. Dan bila perlu semua pegawai pajak itu ganti aja sm pegawai bank BCA agar tau cara melayanin orang.
1,Tdk bisa daftar berkali2 gagal aplikasi ny blm sukses
2,Kalau malam kenapa susah bgt masuk aplikasi ini.... apakah dia sedang tidur...
3,Saya juga tidak bisa login password dan nomor NPWP sudah benar. Gimana ini solusinya?? Aplikasinya sama sekali tidak membantu
1,Saya mau minta efin saya lagi tp pas saya masukin npwp salah. Padahal itu no npwp udah bener. Gimana ini???
5,Saya lapor nya langsung dan cepat
5,Mantap
2,pegawai pajak mukanya asem.. mereka lupa darimana asal duitnya mereka bisa gajian .. ya dari rakyat yg bayar pajak tp perlakuanya naudzubillah
5,dicoba
1,Mau nya online ..jaringan nya lemooot ..payaaah
1,app ini lemooooot dan bermasalaaaaaah
5,Bayar pajak dong
5,Aplikasinya mantap👍👍
5,Mantap
5,Bagus
1,"Ngga bisa login lewat apk padahal bisa login lewat web, harusnya apk kan mempermudah"
2,Awal nya sangat membatu... Habis itu mau login lagi gak bisa... Pdhl no npwp dan pswrd sudah benar🥲🥲 mau bayar pajak ajja susah amat ya... Klw bisa jangan dipersulit... Dimudah kan saja semua nya... Semua sudah serba online... Gak perlu kan antri dtg ke kantor pajak...
1,Apk nya nyusahin. Mau login bilangnya npwp sm sandi salah. Gila.
5,I thank you Google
1,"Disini gagal login dengan alasan no npwp tidak sesuai dengan pasword, padahal via web lancar² aja"
1,Ketika login d teken masuk malah diam aja 🤔
2,"Knpa login di web bisa,pas di aplikasi selalu error no NPWP dan paswordnya salah🤦‍♂️🤦‍♂️🤦‍♂️,tolong segera diperbaiki"
1,ribet amat lah masih harus ke kantor cabang ngapain musti adain online.. mau aktivasi NPWP ja susah. cobalah untuk dapatin Efin secara ONLINE. kalo harus datang ke kantor ngapain cape secara online
1,Jangan di download..aplikasi ini hanya portal k web npwp online
5,Sangat Bagus
1,Login bermasalah terus
1,NPWP tidak valid gmn y bung?
1,Berkali2 ga dapat kode verifikasi via emailnya... harus diperbaiki lagi kayanya aplikasi nya...
5,Bagus
1,Ternyata banyak yg sependapat dengan saya
5,Semoga membantu WP
1,Daftar akun pengguna baru selalu error. Aplikasi ngak bisa digunakan
1,"Makanya banyak yg ngasih bintang 1, ternyata bener,, ga bisa login. 😖"
1,Sumpah yh saya sudah minta aktivasi email berkali kali ga ada yg masuk bikin kunjunga pajak setiap klik tanggal nya selalu ga bisa eror balik ke semula apa lagi dateng langsung ga bisa trus gua harus gmn npwp nya
1,"Saya tidak bisa login padahal NPWP dan password saya sudah benar, koneksi aman. Tolong diperbaiki"
1,"Tiap k kpp , pegawei nya cuek dan terkesan mengusir dengan cara suruh daftar online pdhal saya k sana karna dapat rujukan dr surat pemerintah dan memang saya pemula terkait npwp butuh bantuan !!!! Setelah bolak balik skrng buat efin pun d persulit !!!! Lalu bagaimana jika saya terkena denda akibat lalai? Padahal yg mempersulit adalah petugas pajak !!!!!!!!!!!!!"
3,Akan lebih bagus lagi apabila bisa untuk lapor SPT tahunan
1,"Aplikasinya tidak membantu. Proses verivikasi sangat lama, masa kalah sama aplikasi pinjol"
1,Mungkin aplikasinya lg lelaaaaahhhh.....jd ga bisa digunakan
1,Katanya bayar pajak lapor pajak itu mudah... nyatanya juga sulit... gak tau lah mesti ngomong apa..
1,"Aplikasi ampas, udah masukin semua bener masih aja salah"
5,Mantaf
5,Alhamdulillah
1,"Masukkan no token selalu gagal,,,,,ga tau kenapa"
5,"Semoga, orang Awam seperti saya Makin Mudeng😂"
5,Bagus
4,Siip keres
1,Ribet
1,Susah login karna ada otp dikirim ke email... Sementara di email tidak ada terima otp dari mpajak.... Segera benahi...
1,Ni apk maksudnya gmana sii.. sruh login pke No NPWP tpi kolom nya nggk muat. Yang bner lah klo buat apk. Herannn
1,No NPWP udah bener paswword udah bener tetep gak bisa masuk. Tlg di perbaiki
1,"Login nya lama bgt, buang buang waktu. Tolong dibenahi."
1,"Tolong diperbarui dong, saya ga bisa login. Thx"
1,"Kalo belom bisa menyempurnakan pelayanan via aplikasi seluler, jangan sok buat aplikasi, masa gak bisa masuk katanya nomor NPWP sama password salah, padahal di Website nya sukses terus login nya"
3,"Setelah update ko enggak bisa masuk, sekali masuk kode verifikasi enggak masuk masuk ke email"
1,"Susah login, susah cara penggunaan Mau bayar aj sulit"
1,Sulit loginnya..
1,"Kok ga bisa login yah, padahal NPWP & PASWORD sudah bener semuanya"
1,Pakai versi lama dan sudah bisa online setelah update versi terbaru malah gak bisa log in..malah di bilang nomor NPWP salah dan pin salah...hadeh bukannya makin bagus malah tambah parah udah gitu lelet lagi...gak seperti versi lama.
1,Ini aplikasi rusak ya?? Langsung uninstall..
1,"Capsah salah terus padahal sudah benar ditulisnya. Orang mau buat malah dipersulit dengan capsah"" begitu."
1,Oh iya saatini masih gak bisa diajses buat daptar via imail ya...
5,I like
1,"Gak bisa login, dgn keterangan NPWP atau Kata sandi yang anda masukkan tidak sesuai. Aneh, padahal lewat web bisa login.. dah coba berkali tetap saja gak bisa login.."
1,Aplikasi hari ini sedang bermasalah....
5,Ooke banget
2,Berkali kali nunggu email verifikasi tidak ada. Sedangkan kalo jadi website djp online langsung terkirim
5,Mantap. Tapi sayang sekali sudah tidak bisa di gunakan. Mungkin dalam masa perbaikan.
5,bagus dan mantap
1,"Nomor NPWP dan password sudah sesuai, tp ditolak/tidak valid. Ini aplikasi yang buat anak IT dengan status MAGANG kali ya..."
1,Sebaiknya pemerintah lebih memberikan pemantauan merata terhadap karyawan pajak. Terutama area KPP Painan IV JURAI. Karena tidak perah saya temukan pelayanan seperti itu di Jakarta. Benar benar merugikan kami para pengusaha. Kesannya seperti kami yang butuh banget dengan pajak. Sedangkan pajak ini adalah aset utama negara. Saya harap. KPP pusat melakukan tindakan lebih lanjut akan hal ini. Agar karyawan gak seperti NANTANGIN seperti itu. Pelayanan publik di Indonesia bisa edukasi dg baik
5,Mantap
1,"lama banget loading masuk nya kata sandi semua udah bener email juga bener, tolong benerin dong saya yg mau bayar pajak kok saya yg ribet,tolong benerin nanti tak kasih bintang 5"
1,"Kirim kode Verifikasi login ga bisa-bisa, mau bayar gimana??"
5,Oke
4,Trus update biar lebih mantap
1,"Gk bisa login giliran bisa nunggu kode verifikasi nympai jenggotan gk datang2, Nyangkut dimana yaaaaa???"
1,"Ribet jirrr, kmana2 masuk harus pake EFIN tpi EFIN itu apa gk dijelasin n cara dapetnya pun gk dijelasin... Apk pemerintah ancuuuuuuuurrrrr"
5,"Gimana nggak keren, urusan Perpajakan sekarang udah bisa Kita lakukan lewat M-Pajak. 😎✊"
2,Mau login susah nya selalu salah nmr npwp dan pasword ber ulang2 gimana mau bayar pajak nya Pak aplikasinya gak bisa di akses
1,"Sudah beberapa kali meminta kembali kode verifikasi yg dikirim lewat email, smpai sekarang tidak masuk juga pesannya, sdh dicek dispam dan folder lainnya juga tidak ada."
5,👍
5,Sangat membantu
1,"Ini aplikasi bisa di gunakan gak sih, login di DJP Online web masuk. Dipakai di aplikasi ini malah salah terus katanya. Playstore google tolong ini aplikasi crash di hapus saja dari daftar playstore, nyusahin saja ini."
3,"Sudah login beberapa kali, tetap saja gak dapet kode Verifikasi yg dikirim via email"
2,Validasi datanya gimana si?
1,Aplikasi Tidak mempermudah.
1,"Sayang uang pajak dipakai buat aplikasi kaya gini, ga guna Padahal udah masukan no npwp dan password yg bener Tetap saja no npwp atau password salah Admin jawab itu knpa"
5,Oke
5,Bagus
5,Sangat bermanfaat
1,masuk ke menu pas klik profil malah force close Mulu....huft
1,"Ribet,ujung2nya harus ke kantor pajak jg.....unistal"
3,untuk step 2 pas validasi data gk bisa ya?? Itu knp yaa??
2,"Ngga bisa login lewat aplikasi padahal udah daftar lewat online di web, udah terverifikasi juga . Gimana coba?"
1,"Udah masukin no npwp dan password yg benar tetap aja salah. Udah,di ganti mau login lagi tetap aja salah.,aplikasi pemerintah paling kacau. Di korupsi sihh"
5,Good
1,Kode verifikasi g masuk2
5,Ok
4,Ok
1,Jelek
5,"Terimakasih.., semoga kedepan makin meningkat manfaatnya."
5,mantap
5,Aplikasi bagus
5,Ok
5,Okkk
4,"Bingung😔, kenapa aplikasinya sulit di download yaa"
5,Bagus
1,"Bug di plihara, plihara kambing, susah amat mau login gak di kirim2 kode Verifikasi nya"
1,Kenapa saya gak bs login via aplikasi ini sedangkan login di website resmi nya bisa? Selalu salah npwp dan password katanya.
5,Ok. Sayang bikin pusing
5,Terimakasih pajak
5,Ok..
3,Nunggu kode verifikasi ga msk2 pdh udh dicoba berkali2 tp ga da emai yg msk udh d cek d folder laen ga da jg.....
1,"sebenernya membantu,hanya banyak kekurangan,salah satunya login via email,ditunggu2 kodenya ngga nongol2"
1,"Aplikasi terburuk Bukannya mempermudah malah ujung2 nya harus ke kantor pajak nya langsung Karena di web nya banyak bug seperti: Loading saat Validasi lama... Dan nik tidak ditemukan di dukcapil Padahal saya daftar BPJS/buka rekening online lancar² aja ,ni yang buat situsnya kaya GK niat sumpah"
3,Pengembang aplikasi ini gimana ya mau login email verifikasinya kok ngga terkirim terus ya tolong di respon
5,꧁ϻᴏe꧂ saya tidak menerima email kode verifikasi untuk login
5,Dicoba dulu semoga berhasil
1,"Ga bisa login,, tapi kalau login di browser bisa,, aneh banget.."
5,Good
5,Oke mantap
5,👍
5,bagus
3,Kenapa ya stiap saya masuk ke akun ga bs2 apa lg eror..
2,"Mau d registrasi kok,efin nya belum verifikasi trus"
5,Ok
1,Kenapa kok tidak bisa masuk di akun ya
1,"validasi NIK gagal, Kategori WP tidak sesuai. Data Kependudukan jenis kelamin Perempuan dan Status Kawin, namun Kategori Wajib Pajak Orang Pribadi. . Gak jelas"
1,"Gak pengen update lagi bos? Sekelas developer pemerintah, model beginian aplikasinya? Mau lihat profil aja gak bisa. Blm lgi yg lain."
1,"Apk nya engga jelas keluar sendiri mulu padahal pencet profil tiba tiba keluar sendiri ,, apk yang bener bener npwp yang mana plis"
5,"Apk sampah login gabisa, masa di link bisa di apk ini gabisa, jangan download syg kuota apk sampaah!!!"
1,"Maaf ini email baru buat tapi kok katanya sudah pernah mendaftar ?, ke kantor pajak katanya suruh online , aplikasinya aja seperti ini gimana mau online , saat ini bintang 1 dulu karena aplikasinya sangat mempersulit untuk orang awam"
1,Email akvifasi saya kenapa belum dikirim
3,Oke
4,Bintang 4 aja dulu... Karena sya masuk lewat WEB bisa masuk lewat aplikasi ini ndk bisa..aneh
1,"Aplikasi apa ini gak jelas amat... E-KTP terdaftar didukcapil giliran KK bisa gak terdaftar,,!!??padahal kalau kita mau ngurus E-KTP kan harus ada KK ... Baguslah jadi gak perlu lagi aq bayar pajak syukur2 semua pajakku yg lain2 juga digratiskan .. Tq..."
5,"bintang full karena petugas djp semua sangat ramah & sedikit pun tidak di pungut biaya, terimakasih petugas djp 🙏🙏🙏"
5,Blm coba
4,Semoga kedepan bisa pengisian dan pelaporan spt 1770 dan ppn dalam satu aplikasi ini saja
5,Ok
5,Top
1,"Inikah aplikasi negara yang amburadul, masa mau ligin aja gak bisa, no npwp dan pswd sdh benar, daftar ulang katanya npwp sdh ada, ubah pswd sudah, terahir minta email aktivasi sudah aktif juga, gitu login lg d aplikasi katanya npwp n pswd salah. Aplikasi apaan ini? Gak guna"
4,Kenapa d aplikasi gak bisa login sedangkan d web bisa ya
5,Sangat mudah untuk mndapat kn ebiling
1,Kenapa saya tidak dapat membuat kode billing ? Pada menu Jenis pajak dan Jenis Setoran tidak dapat di tekan.
1,Bintang 1 dlu.... usul.... utk di tampilkan menu2 kewajiban kami agar lebih mudah dan lebih taat pajak
1,Tetep aje ribet.. 😌
1,"Coba dimudahkan utk mendapatkn e-fin, jd gk mesti harus ke kpp lg,, klw dimudahkan, dijamin dah kita"" nhi rajin byr pajak"
1,"Gk kongkrit bener tetep ajah harus ke kantor pusat minta si Upin Ipin nya,"
5,Bayar pajak gampang gasssss
5,Sangat bagus
1,"Kirim aja Nomor EFIN lewat email , ngapain ribet harus kekantor pajak .. ampun ampun ada yang simpel masih aja pake yang ribet ."
3,"Bagus sudah ada E- billing, cuma keterangan kode bayar buat orang awam masih membingngungkan.musti telepon dulu ke kantor pajak Lebih bagus lagi jika di kasih fitur faktur pajak, bupot PPH dll. Lebih memudahkan kita bayar pajak. Saya mau bayar pajak aja ribet, padahal kita mau kasih duit buat pemerintah, tapi masih aja susah. Gimana mau maju negara ini 🤦"
5,Simple dan bermanfaat
1,"Mohon bantuannya,,aku mau daftar buat NPWP"
1,ah link pendaftaran gak bisa di akses
1,Login gagal. Coba login melalui website bisa. Aplikasi tidak berfungsi
3,good
4,Lupa username dan password
5,Biar lancar sy kasih bintang lima aj
5,Bagus
5,goood
4,Perbaiki lagi
1,"E reg npwp kok minta no npwpnya, ya belum adalah kan baru mau di urus🤦😀"
5,Ok
5,Ok
4,Nice
1,"Mau daftar malah di suruh ke browser, validasi data aja 1 jam GK selesai""..era digital gini amat"
1,"Aplikasi macam apa ini loading banget.. trus gk masuk"" mohon d perbaiki"
1,"gak bisa masuk asum buang2 baterai daya 100 persen jadi 60 lgsung mbulet ke google gmail chrome ke djp lagi, ke chrome google web bisa masuk,apk nya sendiri gak bisa, malah dipersulit terus, telek lah"
1,Gak bisa masuk....
1,Saya sudah sering daftar melalu chrome tapi ga ga bisa terus. Ada apa dengan link djp online?
5,Sangat membantu pengusaha
5,Mantap
1,"Parah tdk bisa loging padahal npwp dan Password betul kok tdk bisa loging,klw bisa perbaiki dulu permasalahan ini."
1,Login di apk ini .semua serba salah .padahal pasword sudah sesuay Aneh Saya coba login lewat crom masuk bagus . ini akun tipu tipu kaya nya
1,"Parah banget daftar selalu gagal NPWP bener efin bener tapi gagal terus, kalo blum bagus lbh baik di tutup dulu."
5,Agak ribet
2,Susah di download
5,Sangat baik
3,"Dear Admin Developer, kenapa nama jalan & dusun di E-NPWP beda dengan NPWP yg didapatkan dari print di KPP Pratama ya?"
1,Kenapa dah. Cuman mau ngecek profil aja tiba2 suka out sendiri
2,Gagal cetak pdf. Url tidak valid?
5,Bagus mudah
4,Ok
1,"Tiap mau login selalu gagal, Kalau login lewat web selalu berhasil 😣😫"
3,Susah bukanya
1,- Lihat info di website pajak mengenai m-pajak. - instal di google play - login sampai 3 x nggak bisa-bisa - baca ulasan disini - uninstal aplikasi
1,"Parah, g bisa login gw, padahal NPWP terdaftar di kpp dan password sudah bener, masi aja salah... Mohon ditingkatkan lagi kualitas aplikasi nya, malu, sekelas aplikasi plat merah malah jelek begini bosss..."
1,"Mau login lewat aplikasi enggk bisa, tpi login lewat browser status nya di terima , mau minta token enggk bisa di pencet"
1,EFIN ? gak ada yg lebih muadah lagi?
5,Mantap
1,Lambat respon
5,Baik
1,Tidak dapat login
5,Tingkatkan lagi perpirma aplikasinya
5,Good aplilasi
1,"Payah GK bisa login dikantor sudah aktif dan bisa digunakan tapi diaplikasi nya GK bisa apa"" dan login akun NPWP yg terdaftar dikata salah ulangi kembali padahal sudah sesuai yg didaftarkan dikpp"
2,Kenapa gak bisa buka profil kita sendiri ya ? Tiap buka tiba2 keluar app..
1,Ini system' gimana sih kok ribet bgt daftar ajh susah malah kena ban . Daftar di Webb nge bug Mulu . Kerja woyyy jgn anggran nya doang gede
1,"Mohon di tingkatkan , Untuk daftar NPWP baru masih harus ke Browser,dan Validasi data hanya Loading Berjam jam.."
5,Cepat dan tepat penggunaan applikasi djp online
4,"Sayang banget cuma utk buat e billing saja, utk lapor spt tdk bs"
4,Mungkin perlu ditingkatkan agar ada menu untuk laporan spt tahunan
1,"Masih kurang representative, seharusnya ketentuan/aturan yg muncul disajikan lebih detail jangan cuma judul doang, atau dikasih menu download, mungkin menu update profil dari aplikasi jangan dengan map, sebaiknya ada kolom untuk menuliskan alamat"
5,Kapan pajak d bebaskan
5,Mantap sangat membantu
2,"Bisa login lewat web,, giliran d aplikasi NPWP sama sandi gk cocok kata nya 🥴🥴"
1,GAGAL LOGIN
4,Gimna cara memberhentikan pajak ini pdahal saya tidak ada mendaftar nya
1,Aplikasi yg belum siap...!!!
5,Good
3,"Di browser bisa login,kenapa di aplikasi tidak bisa ya?"
1,Kenapa Mau masukan Jenis Pajak dan Masa pajak susah sekali
5,Ok
1,Susah sekale perpajakan kita epribadeh
2,"Sy log-in kok ngak bisa ya, padahal di browser bisa, apakah bisa di bantu"
1,"Ini gimana cara loginnya? Saya bisa login melalui website tapi di aplikasi tidak bisa, apa database di aplikasi dan website berbeda?"
3,"Sudah mempunyai akun dan pengisiannya juga sama, akan tetapi masih salah terus. Mohon bantuannya"
2,Aplikasi msh blm sempurna. Buat lihat profil tiba2 keluar / menutup sendiri. Tolong di perbaiki.
5,Sangat membantu
5,Bagus sekali
1,Cape2 isi data. . Nunggu validasi kelamaan . . . Ajimmmmvapk xa nih
5,Lebih mudah buat ebilling pajak
1,Ga bisa login dengan alasan npwp tidak terdaftar. Ngaco ahh
5,Bapak / Ibu bagaimna cara mengganti kategori pendaftaran.pajak badan menjadi pajak pribadi.
1,Knp harus ttp k kntor klo ada aplikasi online.. tidak efisen
5,Bagusss banget Aplikasi ini bisa membantu Rakyat indonesis untuk Membayar Pajak.
5,Bisa gak klo liat tagihan saya
5,"bagus membantu,daftar gampang dan sekarang sudah di cetak dan jadii"
3,Maaf min kenapa opsi jenis pajak tidak bisa dipilih? Apakah karena eror sistem
5,Yuk terus dikembangkan
1,"Maaf sy mau isi jenis pajak, jenis setoran dll kok tidak bisa ya, diklik gak muncul pilihannya..."
3,Semoga bisa mendaftar dan bisa mempelajarinya.
1,Susah ya punya NPWP. Apa karena pekerja lepas dan tidak kena pajak jadi ditolak terus hehe
2,"Belum mengerti saya dg aplikasi ini, buat apa ya?"
4,Ok
4,Baik
5,aGus suparru republik
1,instal ya lama bgt ya.kenapa ya
1,"Saya sdh buat e billing melalui aplikasi ini, setelah klik kode billing kenapa tdk muncul download ringkasannya, kenap?"
5,"Saya suport penuh ni aplikasi walau perfomanya masih belum sebaik versi web, Tolong segera di update agar kami bisa segera menikmati layanan mobile ini."
5,Mantap kali ini😍😍😍
5,"Bagus banget. sudah lama saya memimpikan aplikasi android dr pajak. buat billingnya pun cuma sekali tekan, tdk perlu capca jg. Saran : 1. Kode billing bs didownload dalam bentuk pdf atau gambar. 2. Ada menu transaksi favorit. Agar tdk bingung pembayaran yg sama tiap bulannya(umkm) 3. Ada semacam virtual asistent kayak samsung. Wah pasti banyak yg bakal download. Mungkin si Viska dr e-learning bs tuh. 4. Kode billing yg sdh dibuat bisa dilihat kembali, jd tdk perlu bikin lagi. Tetap semangat...."
5,"Aplikasi resmi dari DJP, user friendly dan berguna untuk wajib pajak. Memudahkan pembuatan ID Billing untuk penyetoran pajak"
2,Susah login nya.. Padahal npwp saya Dan kata Sandi saya sudah benar... Tolong segera diperbaiki agar dapat mempermudah pengguna...
5,Bagus
2,Gak bisa login padahal npwp dan password sudah benar... mau bt E-billing...nanti jika sudah bisa login akan di tambahin lagi * nya...
5,Srmoga kedepan bisa ada fitur lapor SPT dan edit profile..biar lebih mudah...untuk sementara sih cma bisa liat aja..
5,Ok
5,Fungsi
4,Nice
5,"Ga bisa bikin billing, pada pilihan isian ga ada pilihan. mohon bantuannya admin."
5,is good
1,Sering error saat bikin pajak menu JENIS PAJAK dan JENIS SETORAN (Tidak bisa di KLIK)
5,"Terimakasih DJP, Aplikasi ini sangat membantu Wajib Pajak"
1,Susah masuk
2,Susah x buat log-in udah beberapa x di coba
5,Mantappp
5,Sangat bermanfaat
5,Mudah digunakan
5,Sangat membantu
5,Biar seneng dan lancar
2,kenapa ngak bisa di isi kolom jenis pajaknya..??
3,apakah pendaftaran NPWP bisa lewat online !
1,Mau bikin biling pilihan pajak sama pilihan setoran tidak mau muncul tolong diperbaiki
3,Mau login kok pasword salah terusya Padahal udah sesuai
4,"Kalo memungkinkan, ada menu antri utk konsultasi langsung di kpp, pengganti aplikasi kunjung pajak, terima kasih"
5,"Semoga ke depannya ada fitur lapor SPT 1770 sehingga baik karyawan/ pengusaha bisa lapor lewat handphone masing-masing. Terkoneksi dengan layanan uang digital sehingga billing terbentuk bisa langsung dibayar tanpa perlu pindah ke platform aplikasi lain. Agar slogan ""pajak dalam genggaman"" jadi nyata. Amiin."
5,Mantap
5,Sangat membantu wajib pajak. Keren👍👍
5,Mantap
5,"Lumayan canggih aplikasinya, cuma belum bisa bayar sekalian di aplikasi! Terbantu karena sekarang tidak menggunakan aplikasi chrome!"
5,Mantap
1,ketika klik profil aplikasi langsung tertutup dan keluar
5,"tampilannya bagus banget, moga kedepannya makin banyak fitur yg bisa diakses, seperti lapor SPT, pemberitahuan Norma, PP 23 dll semangat terus dalam berkarya DJP"
5,Mempermudah pembayaran pajak
5,Top
5,Mantap..semoga konsisten dan lebih baik lagi.
5,Kereeen DJP 👍🏻
5,Mantap. Very helpfull👍
5,Kereeeeennnnn
5,Aplikasi yg menarik. Mg kedepan dapat konsisten di update.
5,Semoga mempermudah dalam melaksanakan kewajiban perpajakan
5,Good
5,"Mantappp, terus kembangkan"
5,top. semoga kedepan utk wp usahawan bisa muncul notif tiap bulan utk diingatkan bayar pph
5,Lanjutkan
5,Sangat membantu
5,😍😍
2,Masih blm bagus
5,"Tolong dibuat multiple npwp untuk badan, bisa cek status laporan pajak dan download BPE"
1,mencari lokasi kpp terdekat datanya banyak salah.
5,Lebih memudahkan kami untuk membayar pajak
5,Semoga kedepannya fitur yang disediakan semakin banyak
5,mantap
5,Semoga bermanfaat
5,GOOD
5,Mantap
5,Aplikasinya luar biasa
5,Bagus
2,"Mungkin jika sdh jadi bagus, bisa gantikan djponline..Kalo skrg, verifikasi email saja tidak datang2 kodenya.."
5,top..
5,Muannntapppp
5,"Mantabb , kerenn . Terus tingkatkan!"
5,Mudah bgt sekarang
5,Waw keren
5,"Mantab, ini yg resmi ya ?"
5,Buat billing jadi lebih mudah 😍 semoga fitur fitur lainnya segera muncul juga di aplikasi ini 🤙
5,Cakepp
